age,genre,revenu_mensuel,statut_marital,departement,poste,nombre_experiences_precedentes,annee_experience_totale,annees_dans_l_entreprise,annees_dans_le_poste_actuel,nombre_participation_pee,nb_formations_suivies,distance_domicile_travail,niveau_education,domaine_etude,frequence_deplacement,annees_depuis_la_derniere_promotion,annes_sous_responsable_actuel,satisfaction_employee_environnement,note_evaluation_precedente,niveau_hierarchique_poste,satisfaction_employee_nature_travail,satisfaction_employee_equipe,satisfaction_employee_equilibre_pro_perso,note_evaluation_actuelle,heure_supplementaires,augementation_salaire_precedente,montant_augmentation_precedente,inertie_poste,revenu_par_niveau,satisfaction_globale,satisfaction_min,satisfaction_max,performance,hs_et_salaire_bas,jeune_faible_anciennete,serial-worker,poste_x_niveau,formations_par_an,part_sans_promotion
41,F,5993,Célibataire,Commercial,Cadre Commercial,8,8,6,4,0,0,1,2,Infra & Cloud,Occasionnel,0,5,2,3,2,4,1,1,3,Oui,11.0,594,0.667,2996.49,2.0,1,4,0,0,0,1,Cadre Commercial | N2,0.0,0.0
49,M,5130,Marié(e),Consulting,Assistant de Direction,1,10,10,7,1,3,8,1,Infra & Cloud,Frequent,1,7,3,2,2,2,4,3,4,Non,23.0,959,0.7,2564.99,3.0,2,4,2,0,0,0,Assistant de Direction | N2,0.273,0.1
37,M,2090,Célibataire,Consulting,Consultant,6,7,0,0,0,3,2,2,Autre,Occasionnel,0,0,4,2,1,3,2,3,3,Oui,15.0,273,0.0,2089.98,3.0,2,4,1,1,0,1,Consultant | N1,3.0,0.0
33,F,2909,Marié(e),Consulting,Assistant de Direction,1,8,8,7,0,3,3,4,Infra & Cloud,Frequent,3,0,4,3,1,3,3,3,3,Oui,11.0,288,0.875,2908.97,3.25,3,4,0,1,0,0,Assistant de Direction | N1,0.333,0.375
27,M,3468,Marié(e),Consulting,Consultant,9,6,2,2,1,3,2,1,Transformation Digitale,Occasionnel,2,2,1,3,1,2,4,3,3,Non,12.0,372,1.0,3467.97,2.5,1,4,0,0,1,1,Consultant | N1,1.0,1.0
32,M,3068,Célibataire,Consulting,Consultant,0,8,7,7,0,2,2,2,Infra & Cloud,Frequent,3,6,4,3,1,4,3,2,3,Non,13.0,353,1.0,3067.97,3.25,2,4,0,0,0,0,Consultant | N1,0.25,0.429
59,F,2670,Marié(e),Consulting,Consultant,4,12,1,0,3,3,3,3,Transformation Digitale,Occasionnel,0,0,3,4,1,1,1,2,4,Oui,20.0,445,0.0,2669.97,1.75,1,3,0,1,0,0,Consultant | N1,1.5,0.0
30,M,2693,Divorcé(e),Consulting,Consultant,1,1,1,0,1,2,24,1,Infra & Cloud,Occasionnel,0,0,4,3,1,3,2,3,4,Non,22.0,486,0.0,2692.97,3.0,2,4,1,0,1,0,Consultant | N1,1.0,0.0
38,M,9526,Célibataire,Consulting,Tech Lead,0,10,9,7,0,2,23,3,Infra & Cloud,Frequent,1,8,4,2,3,3,2,3,4,Non,21.0,1653,0.778,3175.32,3.0,2,4,2,0,0,0,Tech Lead | N3,0.2,0.111
36,M,5237,Marié(e),Consulting,Manager,6,17,7,7,2,3,27,3,Transformation Digitale,Occasionnel,7,7,3,3,2,3,2,2,3,Non,13.0,602,1.0,2618.49,2.5,2,3,0,0,0,1,Manager | N2,0.375,1.0
35,M,2426,Marié(e),Consulting,Consultant,0,6,5,4,1,5,16,3,Transformation Digitale,Occasionnel,0,3,1,4,1,2,3,3,3,Non,13.0,279,0.8,2425.98,2.25,1,3,-1,0,0,0,Consultant | N1,0.833,0.0
29,F,4193,Célibataire,Consulting,Consultant,0,10,9,5,0,3,15,2,Infra & Cloud,Occasionnel,0,8,4,2,2,3,4,3,3,Oui,12.0,449,0.556,2096.49,3.5,3,4,1,1,0,0,Consultant | N2,0.3,0.0
31,M,2911,Divorcé(e),Consulting,Assistant de Direction,1,5,5,2,1,1,26,1,Infra & Cloud,Occasionnel,4,3,1,3,1,3,4,2,3,Non,17.0,423,0.4,2910.97,2.5,1,4,0,0,0,0,Assistant de Direction | N1,0.167,0.8
34,M,2661,Divorcé(e),Consulting,Consultant,0,3,2,2,1,2,19,2,Transformation Digitale,Occasionnel,1,2,2,3,1,4,3,3,3,Non,11.0,264,1.0,2660.97,3.0,2,4,0,0,0,0,Consultant | N1,0.667,0.5
28,M,2028,Célibataire,Consulting,Consultant,5,6,4,2,0,4,24,3,Infra & Cloud,Occasionnel,0,3,3,2,1,3,2,3,3,Oui,14.000000000000002,249,0.5,2027.98,2.75,2,3,1,1,0,1,Consultant | N1,0.8,0.0
29,F,9980,Divorcé(e),Consulting,Tech Lead,1,10,10,9,1,1,21,4,Infra & Cloud,Occasionnel,8,8,2,4,3,1,3,3,3,Non,11.0,989,0.9,3326.66,2.25,1,3,-1,0,0,0,Tech Lead | N3,0.091,0.8
32,M,3298,Divorcé(e),Consulting,Assistant de Direction,0,7,6,2,2,5,5,2,Infra & Cloud,Occasionnel,0,5,1,4,1,2,4,2,3,Oui,12.0,353,0.333,3297.97,2.25,1,4,-1,1,0,0,Assistant de Direction | N1,0.714,0.0
22,M,2935,Divorcé(e),Consulting,Consultant,1,1,1,0,2,2,16,2,Transformation Digitale,Aucun,0,0,4,4,1,4,2,2,3,Oui,13.0,338,0.0,2934.97,3.0,2,4,-1,1,1,0,Consultant | N1,1.0,0.0
53,F,15427,Marié(e),Commercial,Senior Manager,2,31,25,8,0,3,2,4,Infra & Cloud,Occasionnel,3,7,1,2,4,4,3,3,3,Non,16.0,2128,0.32,3856.74,2.75,1,4,1,0,0,0,Senior Manager | N4,0.115,0.12
38,M,3944,Célibataire,Consulting,Assistant de Direction,5,6,3,2,0,3,2,3,Infra & Cloud,Occasionnel,1,2,4,3,1,4,3,3,3,Oui,11.0,391,0.667,3943.96,3.5,3,4,0,1,0,1,Assistant de Direction | N1,0.75,0.333
24,F,4011,Divorcé(e),Consulting,Tech Lead,0,5,4,2,1,5,11,2,Autre,Aucun,1,3,1,4,2,3,4,2,3,Non,18.0,612,0.5,2005.49,2.5,1,4,-1,0,0,0,Tech Lead | N2,1.0,0.25
36,M,3407,Célibataire,Commercial,Représentant Commercial,7,10,5,3,0,4,9,4,Infra & Cloud,Occasionnel,0,3,3,2,1,1,2,3,4,Non,23.0,637,0.6,3406.97,2.25,1,3,2,0,0,1,Représentant Commercial | N1,0.667,0.0
34,F,11994,Célibataire,Consulting,Directeur Technique,0,13,12,6,0,4,7,4,Infra & Cloud,Occasionnel,2,11,1,3,3,2,3,3,3,Non,11.0,1189,0.5,3997.99,2.25,1,3,0,0,0,0,Directeur Technique | N3,0.308,0.167
21,M,1232,Célibataire,Consulting,Assistant de Direction,1,0,0,0,0,6,15,2,Infra & Cloud,Occasionnel,0,0,3,3,1,4,4,3,3,Non,14.000000000000002,151,0.0,1231.99,3.5,3,4,0,0,1,0,Assistant de Direction | N1,6.0,0.0
34,M,2960,Célibataire,Consulting,Assistant de Direction,2,8,4,2,0,2,6,1,Transformation Digitale,Occasionnel,1,3,2,3,1,1,3,3,3,Non,11.0,293,0.5,2959.97,2.25,1,3,0,0,0,0,Assistant de Direction | N1,0.4,0.25
53,F,19094,Divorcé(e),Consulting,Senior Manager,4,26,14,13,1,3,5,3,Autre,Occasionnel,4,8,3,3,5,3,4,2,3,Non,11.0,1892,0.929,3818.79,3.0,2,4,0,0,0,0,Senior Manager | N5,0.2,0.286
32,F,3919,Célibataire,Consulting,Assistant de Direction,1,10,10,2,0,5,16,1,Infra & Cloud,Frequent,6,7,2,1,1,1,2,3,4,Oui,22.0,707,0.2,3918.96,2.0,1,3,3,1,0,0,Assistant de Direction | N1,0.455,0.6
42,M,6825,Marié(e),Commercial,Cadre Commercial,0,10,9,7,1,2,8,4,Marketing,Occasionnel,4,2,3,3,2,2,4,3,3,Non,11.0,676,0.778,3412.48,3.0,2,4,0,0,0,0,Cadre Commercial | N2,0.2,0.444
44,F,10248,Marié(e),Consulting,Manager,3,24,22,6,1,4,7,4,Transformation Digitale,Occasionnel,5,17,1,2,3,4,4,3,3,Non,14.000000000000002,1259,0.273,3415.99,3.0,1,4,1,0,0,0,Manager | N3,0.174,0.227
46,F,18947,Célibataire,Commercial,Senior Manager,3,22,2,2,0,2,2,4,Marketing,Occasionnel,2,1,2,3,5,1,4,2,3,Non,12.0,2030,1.0,3789.39,2.25,1,4,0,0,0,0,Senior Manager | N5,0.667,1.0
33,M,2496,Célibataire,Consulting,Consultant,4,7,1,1,0,3,2,3,Transformation Digitale,Occasionnel,0,0,3,3,1,4,4,3,3,Non,11.0,247,1.0,2495.98,3.5,3,4,0,0,0,0,Consultant | N1,1.5,0.0
44,M,6465,Marié(e),Consulting,Manager,2,9,4,2,0,5,10,4,Autre,Occasionnel,1,3,4,3,2,4,4,4,3,Oui,13.0,744,0.5,3232.48,4.0,4,4,0,0,0,0,Manager | N2,1.0,0.25
30,M,2206,Célibataire,Consulting,Consultant,1,10,10,0,0,5,9,2,Transformation Digitale,Occasionnel,1,8,4,2,1,3,1,3,3,Non,13.0,254,0.0,2205.98,2.75,1,4,1,0,0,0,Consultant | N1,0.455,0.1
39,M,2086,Marié(e),Commercial,Représentant Commercial,3,19,1,0,1,6,5,3,Entrepreunariat,Occasionnel,0,0,4,3,2,4,3,4,3,Non,14.000000000000002,256,0.0,1042.99,3.75,3,4,0,0,0,0,Représentant Commercial | N2,3.0,0.0
24,M,2293,Marié(e),Consulting,Assistant de Direction,2,6,2,0,1,2,1,3,Transformation Digitale,Occasionnel,2,0,2,3,1,4,1,2,3,Oui,16.0,316,0.0,2292.98,2.25,1,4,0,1,1,0,Assistant de Direction | N1,0.667,1.0
43,F,2645,Divorcé(e),Consulting,Assistant de Direction,1,6,5,3,2,3,2,2,Transformation Digitale,Occasionnel,1,4,4,4,1,3,4,2,3,Non,12.0,283,0.6,2644.97,3.25,2,4,-1,0,0,0,Assistant de Direction | N1,0.5,0.2
50,M,2683,Marié(e),Commercial,Représentant Commercial,1,3,3,2,0,2,3,2,Marketing,Occasionnel,0,2,1,2,1,3,3,3,3,Oui,14.000000000000002,329,0.667,2682.97,2.5,1,3,1,1,0,0,Représentant Commercial | N1,0.5,0.0
35,F,2014,Marié(e),Commercial,Représentant Commercial,1,2,2,2,0,3,2,3,Marketing,Occasionnel,2,2,4,3,1,4,1,3,3,Non,13.0,232,1.0,2013.98,3.0,1,4,0,0,0,0,Représentant Commercial | N1,1.0,1.0
36,F,3419,Marié(e),Consulting,Assistant de Direction,9,6,1,1,1,3,5,4,Infra & Cloud,Occasionnel,0,0,2,2,1,1,4,4,3,Oui,14.000000000000002,420,1.0,3418.97,2.75,1,4,1,1,0,1,Assistant de Direction | N1,1.5,0.0
33,F,5376,Marié(e),Commercial,Cadre Commercial,2,10,5,3,2,3,1,3,Infra & Cloud,Frequent,1,3,3,4,2,1,1,3,3,Non,19.0,858,0.6,2687.99,2.0,1,3,-1,0,0,0,Cadre Commercial | N2,0.5,0.2
35,M,1951,Divorcé(e),Consulting,Consultant,1,1,1,0,1,3,4,2,Autre,Occasionnel,0,0,3,3,1,4,3,3,3,Non,12.0,209,0.0,1950.98,3.25,3,4,0,0,0,0,Consultant | N1,1.5,0.0
27,F,2341,Divorcé(e),Consulting,Consultant,1,1,1,0,1,6,2,4,Infra & Cloud,Occasionnel,0,0,4,3,1,1,4,3,3,Non,13.0,269,0.0,2340.98,3.0,1,4,0,0,1,0,Consultant | N1,3.0,0.0
26,M,2293,Célibataire,Consulting,Consultant,1,1,1,0,0,2,25,3,Infra & Cloud,Occasionnel,0,1,1,1,1,3,3,2,3,Non,12.0,246,0.0,2292.98,2.25,1,3,2,0,1,0,Consultant | N1,1.0,0.0
27,M,8726,Célibataire,Commercial,Cadre Commercial,1,9,9,8,0,0,8,3,Infra & Cloud,Frequent,1,7,4,3,3,3,4,3,3,Non,15.0,1138,0.889,2908.66,3.5,3,4,0,0,0,0,Cadre Commercial | N3,0.0,0.111
30,F,4011,Célibataire,Consulting,Consultant,1,12,12,8,0,2,1,2,Transformation Digitale,Frequent,3,7,3,3,2,4,4,3,4,Non,23.0,750,0.667,2005.49,3.5,3,4,1,0,0,0,Consultant | N2,0.154,0.25
41,F,19545,Marié(e),Consulting,Directeur Technique,1,23,22,15,0,0,12,3,Entrepreunariat,Occasionnel,15,8,2,3,5,3,4,3,3,Non,12.0,2094,0.682,3908.99,3.0,2,4,0,0,0,0,Directeur Technique | N5,0.0,0.682
34,M,4568,Célibataire,Commercial,Cadre Commercial,0,10,9,5,0,2,23,4,Marketing,Aucun,8,7,2,3,2,3,3,3,4,Non,20.0,761,0.556,2283.99,2.75,2,3,1,0,0,0,Cadre Commercial | N2,0.2,0.889
37,M,3022,Marié(e),Consulting,Assistant de Direction,4,8,1,0,0,1,19,2,Infra & Cloud,Occasionnel,0,0,2,3,1,2,1,3,4,Non,21.0,524,0.0,3021.97,2.0,1,3,1,0,0,0,Assistant de Direction | N1,0.5,0.0
46,M,5772,Célibataire,Commercial,Cadre Commercial,4,14,9,6,0,4,5,4,Marketing,Frequent,0,8,1,3,2,4,3,3,4,Oui,21.0,1002,0.667,2885.99,2.75,1,4,1,0,0,0,Cadre Commercial | N2,0.4,0.0
35,M,2269,Marié(e),Consulting,Consultant,1,1,1,0,0,2,8,1,Infra & Cloud,Occasionnel,0,1,4,4,1,4,4,3,3,Non,19.0,362,0.0,2268.98,3.75,3,4,-1,0,0,0,Consultant | N1,1.0,0.0
48,M,5381,Célibataire,Consulting,Consultant,9,23,1,0,0,2,1,2,Infra & Cloud,Occasionnel,0,0,1,2,3,3,4,3,3,Oui,13.0,619,0.0,1793.66,2.75,1,4,1,0,0,1,Consultant | N3,1.0,0.0
28,M,3441,Célibataire,Consulting,Consultant,1,2,2,2,0,3,5,4,Entrepreunariat,Occasionnel,2,2,3,3,1,3,3,2,3,Oui,13.0,396,1.0,3440.97,2.75,2,3,0,1,1,0,Consultant | N1,1.0,1.0
44,F,5454,Divorcé(e),Commercial,Cadre Commercial,5,9,4,3,1,2,1,5,Marketing,Occasionnel,1,3,2,3,2,1,3,2,4,Oui,21.0,947,0.75,2726.99,2.0,1,3,1,0,0,1,Cadre Commercial | N2,0.4,0.25
35,M,9884,Marié(e),Consulting,Manager,2,10,4,0,1,3,11,2,Transformation Digitale,Aucun,2,3,3,2,3,1,3,3,3,Oui,13.0,1137,0.0,3294.66,2.5,1,3,1,0,0,0,Manager | N3,0.6,0.5
26,F,4157,Marié(e),Commercial,Cadre Commercial,7,5,2,2,1,2,23,3,Marketing,Occasionnel,0,0,3,2,2,4,3,2,3,Oui,19.0,664,1.0,2078.49,3.0,2,4,1,1,1,1,Cadre Commercial | N2,0.667,0.0
33,F,13458,Célibataire,Consulting,Directeur Technique,1,15,15,14,0,1,1,2,Infra & Cloud,Frequent,8,12,1,3,3,4,3,3,3,Oui,12.0,1442,0.933,4485.99,2.75,1,4,0,0,0,0,Directeur Technique | N3,0.062,0.533
35,M,9069,Marié(e),Commercial,Cadre Commercial,1,9,9,8,1,3,18,5,Infra & Cloud,Frequent,1,8,2,3,3,1,4,2,4,Non,22.0,1635,0.889,3022.99,2.25,1,4,1,0,0,0,Cadre Commercial | N3,0.3,0.111
35,F,4014,Marié(e),Consulting,Consultant,3,4,2,2,1,3,23,4,Transformation Digitale,Occasionnel,2,2,3,3,1,1,3,3,3,Oui,15.0,524,1.0,4013.96,2.5,1,3,0,1,0,0,Consultant | N1,1.0,1.0
31,M,5915,Divorcé(e),Consulting,Consultant,3,10,7,7,1,3,7,4,Infra & Cloud,Occasionnel,1,7,4,3,2,4,4,2,4,Non,22.0,1067,1.0,2957.49,3.5,2,4,1,0,0,0,Consultant | N2,0.375,0.143
37,M,5993,Divorcé(e),Consulting,Tech Lead,1,7,7,5,1,2,1,4,Infra & Cloud,Occasionnel,0,7,1,2,2,3,3,4,3,Non,18.0,914,0.714,2996.49,2.75,1,4,1,0,0,0,Tech Lead | N2,0.25,0.0
32,M,6162,Marié(e),Consulting,Tech Lead,1,9,9,8,1,3,1,3,Transformation Digitale,Occasionnel,7,8,1,3,2,4,2,3,4,Oui,22.0,1111,0.889,3080.98,2.5,1,4,1,0,0,0,Tech Lead | N2,0.3,0.778
38,F,2406,Célibataire,Consulting,Consultant,1,10,10,3,0,2,29,5,Infra & Cloud,Frequent,9,9,4,3,2,4,4,3,3,Non,11.0,238,0.3,1202.99,3.75,3,4,0,0,0,0,Consultant | N2,0.182,0.9
50,F,18740,Divorcé(e),Consulting,Directeur Technique,5,29,27,3,1,2,7,2,Transformation Digitale,Occasionnel,13,8,2,2,5,3,4,2,3,Oui,12.0,2008,0.111,3747.99,2.75,2,4,1,0,0,1,Directeur Technique | N5,0.071,0.481
59,F,7637,Célibataire,Commercial,Cadre Commercial,7,28,21,16,0,3,25,3,Infra & Cloud,Occasionnel,7,9,1,3,3,1,4,2,3,Non,11.0,757,0.762,2545.66,2.0,1,4,0,0,0,1,Cadre Commercial | N3,0.136,0.333
36,F,10096,Divorcé(e),Consulting,Manager,1,17,17,14,3,2,8,3,Entrepreunariat,Occasionnel,12,8,3,3,3,3,2,3,3,Non,13.0,1161,0.824,3365.32,2.75,2,3,0,0,0,0,Manager | N3,0.111,0.706
55,F,14756,Divorcé(e),Consulting,Senior Manager,2,21,5,0,3,2,8,3,Transformation Digitale,Occasionnel,0,2,4,3,4,3,3,3,3,Oui,14.000000000000002,1812,0.0,3688.99,3.25,3,4,0,0,0,0,Senior Manager | N4,0.333,0.0
36,M,6499,Célibataire,Consulting,Tech Lead,1,6,6,5,0,3,11,3,Infra & Cloud,Frequent,0,3,2,2,2,2,3,3,3,Non,13.0,748,0.833,3249.48,2.5,2,3,1,0,0,0,Tech Lead | N2,0.429,0.0
45,M,9724,Divorcé(e),Consulting,Assistant de Direction,2,25,1,0,1,2,7,3,Infra & Cloud,Occasionnel,0,0,2,3,3,1,3,3,3,Non,17.0,1413,0.0,3241.32,2.25,1,3,0,0,0,0,Assistant de Direction | N3,1.0,0.0
35,M,2194,Marié(e),Consulting,Assistant de Direction,4,5,3,2,1,2,1,3,Transformation Digitale,Frequent,1,2,2,3,1,1,4,2,3,Non,13.0,252,0.667,2193.98,2.25,1,4,0,0,0,0,Assistant de Direction | N1,0.5,0.333
36,M,3388,Marié(e),Consulting,Assistant de Direction,0,2,1,0,1,0,9,3,Transformation Digitale,Occasionnel,0,0,4,2,1,3,1,2,3,Oui,17.0,492,0.0,3387.97,2.5,1,4,1,1,0,0,Assistant de Direction | N1,0.0,0.0
59,F,5473,Célibataire,Commercial,Cadre Commercial,7,20,4,3,0,2,1,1,Infra & Cloud,Frequent,1,3,1,2,2,3,4,2,3,Non,11.0,542,0.75,2736.49,2.5,1,4,1,0,0,1,Cadre Commercial | N2,0.4,0.25
29,M,2703,Marié(e),Consulting,Assistant de Direction,0,6,5,4,1,3,2,3,Infra & Cloud,Occasionnel,0,4,3,3,1,2,4,3,4,Non,23.0,505,0.8,2702.97,3.0,2,4,1,0,0,0,Assistant de Direction | N1,0.5,0.0
31,M,2501,Célibataire,Consulting,Assistant de Direction,1,1,1,1,0,4,1,4,Transformation Digitale,Occasionnel,1,0,3,3,1,2,2,3,3,Non,17.0,363,1.0,2500.97,2.5,2,3,0,0,0,0,Assistant de Direction | N1,2.0,1.0
32,M,6220,Marié(e),Consulting,Assistant de Direction,1,10,10,4,2,3,1,3,Infra & Cloud,Occasionnel,0,9,2,3,2,2,2,3,3,Non,17.0,904,0.4,3109.98,2.25,2,3,0,0,0,0,Assistant de Direction | N2,0.273,0.0
36,F,3038,Marié(e),Consulting,Consultant,3,5,1,0,0,3,6,3,Infra & Cloud,Occasionnel,0,0,2,4,1,4,2,3,3,Non,12.0,326,0.0,3037.97,2.75,2,4,-1,0,0,0,Consultant | N1,1.5,0.0
31,F,4424,Célibataire,Consulting,Tech Lead,1,11,11,7,0,2,8,4,Infra & Cloud,Occasionnel,1,8,3,3,2,4,4,3,4,Non,23.0,827,0.636,2211.99,3.5,3,4,1,0,0,0,Tech Lead | N2,0.167,0.091
35,M,4312,Célibataire,Commercial,Cadre Commercial,0,16,15,13,0,2,1,4,Marketing,Occasionnel,2,8,3,2,2,1,2,3,3,Non,14.000000000000002,530,0.867,2155.99,2.25,1,3,1,0,0,0,Cadre Commercial | N2,0.125,0.133
45,M,13245,Marié(e),Consulting,Directeur Technique,4,17,0,0,0,3,6,4,Autre,Occasionnel,0,0,4,3,3,1,2,4,3,Oui,14.000000000000002,1627,0.0,4414.99,2.75,1,4,0,0,0,0,Directeur Technique | N3,3.0,0.0
37,M,13664,Célibataire,Consulting,Directeur Technique,4,16,5,2,0,3,7,4,Transformation Digitale,Occasionnel,0,2,1,3,3,3,1,4,3,Non,13.0,1572,0.4,4554.65,2.25,1,4,0,0,0,0,Directeur Technique | N3,0.5,0.0
46,M,5021,Divorcé(e),Ressources Humaines,Ressources Humaines,8,16,4,2,1,2,5,2,Transformation Digitale,Occasionnel,0,2,2,3,2,2,4,3,4,Oui,22.0,905,0.5,2510.49,2.75,2,4,1,0,0,1,Ressources Humaines | N2,0.4,0.0
30,M,5126,Marié(e),Consulting,Consultant,1,10,10,8,2,1,1,1,Infra & Cloud,Occasionnel,3,0,4,2,2,4,3,2,3,Oui,12.0,549,0.8,2562.99,3.25,2,4,1,0,0,0,Consultant | N2,0.091,0.3
35,M,2859,Célibataire,Consulting,Assistant de Direction,1,6,6,4,0,3,1,3,Transformation Digitale,Occasionnel,0,4,2,2,1,3,1,3,3,Non,18.0,436,0.667,2858.97,2.25,1,3,1,0,0,0,Assistant de Direction | N1,0.429,0.0
55,M,10239,Marié(e),Commercial,Cadre Commercial,3,24,1,0,1,4,1,2,Infra & Cloud,Occasionnel,1,0,1,3,3,4,4,3,3,Non,14.000000000000002,1257,0.0,3412.99,3.0,1,4,0,0,0,0,Cadre Commercial | N3,2.0,1.0
38,F,5329,Divorcé(e),Consulting,Assistant de Direction,7,17,13,11,3,3,6,3,Transformation Digitale,Aucun,1,9,2,1,2,4,4,3,3,Oui,12.0,571,0.846,2664.49,3.25,2,4,2,0,0,1,Assistant de Direction | N2,0.214,0.077
34,M,4325,Marié(e),Consulting,Tech Lead,1,5,5,2,0,2,1,2,Transformation Digitale,Occasionnel,1,3,1,3,2,2,3,3,3,Non,15.0,564,0.4,2162.49,2.25,1,3,0,0,0,0,Tech Lead | N2,0.333,0.2
56,M,7260,Célibataire,Consulting,Tech Lead,4,37,6,4,0,3,7,3,Infra & Cloud,Occasionnel,0,2,4,1,3,4,1,2,3,Non,11.0,719,0.667,2419.99,2.75,1,4,2,0,0,0,Tech Lead | N3,0.429,0.0
23,M,2322,Divorcé(e),Commercial,Représentant Commercial,3,3,0,0,1,3,2,1,Entrepreunariat,Occasionnel,0,0,3,3,1,1,3,3,3,Non,13.0,267,0.0,2321.98,2.5,1,3,0,0,1,0,Représentant Commercial | N1,3.0,0.0
51,M,2075,Marié(e),Consulting,Consultant,3,10,4,2,2,4,9,4,Infra & Cloud,Occasionnel,0,3,4,3,1,4,2,3,4,Non,23.0,388,0.5,2074.98,3.25,2,4,1,0,0,0,Consultant | N1,0.8,0.0
30,M,4152,Marié(e),Consulting,Manager,1,11,11,10,3,3,2,3,Infra & Cloud,Occasionnel,10,8,3,2,2,4,1,3,3,Non,19.0,663,0.909,2075.99,2.75,1,4,1,0,0,0,Manager | N2,0.25,0.909
46,M,9619,Célibataire,Commercial,Cadre Commercial,1,9,9,8,0,3,9,2,Transformation Digitale,Occasionnel,4,7,3,2,3,4,4,3,3,Non,16.0,1327,0.889,3206.32,3.5,3,4,1,0,0,0,Cadre Commercial | N3,0.3,0.444
40,M,13503,Marié(e),Consulting,Manager,1,22,22,3,1,3,1,4,Infra & Cloud,Frequent,11,11,3,2,4,2,4,2,4,Non,22.0,2435,0.136,3375.74,2.75,2,4,2,0,0,0,Manager | N4,0.13,0.5
51,M,5441,Célibataire,Commercial,Cadre Commercial,0,11,10,7,0,2,21,4,Marketing,Occasionnel,1,0,3,3,2,4,4,1,4,Oui,22.0,981,0.7,2720.49,3.0,1,4,1,0,0,0,Cadre Commercial | N2,0.182,0.1
30,F,5209,Divorcé(e),Commercial,Cadre Commercial,1,11,11,8,3,4,4,2,Transformation Digitale,Occasionnel,2,7,3,2,2,2,2,2,3,Oui,12.0,558,0.727,2604.49,2.25,2,3,1,0,0,0,Cadre Commercial | N2,0.333,0.182
46,M,10673,Marié(e),Consulting,Manager,2,21,10,9,1,5,1,3,Transformation Digitale,Frequent,9,5,3,2,3,1,3,2,3,Oui,13.0,1228,0.9,3557.65,2.25,1,3,1,0,0,0,Manager | N3,0.455,0.9
32,M,5010,Célibataire,Commercial,Cadre Commercial,1,12,11,8,0,0,6,4,Transformation Digitale,Occasionnel,5,7,2,3,2,3,1,3,3,Non,16.0,691,0.727,2504.99,2.25,1,3,0,0,0,0,Cadre Commercial | N2,0.0,0.455
54,F,13549,Marié(e),Consulting,Directeur Technique,9,16,4,3,1,5,2,4,Entrepreunariat,Occasionnel,0,3,1,3,3,3,1,1,3,Non,12.0,1452,0.75,4516.32,1.5,1,3,0,0,0,1,Directeur Technique | N3,1.0,0.0
24,F,4999,Marié(e),Commercial,Cadre Commercial,0,4,3,2,1,2,3,2,Autre,Occasionnel,0,2,1,3,2,3,1,2,4,Non,21.0,868,0.667,2499.49,1.75,1,3,1,0,0,0,Cadre Commercial | N2,0.5,0.0
28,M,4221,Marié(e),Commercial,Cadre Commercial,1,5,5,4,0,3,4,3,Transformation Digitale,Aucun,0,4,2,3,2,3,2,4,3,Non,15.0,551,0.8,2110.49,2.75,2,4,0,0,0,0,Cadre Commercial | N2,0.5,0.0
58,M,13872,Célibataire,Commercial,Cadre Commercial,0,38,37,10,0,1,10,4,Transformation Digitale,Occasionnel,1,8,4,3,4,3,3,2,3,Non,13.0,1596,0.27,3467.99,3.0,2,4,0,0,0,0,Cadre Commercial | N4,0.026,0.027
44,M,2042,Marié(e),Consulting,Consultant,4,17,3,2,1,3,23,3,Transformation Digitale,Aucun,1,2,2,3,2,2,3,4,3,Non,12.0,219,0.667,1020.99,2.75,2,4,0,0,0,0,Consultant | N2,0.75,0.333
37,M,2073,Divorcé(e),Ressources Humaines,Ressources Humaines,4,7,3,2,0,3,6,4,Ressources Humaines,Occasionnel,0,2,3,3,1,1,4,3,4,Oui,22.0,374,0.667,2072.98,2.75,1,4,1,1,0,0,Ressources Humaines | N1,0.75,0.0
32,M,2956,Célibataire,Consulting,Assistant de Direction,1,1,1,0,0,2,1,1,Infra & Cloud,Occasionnel,0,0,4,3,1,1,4,3,3,Non,13.0,340,0.0,2955.97,3.0,1,4,0,0,0,0,Assistant de Direction | N1,1.0,0.0
20,F,2926,Célibataire,Consulting,Consultant,1,1,1,0,0,5,6,3,Infra & Cloud,Frequent,1,0,4,2,1,4,2,3,3,Oui,18.0,446,0.0,2925.97,3.25,2,4,1,1,1,0,Consultant | N1,2.5,1.0
34,F,4809,Célibataire,Consulting,Assistant de Direction,1,16,16,13,0,3,6,4,Autre,Occasionnel,2,10,1,3,2,3,3,3,3,Non,14.000000000000002,591,0.812,2404.49,2.5,1,3,0,0,0,0,Assistant de Direction | N2,0.176,0.125
37,M,5163,Divorcé(e),Consulting,Manager,5,17,1,0,1,2,2,2,Infra & Cloud,Aucun,0,0,3,2,2,4,4,4,3,Non,14.000000000000002,634,0.0,2581.49,3.75,3,4,1,0,0,1,Manager | N2,1.0,0.0
59,F,18844,Marié(e),Ressources Humaines,Senior Manager,9,30,3,2,1,3,2,4,Ressources Humaines,Aucun,2,2,3,2,5,4,4,3,4,Non,21.0,3270,0.667,3768.79,3.5,3,4,2,0,0,1,Senior Manager | N5,0.75,0.667
50,F,18172,Marié(e),Consulting,Directeur Technique,3,28,8,3,0,1,1,3,Infra & Cloud,Frequent,0,7,1,3,5,2,1,2,3,Oui,19.0,2901,0.375,3634.39,1.5,1,2,0,0,0,0,Directeur Technique | N5,0.111,0.0
25,M,5744,Célibataire,Commercial,Cadre Commercial,1,6,6,4,0,1,5,3,Marketing,Occasionnel,0,3,3,2,2,3,4,3,3,Oui,11.0,569,0.667,2871.99,3.25,3,4,1,0,0,0,Cadre Commercial | N2,0.143,0.0
25,M,2889,Marié(e),Consulting,Assistant de Direction,1,2,2,2,2,2,7,1,Transformation Digitale,Occasionnel,2,1,4,2,1,4,3,3,3,Non,11.0,286,1.0,2888.97,3.5,3,4,1,0,1,0,Assistant de Direction | N1,0.667,1.0
22,F,2871,Célibataire,Consulting,Consultant,1,1,0,0,0,5,15,3,Transformation Digitale,Occasionnel,0,0,2,3,1,4,3,3,3,Non,15.0,374,0.0,2870.97,3.0,2,4,0,0,1,0,Consultant | N1,5.0,0.0
51,F,7484,Célibataire,Consulting,Manager,3,23,13,12,0,1,1,4,Transformation Digitale,Frequent,12,8,1,2,3,1,3,2,4,Non,20.0,1247,0.923,2494.66,1.75,1,3,2,0,0,0,Manager | N3,0.071,0.923
34,M,6074,Célibataire,Consulting,Consultant,1,9,9,7,0,3,7,3,Infra & Cloud,Frequent,0,6,1,1,2,3,4,3,4,Oui,24.0,1176,0.778,3036.98,2.75,1,4,3,0,0,0,Consultant | N2,0.3,0.0
54,F,17328,Célibataire,Ressources Humaines,Senior Manager,2,23,5,3,0,3,26,3,Ressources Humaines,Aucun,4,4,4,4,4,4,3,3,3,Oui,12.0,1857,0.6,4331.99,3.5,3,4,-1,0,0,0,Senior Manager | N4,0.5,0.8
24,M,2774,Marié(e),Consulting,Consultant,0,6,5,3,1,2,18,1,Infra & Cloud,Occasionnel,1,2,2,3,1,3,3,3,3,Non,12.0,297,0.6,2773.97,2.75,2,3,0,0,0,0,Consultant | N1,0.333,0.2
34,F,4505,Divorcé(e),Consulting,Assistant de Direction,6,12,1,0,1,3,6,4,Infra & Cloud,Occasionnel,0,0,3,2,2,2,3,3,3,Non,15.0,588,0.0,2252.49,2.75,2,3,1,0,0,1,Assistant de Direction | N2,1.5,0.0
37,M,7428,Célibataire,Commercial,Cadre Commercial,2,12,5,3,0,3,3,3,Infra & Cloud,Occasionnel,1,3,3,3,3,4,1,3,3,Non,12.0,796,0.6,2475.99,2.75,1,4,0,0,0,0,Cadre Commercial | N3,0.5,0.2
34,F,11631,Célibataire,Consulting,Senior Manager,2,14,11,10,0,6,5,3,Transformation Digitale,Occasionnel,5,8,3,2,3,1,4,3,3,Non,12.0,1246,0.909,3876.99,2.75,1,4,1,0,0,0,Senior Manager | N3,0.5,0.455
36,F,9738,Marié(e),Commercial,Cadre Commercial,0,10,9,7,1,6,11,2,Entrepreunariat,Frequent,2,8,2,3,3,4,3,3,3,Non,14.000000000000002,1196,0.778,3245.99,3.0,2,4,0,0,0,0,Cadre Commercial | N3,0.6,0.222
36,F,2835,Divorcé(e),Consulting,Consultant,5,7,1,0,1,2,3,2,Infra & Cloud,Occasionnel,0,0,1,3,1,4,1,3,4,Non,22.0,511,0.0,2834.97,2.25,1,4,1,0,0,1,Consultant | N1,1.0,0.0
43,M,16959,Marié(e),Commercial,Senior Manager,1,25,25,12,2,3,26,2,Infra & Cloud,Frequent,4,12,3,3,4,4,4,4,3,Oui,12.0,1817,0.48,4239.74,3.75,3,4,0,0,0,0,Senior Manager | N4,0.115,0.16
30,M,2613,Divorcé(e),Consulting,Assistant de Direction,1,10,10,7,3,2,23,3,Infra & Cloud,Frequent,0,9,1,1,1,3,3,2,4,Non,25.0,523,0.7,2612.97,2.25,1,3,3,0,0,0,Assistant de Direction | N1,0.182,0.0
33,M,6146,Marié(e),Commercial,Cadre Commercial,0,8,7,7,1,2,22,2,Marketing,Aucun,0,7,3,3,2,2,1,4,3,Non,13.0,707,1.0,3072.98,2.5,1,4,0,0,0,0,Cadre Commercial | N2,0.25,0.0
56,F,4963,Marié(e),Consulting,Assistant de Direction,9,7,5,4,3,2,14,4,Infra & Cloud,Occasionnel,4,3,2,3,1,2,1,3,3,Oui,18.0,757,0.8,4962.95,2.0,1,3,0,0,0,1,Assistant de Direction | N1,0.333,0.8
51,M,19537,Célibataire,Consulting,Directeur Technique,7,23,20,18,0,5,6,3,Infra & Cloud,Occasionnel,15,15,1,3,5,3,3,3,3,Non,13.0,2248,0.9,3907.39,2.5,1,3,0,0,0,1,Directeur Technique | N5,0.238,0.75
31,M,6172,Marié(e),Commercial,Cadre Commercial,4,12,7,7,0,3,6,4,Infra & Cloud,Occasionnel,7,7,2,1,2,3,2,2,3,Oui,18.0,941,1.0,3085.98,2.25,2,3,2,0,0,0,Cadre Commercial | N2,0.375,1.0
26,F,2368,Marié(e),Consulting,Assistant de Direction,1,5,5,4,0,3,6,3,Autre,Occasionnel,4,3,3,2,1,2,3,2,3,Non,19.0,378,0.8,2367.98,2.5,2,3,1,0,0,0,Assistant de Direction | N1,0.5,0.8
58,F,10312,Marié(e),Consulting,Manager,1,40,40,10,1,3,23,4,Transformation Digitale,Occasionnel,15,6,4,3,3,4,4,2,3,Non,12.0,1105,0.25,3437.32,3.5,2,4,0,0,0,0,Manager | N3,0.073,0.375
19,M,1675,Célibataire,Commercial,Représentant Commercial,1,0,0,0,0,2,22,1,Marketing,Occasionnel,0,0,4,3,1,3,4,2,3,Oui,19.0,267,0.0,1674.98,3.25,2,4,0,1,1,0,Représentant Commercial | N1,2.0,0.0
22,M,2523,Marié(e),Consulting,Consultant,0,3,2,1,1,2,2,1,Entrepreunariat,Occasionnel,2,1,3,3,1,4,3,3,3,Non,14.000000000000002,310,0.5,2522.97,3.25,3,4,0,0,1,0,Consultant | N1,0.667,1.0
49,F,6567,Marié(e),Consulting,Tech Lead,1,16,15,11,0,2,20,4,Transformation Digitale,Occasionnel,5,11,3,3,2,1,3,2,3,Non,14.000000000000002,806,0.733,3283.48,2.25,1,3,0,0,0,0,Tech Lead | N2,0.125,0.333
43,F,4739,Célibataire,Consulting,Assistant de Direction,4,18,3,2,0,2,28,3,Transformation Digitale,Frequent,1,2,2,4,1,3,4,3,3,Non,12.0,508,0.667,4738.95,3.0,2,4,-1,0,0,0,Assistant de Direction | N1,0.5,0.333
50,F,9208,Célibataire,Commercial,Cadre Commercial,4,16,2,2,0,3,12,3,Marketing,Frequent,2,1,3,3,3,4,4,3,3,Non,11.0,913,1.0,3069.32,3.5,3,4,0,0,0,0,Cadre Commercial | N3,1.0,1.0
31,F,4559,Marié(e),Commercial,Cadre Commercial,3,4,2,2,1,2,20,3,Infra & Cloud,Occasionnel,2,2,2,1,2,3,3,3,3,Oui,11.0,452,1.0,2279.49,2.75,2,3,2,1,0,0,Cadre Commercial | N2,0.667,1.0
41,M,8189,Divorcé(e),Commercial,Cadre Commercial,3,12,9,7,1,2,9,1,Infra & Cloud,Occasionnel,0,7,3,3,3,3,3,3,3,Oui,13.0,942,0.778,2729.66,3.0,3,3,0,0,0,0,Cadre Commercial | N3,0.2,0.0
26,F,2942,Marié(e),Ressources Humaines,Ressources Humaines,1,8,8,7,1,3,25,1,Infra & Cloud,Occasionnel,5,7,3,3,1,3,4,3,4,Non,23.0,550,0.875,2941.97,3.25,3,4,1,0,0,0,Ressources Humaines | N1,0.333,0.625
36,M,4941,Divorcé(e),Consulting,Tech Lead,6,7,3,2,2,0,6,2,Transformation Digitale,Occasionnel,0,1,2,3,2,2,4,3,4,Non,20.0,824,0.667,2470.49,2.75,2,4,1,0,0,1,Tech Lead | N2,0.0,0.0
51,M,10650,Célibataire,Consulting,Tech Lead,2,18,4,2,0,2,8,4,Infra & Cloud,Frequent,0,3,1,1,3,4,4,3,3,Non,15.0,1389,0.5,3549.99,3.0,1,4,2,0,0,0,Tech Lead | N3,0.4,0.0
39,F,5902,Marié(e),Commercial,Cadre Commercial,4,17,15,11,1,1,4,4,Infra & Cloud,Occasionnel,5,9,4,2,2,3,3,4,3,Non,14.000000000000002,725,0.733,2950.99,3.5,3,4,1,0,0,0,Cadre Commercial | N2,0.062,0.333
25,M,8639,Marié(e),Commercial,Cadre Commercial,2,6,2,2,0,3,28,3,Infra & Cloud,Occasionnel,2,2,1,2,2,3,4,3,3,Non,18.0,1318,1.0,4319.48,2.75,1,4,1,0,1,0,Cadre Commercial | N2,1.0,1.0
30,M,6347,Marié(e),Ressources Humaines,Ressources Humaines,0,12,11,9,0,2,9,3,Ressources Humaines,Occasionnel,4,7,3,3,2,4,4,1,3,Oui,19.0,1013,0.818,3173.48,3.0,1,4,0,0,0,0,Ressources Humaines | N2,0.167,0.364
32,F,4200,Célibataire,Consulting,Consultant,7,10,5,4,0,2,9,3,Transformation Digitale,Occasionnel,0,4,1,3,1,1,1,4,4,Non,22.0,757,0.8,4199.96,1.75,1,4,1,0,0,1,Consultant | N1,0.333,0.0
45,M,3452,Célibataire,Consulting,Assistant de Direction,5,9,6,5,0,2,29,3,Transformation Digitale,Occasionnel,0,3,3,3,1,4,2,2,3,Non,13.0,397,0.833,3451.97,2.75,2,4,0,0,0,1,Assistant de Direction | N1,0.286,0.0
38,F,4317,Célibataire,Consulting,Assistant de Direction,3,19,3,2,0,2,3,5,Entrepreunariat,Occasionnel,2,2,4,3,2,3,2,3,4,Oui,20.0,720,0.667,2158.49,3.0,2,4,1,1,0,0,Assistant de Direction | N2,0.5,0.667
30,F,2632,Célibataire,Consulting,Assistant de Direction,1,5,5,4,0,4,18,3,Infra & Cloud,Occasionnel,0,4,1,3,1,3,3,2,3,Non,14.000000000000002,323,0.8,2631.97,2.25,1,3,0,0,0,0,Assistant de Direction | N1,0.667,0.0
32,M,4668,Divorcé(e),Commercial,Cadre Commercial,0,9,8,7,3,2,9,2,Transformation Digitale,Frequent,0,7,4,1,2,4,4,4,3,Non,17.0,678,0.875,2333.99,4.0,4,4,2,0,0,0,Cadre Commercial | N2,0.222,0.0
30,F,3204,Divorcé(e),Consulting,Assistant de Direction,5,8,3,2,1,3,5,3,Entrepreunariat,Occasionnel,2,2,4,3,1,1,4,3,3,Non,14.000000000000002,393,0.667,3203.97,3.0,1,4,0,0,0,1,Assistant de Direction | N1,0.75,0.667
30,M,2720,Célibataire,Consulting,Consultant,0,6,5,3,0,3,2,1,Transformation Digitale,Occasionnel,1,2,2,2,1,4,4,3,3,Non,13.0,313,0.6,2719.97,3.25,2,4,1,0,0,0,Consultant | N1,0.5,0.2
41,M,17181,Divorcé(e),Consulting,Senior Manager,4,21,7,6,1,2,10,3,Infra & Cloud,Frequent,7,7,4,2,4,1,2,2,3,Non,13.0,1977,0.857,4295.24,2.25,1,4,1,0,0,0,Senior Manager | N4,0.25,1.0
41,M,2238,Marié(e),Consulting,Consultant,2,7,5,0,1,2,9,4,Infra & Cloud,Occasionnel,1,4,3,3,1,1,4,3,4,Non,21.0,388,0.0,2237.98,2.75,1,4,1,0,0,0,Consultant | N1,0.333,0.2
19,F,1483,Célibataire,Consulting,Consultant,1,1,1,0,0,3,3,1,Transformation Digitale,Occasionnel,0,0,2,3,1,2,4,3,3,Non,14.000000000000002,182,0.0,1482.99,2.75,2,4,0,0,1,0,Consultant | N1,1.5,0.0
40,F,5605,Divorcé(e),Consulting,Assistant de Direction,1,20,20,7,1,2,26,3,Transformation Digitale,Frequent,2,13,2,3,2,2,1,3,3,Non,11.0,555,0.35,2802.49,2.0,1,3,0,0,0,0,Assistant de Direction | N2,0.095,0.1
35,M,7295,Marié(e),Commercial,Cadre Commercial,1,10,10,8,2,3,1,5,Marketing,Occasionnel,0,6,3,3,3,2,1,3,3,Non,13.0,839,0.8,2431.66,2.25,1,3,0,0,0,0,Cadre Commercial | N3,0.273,0.0
53,M,2306,Marié(e),Commercial,Représentant Commercial,2,13,7,7,1,3,6,2,Marketing,Occasionnel,4,5,2,3,2,3,4,1,4,Oui,20.0,384,1.0,1152.99,2.5,1,4,1,1,0,0,Représentant Commercial | N2,0.375,0.571
45,M,2348,Divorcé(e),Consulting,Consultant,8,20,17,9,1,2,9,3,Infra & Cloud,Occasionnel,0,15,2,3,2,2,3,1,3,Non,18.0,358,0.529,1173.99,2.0,1,3,0,0,0,1,Consultant | N2,0.111,0.0
32,F,8998,Célibataire,Commercial,Cadre Commercial,1,9,9,8,0,2,8,3,Marketing,Frequent,3,7,2,3,3,4,4,3,3,Non,14.000000000000002,1105,0.889,2999.32,3.25,2,4,0,0,0,0,Cadre Commercial | N3,0.2,0.333
29,M,4319,Marié(e),Consulting,Tech Lead,1,10,10,7,1,1,1,1,Entrepreunariat,Aucun,0,9,4,3,2,3,1,3,3,Non,13.0,497,0.7,2159.49,2.75,1,4,0,0,0,0,Tech Lead | N2,0.091,0.0
51,M,6132,Marié(e),Consulting,Tech Lead,2,10,1,0,0,2,7,4,Transformation Digitale,Occasionnel,0,0,2,2,2,3,3,3,3,Non,17.0,891,0.0,3065.98,2.75,2,3,1,0,0,0,Tech Lead | N2,1.0,0.0
58,F,3346,Marié(e),Consulting,Assistant de Direction,4,9,1,0,1,3,9,3,Transformation Digitale,Occasionnel,0,0,2,2,1,2,2,2,4,Oui,20.0,558,0.0,3345.97,2.0,2,2,2,1,0,0,Assistant de Direction | N1,1.5,0.0
40,M,10855,Marié(e),Commercial,Cadre Commercial,7,15,12,11,1,2,4,4,Marketing,Occasionnel,2,11,3,2,3,4,1,2,3,Non,11.0,1076,0.917,3618.32,2.5,1,4,1,0,0,1,Cadre Commercial | N3,0.154,0.167
34,F,2231,Marié(e),Commercial,Représentant Commercial,6,6,4,3,1,3,2,4,Marketing,Frequent,1,2,3,3,1,3,4,3,3,Non,18.0,340,0.75,2230.98,3.25,3,4,0,0,0,1,Représentant Commercial | N1,0.6,0.25
22,M,2323,Marié(e),Consulting,Assistant de Direction,1,2,2,2,2,6,19,1,Transformation Digitale,Occasionnel,2,2,3,3,1,4,1,3,4,Non,24.0,450,1.0,2322.98,2.75,1,4,1,0,1,0,Assistant de Direction | N1,2.0,1.0
27,M,2024,Divorcé(e),Consulting,Assistant de Direction,6,6,2,2,1,1,9,3,Transformation Digitale,Aucun,2,2,4,3,1,2,4,1,3,Non,18.0,309,1.0,2023.98,2.75,1,4,0,0,1,1,Assistant de Direction | N1,0.333,1.0
28,M,2713,Marié(e),Consulting,Assistant de Direction,1,5,5,2,1,2,21,3,Transformation Digitale,Occasionnel,0,2,3,3,1,4,3,1,3,Non,11.0,269,0.4,2712.97,2.75,1,4,0,0,0,0,Assistant de Direction | N1,0.333,0.0
57,M,9439,Divorcé(e),Consulting,Manager,3,12,5,3,1,2,24,2,Infra & Cloud,Occasionnel,1,4,3,4,3,4,2,1,3,Oui,16.0,1302,0.6,3146.32,2.5,1,4,-1,0,0,0,Manager | N3,0.333,0.2
27,M,2566,Divorcé(e),Consulting,Assistant de Direction,1,1,1,1,1,2,3,3,Transformation Digitale,Aucun,0,1,3,2,1,3,4,2,3,Oui,15.0,335,1.0,2565.97,3.0,2,4,1,1,1,0,Assistant de Direction | N1,1.0,0.0
50,F,19926,Célibataire,Consulting,Senior Manager,3,21,5,4,0,5,11,3,Infra & Cloud,Occasionnel,4,4,3,3,5,2,2,3,3,Non,15.0,2599,0.8,3985.19,2.5,2,3,0,0,0,0,Senior Manager | N5,0.833,0.8
41,M,2451,Divorcé(e),Consulting,Assistant de Direction,4,13,9,8,1,2,14,3,Infra & Cloud,Occasionnel,1,8,1,3,1,3,1,3,3,Non,12.0,263,0.889,2450.98,2.0,1,3,0,0,0,0,Assistant de Direction | N1,0.2,0.111
30,F,9419,Marié(e),Commercial,Cadre Commercial,2,12,10,9,1,2,5,3,Infra & Cloud,Occasionnel,7,4,2,3,3,4,3,3,3,Non,12.0,1009,0.9,3139.66,3.0,2,4,0,0,0,0,Cadre Commercial | N3,0.182,0.7
38,F,8686,Célibataire,Commercial,Cadre Commercial,4,12,8,3,0,2,1,4,Infra & Cloud,Occasionnel,0,7,1,2,2,4,3,4,4,Non,22.0,1566,0.375,4342.98,3.0,1,4,2,0,0,0,Cadre Commercial | N2,0.222,0.0
32,M,3038,Célibataire,Consulting,Assistant de Direction,3,8,5,4,0,2,6,5,Infra & Cloud,Occasionnel,1,4,3,3,1,3,1,3,4,Non,20.0,506,0.8,3037.97,2.5,1,3,1,0,0,0,Assistant de Direction | N1,0.333,0.2
27,M,3058,Marié(e),Consulting,Assistant de Direction,0,6,5,2,1,3,17,3,Entrepreunariat,Occasionnel,1,1,3,3,1,2,4,2,3,Oui,16.0,422,0.4,3057.97,2.75,2,4,0,1,0,0,Assistant de Direction | N1,0.5,0.2
19,F,2325,Célibataire,Commercial,Représentant Commercial,0,1,0,0,0,5,1,1,Entrepreunariat,Frequent,0,0,3,1,1,1,1,4,4,Non,21.0,404,0.0,2324.98,2.25,1,4,3,0,1,0,Représentant Commercial | N1,5.0,0.0
36,M,2088,Célibataire,Consulting,Consultant,4,13,8,7,0,3,3,2,Transformation Digitale,Frequent,7,2,4,3,1,2,3,2,3,Non,12.0,224,0.875,2087.98,2.75,2,4,0,0,0,0,Consultant | N1,0.333,0.875
30,M,3072,Divorcé(e),Consulting,Consultant,1,12,12,9,2,4,9,3,Transformation Digitale,Aucun,6,10,3,3,2,1,3,3,3,Non,11.0,304,0.75,1535.99,2.5,1,3,0,0,0,0,Consultant | N2,0.308,0.5
45,F,5006,Divorcé(e),Commercial,Cadre Commercial,4,9,5,4,1,3,4,2,Infra & Cloud,Occasionnel,0,3,3,3,2,1,1,4,3,Oui,11.0,496,0.8,2502.99,2.25,1,4,0,0,0,0,Cadre Commercial | N2,0.5,0.0
56,F,4257,Divorcé(e),Consulting,Assistant de Direction,4,19,2,2,1,3,8,3,Infra & Cloud,Occasionnel,2,2,3,3,1,1,3,3,3,Oui,18.0,649,1.0,4256.96,2.5,1,3,0,1,0,0,Assistant de Direction | N1,1.0,1.0
33,M,2500,Célibataire,Consulting,Assistant de Direction,0,4,3,1,0,2,2,3,Infra & Cloud,Occasionnel,0,2,3,3,1,4,1,4,3,Non,14.000000000000002,307,0.333,2499.98,3.0,1,4,0,0,0,0,Assistant de Direction | N1,0.5,0.0
19,M,1102,Célibataire,Consulting,Consultant,1,1,1,0,0,3,2,3,Infra & Cloud,Occasionnel,1,0,2,2,1,4,3,2,4,Non,22.0,199,0.0,1101.99,2.75,2,4,2,0,1,0,Consultant | N1,1.5,1.0
46,F,10453,Divorcé(e),Commercial,Cadre Commercial,1,24,24,13,3,2,1,2,Marketing,Occasionnel,15,7,2,3,3,1,3,3,4,Non,25.0,2091,0.542,3484.32,2.25,1,3,1,0,0,0,Cadre Commercial | N3,0.08,0.625
38,F,2288,Célibataire,Consulting,Consultant,1,2,2,2,0,3,9,2,Infra & Cloud,Occasionnel,2,1,3,3,1,4,3,3,3,Non,12.0,245,1.0,2287.98,3.25,3,4,0,0,0,0,Consultant | N1,1.0,1.0
31,F,3929,Marié(e),Consulting,Assistant de Direction,8,7,4,2,1,0,12,1,Transformation Digitale,Occasionnel,0,2,3,3,1,4,3,3,4,Oui,23.0,735,0.5,3928.96,3.25,3,4,1,1,0,1,Assistant de Direction | N1,0.0,0.0
34,F,2311,Célibataire,Consulting,Assistant de Direction,2,9,3,2,0,3,27,2,Transformation Digitale,Occasionnel,1,2,4,3,1,2,4,3,3,Non,15.0,301,0.667,2310.98,3.25,2,4,0,0,0,0,Assistant de Direction | N1,0.75,0.333
41,F,3140,Célibataire,Commercial,Représentant Commercial,1,4,4,3,0,5,20,2,Marketing,Occasionnel,0,2,2,3,1,2,4,2,4,Oui,22.0,566,0.75,3139.97,2.5,2,4,1,1,0,0,Représentant Commercial | N1,1.0,0.0
50,M,3690,Marié(e),Consulting,Consultant,2,5,3,2,1,2,1,3,Transformation Digitale,Occasionnel,0,2,3,2,1,3,4,2,3,Non,15.0,481,0.667,3689.96,3.0,2,4,1,0,0,0,Consultant | N1,0.5,0.0
53,F,4450,Divorcé(e),Consulting,Tech Lead,1,5,4,2,2,3,13,2,Transformation Digitale,Occasionnel,1,3,4,4,2,1,3,3,3,Non,11.0,441,0.5,2224.99,2.75,1,4,-1,0,0,0,Tech Lead | N2,0.6,0.25
33,F,2756,Marié(e),Consulting,Assistant de Direction,1,8,8,7,1,5,14,3,Transformation Digitale,Occasionnel,1,6,4,3,1,2,4,3,3,Non,13.0,317,0.875,2755.97,3.25,2,4,0,0,0,0,Assistant de Direction | N1,0.556,0.125
40,F,19033,Marié(e),Consulting,Senior Manager,1,21,20,8,1,2,4,1,Transformation Digitale,Occasionnel,9,9,4,3,5,3,2,3,3,Non,14.000000000000002,2337,0.4,3806.59,3.0,2,4,0,0,0,0,Senior Manager | N5,0.095,0.45
55,M,18722,Célibataire,Consulting,Directeur Technique,8,36,24,15,0,3,14,4,Transformation Digitale,Occasionnel,2,15,3,4,5,2,4,3,3,Non,11.0,1855,0.625,3744.39,3.0,2,4,-1,0,0,1,Directeur Technique | N5,0.12,0.083
34,M,9547,Marié(e),Consulting,Tech Lead,1,10,10,9,0,2,2,1,Infra & Cloud,Frequent,1,9,4,2,2,3,3,2,3,Non,17.0,1387,0.9,4773.48,3.0,2,4,1,0,0,0,Tech Lead | N2,0.182,0.1
51,F,13734,Célibataire,Consulting,Manager,3,21,7,7,0,6,3,3,Transformation Digitale,Occasionnel,1,0,4,3,4,2,3,3,3,Non,18.0,2095,1.0,3433.49,3.0,2,4,0,0,0,0,Manager | N4,0.75,0.143
52,M,19999,Marié(e),Consulting,Senior Manager,0,34,33,18,1,5,1,4,Infra & Cloud,Occasionnel,11,9,3,2,5,3,1,3,3,Non,14.000000000000002,2456,0.545,3999.79,2.5,1,3,1,0,0,0,Senior Manager | N5,0.147,0.333
27,F,2279,Célibataire,Consulting,Assistant de Direction,1,7,7,7,0,2,9,3,Transformation Digitale,Occasionnel,0,3,4,3,1,2,4,2,3,Non,16.0,314,1.0,2278.98,3.0,2,4,0,0,0,0,Assistant de Direction | N1,0.25,0.0
35,M,5916,Marié(e),Consulting,Tech Lead,3,8,1,0,0,1,23,2,Infra & Cloud,Occasionnel,0,1,2,2,2,3,1,3,3,Oui,13.0,681,0.0,2957.99,2.25,1,3,1,0,0,0,Tech Lead | N2,0.5,0.0
43,M,2089,Divorcé(e),Consulting,Assistant de Direction,4,7,5,4,3,3,7,3,Transformation Digitale,Aucun,2,2,4,4,1,4,4,4,3,Non,14.000000000000002,257,0.8,2088.98,4.0,4,4,-1,0,0,0,Assistant de Direction | N1,0.5,0.4
45,M,16792,Marié(e),Consulting,Senior Manager,9,22,20,8,1,1,2,2,Transformation Digitale,Aucun,11,8,1,2,4,4,4,3,4,Non,23.0,3140,0.4,4197.99,3.0,1,4,2,0,0,1,Senior Manager | N4,0.048,0.55
37,M,3564,Marié(e),Consulting,Assistant de Direction,1,8,8,7,1,3,21,3,Infra & Cloud,Occasionnel,1,7,2,4,1,1,1,2,3,Oui,12.0,382,0.875,3563.96,1.5,1,2,-1,1,0,0,Assistant de Direction | N1,0.333,0.125
35,F,4425,Célibataire,Consulting,Consultant,5,10,6,2,0,5,2,3,Transformation Digitale,Frequent,1,2,2,3,2,2,4,3,3,Non,11.0,439,0.333,2212.49,2.75,2,4,0,0,0,1,Consultant | N2,0.714,0.167
42,F,5265,Divorcé(e),Consulting,Tech Lead,2,11,5,3,1,5,21,2,Transformation Digitale,Aucun,0,2,3,3,2,3,2,3,3,Non,16.0,726,0.6,2632.49,2.75,2,3,0,0,0,0,Tech Lead | N2,0.833,0.0
38,M,6553,Marié(e),Consulting,Tech Lead,9,14,1,0,0,3,2,4,Infra & Cloud,Occasionnel,0,0,4,3,2,3,2,3,3,Non,14.000000000000002,805,0.0,3276.48,3.0,2,4,0,0,0,1,Tech Lead | N2,1.5,0.0
38,M,6261,Marié(e),Consulting,Tech Lead,3,9,7,7,1,3,29,3,Entrepreunariat,Occasionnel,1,7,4,3,2,4,1,1,3,Non,18.0,955,1.0,3130.48,2.5,1,4,0,0,0,0,Tech Lead | N2,0.375,0.143
27,M,4298,Marié(e),Consulting,Tech Lead,5,6,2,2,1,1,1,1,Entrepreunariat,Frequent,2,0,3,2,2,1,3,3,3,Non,19.0,686,1.0,2148.99,2.5,1,3,1,0,1,1,Tech Lead | N2,0.333,1.0
49,M,6804,Divorcé(e),Consulting,Tech Lead,1,7,7,7,2,0,18,4,Infra & Cloud,Aucun,1,7,4,3,2,4,1,3,3,Oui,15.0,887,1.0,3401.98,3.0,1,4,0,0,0,0,Tech Lead | N2,0.0,0.143
34,M,3815,Divorcé(e),Consulting,Assistant de Direction,1,5,5,3,1,4,10,4,Transformation Digitale,Frequent,2,0,4,3,1,3,4,4,3,Oui,17.0,554,0.6,3814.96,3.75,3,4,0,1,0,0,Assistant de Direction | N1,0.667,0.4
40,M,2741,Marié(e),Consulting,Consultant,8,15,7,2,1,2,19,2,Transformation Digitale,Occasionnel,3,7,3,3,2,4,3,4,3,Oui,15.0,358,0.286,1370.49,3.5,3,4,0,1,0,1,Consultant | N2,0.25,0.429
38,M,6673,Marié(e),Consulting,Manager,7,17,1,0,0,2,29,1,Transformation Digitale,Occasionnel,0,0,2,3,2,1,2,3,3,Oui,19.0,1065,0.0,3336.48,2.0,1,3,0,0,0,1,Manager | N2,1.0,0.0
29,F,7639,Marié(e),Commercial,Cadre Commercial,1,10,10,4,3,3,27,3,Marketing,Occasionnel,1,9,2,3,3,4,4,2,4,Non,22.0,1378,0.4,2546.32,3.0,2,4,1,0,0,0,Cadre Commercial | N3,0.273,0.1
22,M,2328,Divorcé(e),Consulting,Assistant de Direction,1,4,4,2,1,2,5,3,Infra & Cloud,Occasionnel,2,2,4,4,1,2,1,2,3,Oui,16.0,321,0.5,2327.98,2.25,1,4,-1,1,0,0,Assistant de Direction | N1,0.4,0.5
36,F,2153,Célibataire,Consulting,Consultant,1,8,8,1,0,2,18,1,Transformation Digitale,Frequent,1,7,2,3,1,4,1,3,3,Non,13.0,248,0.125,2152.98,2.5,1,4,0,0,0,0,Consultant | N1,0.222,0.125
40,M,4876,Marié(e),Consulting,Manager,9,5,3,2,1,5,9,5,Infra & Cloud,Aucun,0,2,4,2,2,4,4,1,3,Non,14.000000000000002,599,0.667,2437.99,3.25,1,4,1,0,0,1,Manager | N2,1.25,0.0
46,M,9396,Divorcé(e),Consulting,Manager,7,17,4,2,1,3,1,4,Transformation Digitale,Occasionnel,0,3,4,3,3,1,3,3,3,Non,16.0,1296,0.5,3131.99,2.75,1,4,0,0,0,1,Manager | N3,0.6,0.0
32,M,10400,Marié(e),Commercial,Cadre Commercial,1,14,14,8,0,2,4,4,Transformation Digitale,Occasionnel,9,8,4,1,3,4,3,2,3,Non,11.0,1031,0.571,3466.66,3.25,2,4,2,0,0,0,Cadre Commercial | N3,0.133,0.643
30,M,8474,Célibataire,Consulting,Tech Lead,1,12,11,8,0,2,1,1,Infra & Cloud,Aucun,5,8,3,2,3,3,3,3,4,Non,22.0,1528,0.727,2824.66,3.0,3,3,2,0,0,0,Tech Lead | N3,0.167,0.455
27,F,9981,Célibataire,Commercial,Cadre Commercial,1,7,7,7,0,2,20,3,Infra & Cloud,Frequent,0,7,4,3,2,3,4,3,3,Non,14.000000000000002,1226,1.0,4990.48,3.5,3,4,0,0,0,0,Cadre Commercial | N2,0.25,0.0
51,M,12490,Marié(e),Consulting,Directeur Technique,5,16,10,9,2,5,8,4,Infra & Cloud,Occasionnel,4,7,2,2,3,2,4,1,3,Non,16.0,1723,0.9,4163.32,2.25,1,4,1,0,0,1,Directeur Technique | N3,0.455,0.4
30,F,2657,Célibataire,Consulting,Assistant de Direction,5,8,5,2,0,5,3,3,Entrepreunariat,Occasionnel,0,4,4,3,1,1,3,3,3,Oui,11.0,263,0.4,2656.97,2.75,1,4,0,1,0,1,Assistant de Direction | N1,0.833,0.0
41,F,13591,Célibataire,Commercial,Senior Manager,3,16,1,0,0,3,6,3,Infra & Cloud,Occasionnel,0,0,4,3,3,4,3,3,3,Oui,18.0,2073,0.0,4530.32,3.5,3,4,0,0,0,0,Senior Manager | N3,1.5,0.0
30,F,6696,Célibataire,Commercial,Cadre Commercial,5,9,6,3,0,5,26,4,Marketing,Frequent,0,1,3,2,2,1,3,2,3,Non,15.0,873,0.5,3347.98,2.25,1,3,1,0,0,1,Cadre Commercial | N2,0.714,0.0
29,M,2058,Célibataire,Consulting,Assistant de Direction,0,7,6,2,0,1,1,3,Entrepreunariat,Occasionnel,1,5,3,3,1,3,4,2,3,Non,14.000000000000002,253,0.333,2057.98,3.0,2,4,0,0,0,0,Assistant de Direction | N1,0.143,0.167
45,F,8865,Célibataire,Commercial,Cadre Commercial,6,23,19,7,0,2,6,3,Transformation Digitale,Aucun,12,8,4,2,3,4,4,3,3,Non,12.0,950,0.368,2954.99,3.75,3,4,1,0,0,1,Cadre Commercial | N3,0.1,0.632
54,F,5940,Marié(e),Commercial,Cadre Commercial,2,16,6,2,1,4,3,3,Marketing,Occasionnel,0,5,4,3,2,1,4,3,3,Non,14.000000000000002,729,0.333,2969.99,3.0,1,4,0,0,0,0,Cadre Commercial | N2,0.571,0.0
36,M,5914,Célibataire,Consulting,Consultant,8,16,13,11,0,3,5,2,Infra & Cloud,Occasionnel,3,7,4,3,2,2,4,4,3,Non,16.0,816,0.846,2956.99,3.5,2,4,0,0,0,1,Consultant | N2,0.214,0.231
33,F,2622,Marié(e),Consulting,Assistant de Direction,6,7,3,2,0,3,4,4,Transformation Digitale,Occasionnel,1,1,3,2,1,2,4,3,4,Non,21.0,455,0.667,2621.97,3.0,2,4,2,0,0,1,Assistant de Direction | N1,0.75,0.333
37,M,12185,Divorcé(e),Consulting,Directeur Technique,1,10,10,8,3,1,11,3,Autre,Frequent,0,7,2,3,3,4,3,3,3,Oui,14.000000000000002,1496,0.8,4061.65,3.0,2,4,0,0,0,0,Directeur Technique | N3,0.091,0.0
38,M,10609,Divorcé(e),Commercial,Cadre Commercial,0,17,16,10,2,6,3,3,Infra & Cloud,Occasionnel,5,13,1,3,3,3,3,2,3,Non,12.0,1137,0.625,3536.32,2.25,1,3,0,0,0,0,Cadre Commercial | N3,0.353,0.312
31,M,4345,Marié(e),Consulting,Tech Lead,0,6,5,4,1,2,1,4,Transformation Digitale,Aucun,1,4,3,1,2,3,4,3,3,Non,12.0,466,0.8,2172.49,3.25,3,4,2,0,0,0,Tech Lead | N2,0.333,0.2
59,M,2177,Marié(e),Consulting,Assistant de Direction,3,7,1,0,1,6,3,3,Infra & Cloud,Occasionnel,0,0,3,2,1,4,1,3,3,Non,17.0,316,0.0,2176.98,2.75,1,4,1,0,0,0,Assistant de Direction | N1,3.0,0.0
37,M,2793,Divorcé(e),Commercial,Représentant Commercial,4,13,9,8,1,2,4,4,Marketing,Frequent,5,8,1,3,1,4,3,3,3,Non,17.0,406,0.889,2792.97,2.75,1,4,0,0,0,0,Représentant Commercial | N1,0.2,0.556
29,F,7918,Marié(e),Commercial,Cadre Commercial,1,11,11,10,1,5,1,1,Transformation Digitale,Frequent,4,1,2,3,3,4,4,3,3,Non,14.000000000000002,972,0.909,2639.32,3.25,2,4,0,0,0,0,Cadre Commercial | N3,0.417,0.364
35,F,8789,Célibataire,Commercial,Cadre Commercial,1,10,10,7,0,3,1,3,Marketing,Frequent,0,8,3,3,3,3,1,4,3,Non,14.000000000000002,1079,0.7,2929.66,2.75,1,4,0,0,0,0,Cadre Commercial | N3,0.273,0.0
29,M,2389,Célibataire,Consulting,Assistant de Direction,1,4,4,3,0,3,18,1,Transformation Digitale,Occasionnel,0,1,3,2,1,4,3,2,3,Oui,13.0,275,0.75,2388.98,3.0,2,4,1,1,0,0,Assistant de Direction | N1,0.6,0.0
52,F,3212,Célibataire,Consulting,Consultant,7,6,2,2,0,3,2,3,Infra & Cloud,Occasionnel,2,2,3,2,1,4,2,2,3,Non,15.0,419,1.0,3211.97,2.75,2,4,1,0,0,1,Consultant | N1,1.0,1.0
42,M,19232,Marié(e),Consulting,Senior Manager,1,22,22,17,0,3,4,2,Entrepreunariat,Occasionnel,11,15,3,3,5,4,4,3,3,Non,11.0,1906,0.773,3846.39,3.5,3,4,0,0,0,0,Senior Manager | N5,0.13,0.5
59,M,2267,Marié(e),Ressources Humaines,Ressources Humaines,8,7,2,2,0,2,6,2,Transformation Digitale,Occasionnel,2,2,2,3,1,3,4,2,3,Non,17.0,329,1.0,2266.98,2.75,2,4,0,0,0,1,Ressources Humaines | N1,0.667,1.0
50,F,19517,Divorcé(e),Commercial,Senior Manager,3,32,7,0,1,3,1,4,Transformation Digitale,Occasionnel,0,6,4,3,5,4,3,2,3,Non,11.0,1934,0.0,3903.39,3.25,2,4,0,0,0,0,Senior Manager | N5,0.375,0.0
33,M,2436,Marié(e),Consulting,Consultant,5,8,5,4,1,2,14,3,Transformation Digitale,Occasionnel,0,4,3,3,1,4,3,1,3,Oui,13.0,280,0.8,2435.98,2.75,1,4,0,1,0,1,Consultant | N1,0.333,0.0
43,F,16064,Marié(e),Commercial,Senior Manager,5,22,17,13,1,3,16,3,Marketing,Occasionnel,1,9,4,3,4,4,3,3,4,Oui,22.0,2897,0.765,4015.99,3.5,3,4,1,0,0,1,Senior Manager | N4,0.167,0.059
33,F,2707,Marié(e),Consulting,Consultant,7,13,9,7,0,3,2,2,Infra & Cloud,Occasionnel,1,7,1,3,1,1,1,4,4,Non,20.0,451,0.778,2706.97,1.75,1,4,1,0,0,1,Consultant | N1,0.3,0.111
52,M,19068,Célibataire,Commercial,Senior Manager,1,33,33,7,0,2,2,4,Infra & Cloud,Aucun,15,12,1,2,5,3,4,4,3,Oui,18.0,2909,0.212,3813.59,3.0,1,4,1,0,0,0,Senior Manager | N5,0.059,0.455
32,F,3931,Marié(e),Commercial,Représentant Commercial,2,6,4,3,1,5,4,2,Infra & Cloud,Occasionnel,1,2,3,3,1,2,1,3,3,Non,11.0,390,0.75,3930.96,2.25,1,3,0,0,0,0,Représentant Commercial | N1,1.0,0.25
32,M,3730,Célibataire,Consulting,Consultant,0,4,3,2,0,2,1,3,Infra & Cloud,Occasionnel,1,2,4,2,1,3,4,1,3,Oui,14.000000000000002,458,0.667,3729.96,3.0,1,4,1,1,0,0,Consultant | N1,0.5,0.333
39,F,2232,Divorcé(e),Consulting,Consultant,7,7,3,2,3,1,1,4,Transformation Digitale,Occasionnel,1,2,3,3,1,3,3,3,3,Non,14.000000000000002,274,0.667,2231.98,3.0,3,3,0,0,0,1,Consultant | N1,0.25,0.333
32,M,4465,Marié(e),Commercial,Cadre Commercial,0,4,3,2,0,2,26,4,Marketing,Aucun,2,2,3,3,2,4,1,3,3,Non,18.0,681,0.667,2232.49,2.75,1,4,0,0,0,0,Cadre Commercial | N2,0.5,0.667
41,M,3072,Divorcé(e),Consulting,Assistant de Direction,2,17,1,0,2,2,19,2,Infra & Cloud,Occasionnel,0,0,3,3,2,1,1,2,3,Non,16.0,424,0.0,1535.99,1.75,1,3,0,0,0,0,Assistant de Direction | N2,1.0,0.0
40,M,3319,Divorcé(e),Consulting,Assistant de Direction,1,9,9,8,2,3,24,2,Entrepreunariat,Occasionnel,4,7,1,3,2,4,1,3,3,Non,17.0,482,0.889,1659.49,2.25,1,4,0,0,0,0,Assistant de Direction | N2,0.3,0.444
45,M,19202,Marié(e),Consulting,Senior Manager,0,25,24,0,1,2,1,3,Autre,Occasionnel,1,7,3,4,5,4,3,3,3,Non,11.0,1903,0.0,3840.39,3.25,3,4,-1,0,0,0,Senior Manager | N5,0.08,0.042
31,M,13675,Divorcé(e),Consulting,Directeur Technique,9,9,2,2,1,3,3,4,Transformation Digitale,Frequent,2,2,2,3,3,3,1,3,3,Non,12.0,1465,1.0,4558.32,2.25,1,3,0,0,0,1,Directeur Technique | N3,1.0,1.0
33,F,2911,Marié(e),Consulting,Assistant de Direction,1,2,2,2,1,2,5,4,Infra & Cloud,Occasionnel,0,2,3,2,1,4,3,2,3,Non,13.0,335,1.0,2910.97,3.0,2,4,1,0,0,0,Assistant de Direction | N1,0.667,0.0
34,M,5957,Marié(e),Consulting,Tech Lead,6,13,11,9,1,3,2,4,Infra & Cloud,Occasionnel,5,9,4,2,2,1,2,3,3,Non,13.0,685,0.818,2978.49,2.5,1,4,1,0,0,1,Tech Lead | N2,0.25,0.455
37,F,3920,Marié(e),Consulting,Assistant de Direction,2,17,3,1,1,2,1,2,Transformation Digitale,Occasionnel,0,2,3,2,1,1,1,2,3,Non,14.000000000000002,481,0.333,3919.96,1.75,1,3,1,0,0,0,Assistant de Direction | N1,0.5,0.0
45,M,6434,Marié(e),Consulting,Tech Lead,4,9,3,2,1,1,7,4,Infra & Cloud,Frequent,0,2,1,4,2,3,4,3,3,Non,17.0,935,0.667,3216.98,2.75,1,4,-1,0,0,0,Tech Lead | N2,0.25,0.0
37,M,10048,Divorcé(e),Consulting,Tech Lead,6,17,1,0,2,5,10,3,Transformation Digitale,Frequent,0,0,1,3,3,3,2,3,3,Non,11.0,996,0.0,3349.32,2.25,1,3,0,0,0,1,Tech Lead | N3,2.5,0.0
39,F,10938,Célibataire,Consulting,Manager,0,20,19,6,0,1,2,4,Entrepreunariat,Frequent,11,8,3,3,3,3,4,3,4,Non,25.0,2188,0.316,3645.99,3.25,3,4,1,0,0,0,Manager | N3,0.05,0.579
29,M,2340,Célibataire,Consulting,Assistant de Direction,1,6,6,5,0,1,15,3,Infra & Cloud,Occasionnel,1,5,3,3,1,4,1,3,3,Non,19.0,374,0.833,2339.98,2.75,1,4,0,0,0,0,Assistant de Direction | N1,0.143,0.167
42,F,6545,Célibataire,Consulting,Assistant de Direction,3,10,3,2,0,1,17,2,Infra & Cloud,Occasionnel,0,2,4,4,2,1,3,3,3,Oui,13.0,753,0.667,3272.48,2.75,1,4,-1,0,0,0,Assistant de Direction | N2,0.25,0.0
29,M,6931,Divorcé(e),Commercial,Cadre Commercial,2,10,3,2,1,2,20,2,Marketing,Occasionnel,0,2,4,3,2,4,4,3,3,Non,14.000000000000002,851,0.667,3465.48,3.75,3,4,0,0,0,0,Cadre Commercial | N2,0.5,0.0
25,F,4898,Marié(e),Consulting,Tech Lead,0,5,4,2,2,3,1,3,Infra & Cloud,Occasionnel,1,2,1,3,2,3,4,3,3,Non,12.0,525,0.5,2448.99,2.75,1,4,0,0,0,0,Tech Lead | N2,0.6,0.25
42,F,2593,Divorcé(e),Consulting,Consultant,0,10,9,6,1,4,2,3,Transformation Digitale,Occasionnel,7,8,4,2,1,1,3,3,3,Oui,11.0,257,0.667,2592.97,2.75,1,4,1,1,0,0,Consultant | N1,0.4,0.778
40,M,19436,Divorcé(e),Consulting,Directeur Technique,0,22,21,7,1,5,2,2,Transformation Digitale,Occasionnel,3,9,1,3,5,3,4,3,3,Non,19.0,3103,0.333,3887.19,2.75,1,4,0,0,0,0,Directeur Technique | N5,0.227,0.143
51,M,2723,Marié(e),Consulting,Assistant de Direction,1,1,1,0,0,0,1,3,Infra & Cloud,Occasionnel,0,0,3,3,1,4,2,2,3,Non,11.0,270,0.0,2722.97,2.75,2,4,0,0,0,0,Assistant de Direction | N1,0.0,0.0
31,M,3479,Célibataire,Consulting,Consultant,0,6,5,4,0,2,29,2,Transformation Digitale,Frequent,1,4,3,2,1,2,2,4,3,Non,11.0,345,0.8,3478.97,2.75,2,4,1,0,0,0,Consultant | N1,0.333,0.2
32,M,2794,Marié(e),Consulting,Consultant,1,5,5,1,0,3,7,3,Infra & Cloud,Frequent,0,3,2,4,1,2,3,1,4,Non,20.0,466,0.2,2793.97,2.0,1,3,0,0,0,0,Consultant | N1,0.5,0.0
38,M,5249,Marié(e),Commercial,Cadre Commercial,3,13,8,7,1,0,2,2,Infra & Cloud,Aucun,7,5,4,2,2,4,4,3,3,Non,18.0,801,0.875,2624.49,3.75,3,4,1,0,0,0,Cadre Commercial | N2,0.0,0.875
32,M,2176,Célibataire,Consulting,Consultant,4,9,6,2,0,5,2,1,Entrepreunariat,Occasionnel,0,4,4,2,2,1,4,3,3,Non,13.0,250,0.333,1087.99,3.0,1,4,1,0,0,0,Consultant | N2,0.714,0.0
46,F,16872,Marié(e),Commercial,Senior Manager,3,28,7,7,1,2,2,3,Entrepreunariat,Occasionnel,7,7,3,1,4,2,2,2,3,Oui,12.0,1808,1.0,4217.99,2.25,2,3,2,0,0,0,Senior Manager | N4,0.25,1.0
28,M,3485,Célibataire,Consulting,Consultant,2,5,0,0,0,5,2,4,Infra & Cloud,Occasionnel,0,0,1,3,1,3,3,1,3,Non,11.0,345,0.0,3484.97,2.0,1,3,0,0,1,0,Consultant | N1,5.0,0.0
29,M,6644,Marié(e),Commercial,Cadre Commercial,2,10,0,0,2,2,2,3,Transformation Digitale,Occasionnel,0,0,1,2,2,2,2,3,3,Non,19.0,1061,0.0,3321.98,2.0,1,3,1,0,1,0,Cadre Commercial | N2,2.0,0.0
31,M,5582,Marié(e),Consulting,Manager,0,10,9,0,1,2,23,3,Transformation Digitale,Occasionnel,7,8,2,2,2,4,2,3,4,Non,21.0,969,0.0,2790.99,2.75,2,4,2,0,0,0,Manager | N2,0.2,0.778
25,M,4000,Divorcé(e),Consulting,Manager,1,6,6,3,2,2,5,2,Infra & Cloud,Aucun,1,5,2,4,2,1,4,3,3,Non,12.0,429,0.5,1999.99,2.5,1,4,-1,0,0,0,Manager | N2,0.286,0.167
45,M,13496,Marié(e),Consulting,Manager,0,21,20,7,0,2,20,2,Transformation Digitale,Occasionnel,4,10,3,3,4,4,2,3,3,Oui,14.000000000000002,1657,0.35,3373.99,3.0,2,4,0,0,0,0,Manager | N4,0.095,0.2
36,M,3210,Marié(e),Consulting,Consultant,0,16,15,13,1,4,6,3,Infra & Cloud,Occasionnel,10,11,4,3,1,4,3,3,3,Non,11.0,318,0.867,3209.97,3.5,3,4,0,0,0,0,Consultant | N1,0.25,0.667
55,M,19045,Célibataire,Consulting,Senior Manager,0,37,36,10,0,2,1,3,Transformation Digitale,Occasionnel,4,13,4,3,5,1,3,3,3,Oui,14.000000000000002,2339,0.278,3808.99,2.75,1,4,0,0,0,0,Senior Manager | N5,0.054,0.111
47,M,11849,Marié(e),Consulting,Senior Manager,1,10,10,7,1,2,29,4,Infra & Cloud,Aucun,9,9,1,3,3,2,4,2,3,Oui,12.0,1270,0.7,3949.65,2.25,1,4,0,0,0,0,Senior Manager | N3,0.182,0.9
28,M,2070,Marié(e),Consulting,Assistant de Direction,1,5,5,2,1,3,9,3,Transformation Digitale,Occasionnel,0,4,4,3,1,4,4,2,4,Non,23.0,387,0.4,2069.98,3.5,2,4,1,0,0,0,Assistant de Direction | N1,0.5,0.0
37,M,6502,Marié(e),Commercial,Cadre Commercial,4,7,5,4,1,5,6,4,Transformation Digitale,Occasionnel,0,1,3,3,2,4,2,4,3,Non,14.000000000000002,798,0.8,3250.98,3.25,2,4,0,0,0,0,Cadre Commercial | N2,0.833,0.0
21,M,3230,Célibataire,Consulting,Assistant de Direction,1,3,3,2,0,4,3,2,Transformation Digitale,Occasionnel,1,0,4,2,1,3,1,4,3,Non,17.0,469,0.667,3229.97,3.0,1,4,1,0,0,0,Assistant de Direction | N1,1.0,0.333
37,F,13603,Divorcé(e),Consulting,Directeur Technique,2,15,5,2,2,2,1,4,Transformation Digitale,Aucun,0,2,1,3,3,4,1,3,3,Oui,18.0,2075,0.4,4534.32,2.25,1,4,0,0,0,0,Directeur Technique | N3,0.333,0.0
35,F,11996,Divorcé(e),Consulting,Senior Manager,7,10,7,7,1,6,22,3,Infra & Cloud,Occasionnel,6,2,2,4,3,2,2,2,3,Non,18.0,1830,1.0,3998.65,2.0,2,2,-1,0,0,1,Senior Manager | N3,0.75,0.857
38,F,5605,Divorcé(e),Commercial,Cadre Commercial,1,8,8,0,1,3,7,2,Transformation Digitale,Occasionnel,7,7,1,4,2,1,3,3,4,Oui,24.0,1085,0.0,2802.49,2.0,1,3,0,0,0,0,Cadre Commercial | N2,0.333,0.875
26,F,6397,Divorcé(e),Consulting,Tech Lead,1,6,6,5,1,6,1,3,Infra & Cloud,Frequent,1,4,3,3,2,2,1,1,4,Non,20.0,1066,0.833,3198.48,1.75,1,3,1,0,0,0,Tech Lead | N2,0.857,0.167
50,M,19144,Divorcé(e),Consulting,Directeur Technique,3,28,10,4,2,4,4,1,Infra & Cloud,Occasionnel,1,6,1,3,5,2,1,2,3,Non,14.000000000000002,2351,0.4,3828.79,1.5,1,2,0,0,0,0,Directeur Technique | N5,0.364,0.1
53,M,17584,Marié(e),Consulting,Directeur Technique,3,21,5,3,3,5,3,4,Transformation Digitale,Occasionnel,1,3,3,3,4,3,4,2,3,Oui,16.0,2425,0.6,4395.99,3.0,2,4,0,0,0,0,Directeur Technique | N4,0.833,0.2
42,M,4907,Marié(e),Commercial,Cadre Commercial,1,20,20,16,0,3,1,1,Infra & Cloud,Occasionnel,11,6,2,3,2,3,3,3,4,Non,25.0,981,0.8,2453.49,2.75,2,3,1,0,0,0,Cadre Commercial | N2,0.143,0.55
29,M,4554,Célibataire,Commercial,Cadre Commercial,1,10,10,7,0,3,2,2,Infra & Cloud,Frequent,0,9,2,3,2,4,1,2,3,Non,18.0,695,0.7,2276.99,2.25,1,4,0,0,0,0,Cadre Commercial | N2,0.273,0.0
55,M,5415,Marié(e),Consulting,Consultant,3,12,10,7,1,4,20,2,Entrepreunariat,Occasionnel,0,8,2,3,2,4,4,3,3,Oui,19.0,865,0.7,2707.49,3.25,2,4,0,0,0,0,Consultant | N2,0.364,0.0
26,M,4741,Marié(e),Consulting,Manager,1,5,5,3,1,3,11,2,Transformation Digitale,Frequent,3,3,1,3,2,1,3,3,3,Oui,13.0,545,0.6,2370.49,2.0,1,3,0,1,0,0,Manager | N2,0.5,0.6
37,F,2115,Célibataire,Consulting,Assistant de Direction,1,17,17,12,0,3,1,3,Infra & Cloud,Occasionnel,5,7,4,3,1,4,2,3,3,Non,12.0,227,0.706,2114.98,3.25,2,4,0,0,0,0,Assistant de Direction | N1,0.167,0.294
44,M,3161,Divorcé(e),Consulting,Consultant,3,19,1,0,1,0,24,3,Infra & Cloud,Frequent,0,0,4,3,1,3,4,1,4,Oui,22.0,570,0.0,3160.97,3.0,1,4,1,1,0,0,Consultant | N1,0.0,0.0
38,M,5745,Divorcé(e),Consulting,Manager,9,10,2,2,1,2,23,4,Infra & Cloud,Occasionnel,1,2,4,3,2,4,2,3,3,Non,14.000000000000002,706,1.0,2872.49,3.25,2,4,0,0,0,1,Manager | N2,0.667,0.5
26,M,2373,Divorcé(e),Consulting,Consultant,2,5,3,2,1,2,16,4,Transformation Digitale,Occasionnel,0,2,1,3,1,2,4,3,3,Oui,13.0,273,0.667,2372.98,2.5,1,4,0,1,0,0,Consultant | N1,0.5,0.0
28,F,3310,Célibataire,Consulting,Assistant de Direction,1,5,5,3,0,3,8,2,Infra & Cloud,Occasionnel,0,2,4,3,1,4,4,3,4,Non,21.0,574,0.6,3309.97,3.75,3,4,1,0,0,0,Assistant de Direction | N1,0.5,0.0
49,F,18665,Célibataire,Consulting,Directeur Technique,9,22,3,2,0,4,10,4,Infra & Cloud,Frequent,1,2,3,3,5,1,4,3,3,Oui,11.0,1850,0.667,3732.99,2.75,1,4,0,0,0,1,Directeur Technique | N5,1.0,0.333
36,M,4485,Célibataire,Consulting,Assistant de Direction,4,10,8,0,0,2,3,3,Entrepreunariat,Occasionnel,7,7,3,3,2,2,4,3,3,Non,12.0,481,0.0,2242.49,3.0,2,4,0,0,0,0,Assistant de Direction | N2,0.222,0.875
31,F,2789,Divorcé(e),Commercial,Représentant Commercial,1,2,2,2,1,5,5,3,Marketing,Frequent,2,2,4,3,1,2,3,2,3,Non,11.0,276,1.0,2788.97,2.75,2,4,0,0,0,0,Représentant Commercial | N1,1.667,1.0
26,M,5828,Célibataire,Commercial,Cadre Commercial,1,8,8,7,0,0,4,4,Marketing,Occasionnel,7,4,4,2,2,4,2,3,3,Oui,12.0,624,0.875,2913.99,3.25,2,4,1,0,0,0,Cadre Commercial | N2,0.0,0.875
37,M,2326,Marié(e),Consulting,Assistant de Direction,1,4,4,2,3,3,9,3,Transformation Digitale,Frequent,1,2,2,3,1,4,3,2,3,Oui,12.0,249,0.5,2325.98,2.75,2,4,0,1,0,0,Assistant de Direction | N1,0.6,0.25
42,F,13525,Marié(e),Commercial,Cadre Commercial,5,23,20,4,1,2,26,3,Marketing,Frequent,4,8,3,3,4,2,4,4,3,Non,14.000000000000002,1661,0.2,3381.24,3.25,2,4,0,0,0,1,Cadre Commercial | N4,0.095,0.2
18,M,1420,Célibataire,Consulting,Consultant,1,0,0,0,0,2,3,3,Infra & Cloud,Occasionnel,0,0,3,3,1,3,3,3,3,Non,13.0,163,0.0,1419.99,3.0,3,3,0,0,1,0,Consultant | N1,2.0,0.0
35,M,8020,Marié(e),Commercial,Cadre Commercial,0,12,11,9,2,3,16,3,Marketing,Occasionnel,6,9,3,3,3,2,3,2,3,Non,15.0,1046,0.818,2673.32,2.5,2,3,0,0,0,0,Cadre Commercial | N3,0.25,0.545
36,M,3688,Marié(e),Consulting,Consultant,4,4,1,0,2,2,18,4,Infra & Cloud,Frequent,0,0,3,4,1,4,4,3,3,Non,18.0,563,0.0,3687.96,3.5,3,4,-1,0,0,0,Consultant | N1,1.0,0.0
51,M,5482,Divorcé(e),Consulting,Tech Lead,5,13,4,1,1,3,2,3,Transformation Digitale,Occasionnel,1,2,4,1,2,2,4,3,3,Non,18.0,836,0.25,2740.99,3.25,2,4,2,0,0,1,Tech Lead | N2,0.6,0.25
41,M,16015,Célibataire,Commercial,Senior Manager,1,22,22,10,0,2,2,4,Infra & Cloud,Occasionnel,0,4,4,3,4,2,2,3,3,Non,19.0,2557,0.455,4003.74,2.75,2,4,0,0,0,0,Senior Manager | N4,0.087,0.0
18,F,1200,Célibataire,Commercial,Représentant Commercial,1,0,0,0,0,2,10,3,Transformation Digitale,Occasionnel,0,0,4,2,1,3,1,3,3,Non,12.0,129,0.0,1199.99,2.75,1,4,1,0,1,0,Représentant Commercial | N1,2.0,0.0
28,M,5661,Célibataire,Consulting,Manager,0,9,8,3,0,2,16,2,Transformation Digitale,Occasionnel,0,7,2,4,2,1,3,3,3,Non,19.0,904,0.375,2830.49,2.25,1,3,-1,0,0,0,Manager | N2,0.222,0.0
31,M,6929,Marié(e),Commercial,Cadre Commercial,4,10,8,7,1,3,7,3,Entrepreunariat,Occasionnel,7,7,2,4,2,4,2,2,3,Non,11.0,687,0.875,3464.48,2.5,2,4,-1,0,0,0,Cadre Commercial | N2,0.333,0.875
39,M,9613,Divorcé(e),Consulting,Manager,0,19,18,10,3,5,1,3,Transformation Digitale,Occasionnel,3,7,3,4,3,4,1,2,3,Non,17.0,1397,0.556,3204.32,2.5,1,4,-1,0,0,0,Manager | N3,0.263,0.167
36,F,5674,Marié(e),Consulting,Consultant,7,11,9,8,1,3,24,4,Infra & Cloud,Aucun,0,8,2,3,2,2,3,3,3,Non,15.0,740,0.889,2836.99,2.5,2,3,0,0,0,1,Consultant | N2,0.3,0.0
32,M,5484,Marié(e),Commercial,Cadre Commercial,1,13,13,8,1,3,7,3,Infra & Cloud,Occasionnel,4,8,4,2,2,3,3,2,3,Non,14.000000000000002,673,0.615,2741.99,3.0,2,4,1,0,0,0,Cadre Commercial | N2,0.214,0.308
38,F,12061,Marié(e),Consulting,Directeur Technique,3,19,10,8,1,2,25,2,Infra & Cloud,Occasionnel,0,1,1,2,3,2,3,3,3,Non,17.0,1752,0.8,4020.32,2.25,1,3,1,0,0,0,Directeur Technique | N3,0.182,0.0
58,M,5660,Divorcé(e),Consulting,Manager,2,12,5,3,1,2,1,4,Infra & Cloud,Aucun,1,2,4,1,2,3,4,3,3,Oui,13.0,651,0.6,2829.99,3.5,3,4,2,0,0,0,Manager | N2,0.333,0.2
31,M,4821,Marié(e),Consulting,Assistant de Direction,0,6,5,2,1,4,5,4,Entrepreunariat,Occasionnel,0,3,3,3,1,4,3,3,3,Oui,12.0,517,0.4,4820.95,3.25,3,4,0,1,0,0,Assistant de Direction | N1,0.667,0.0
31,M,6410,Marié(e),Ressources Humaines,Ressources Humaines,3,9,2,2,0,1,2,3,Ressources Humaines,Occasionnel,1,0,1,2,2,1,4,3,3,Non,12.0,687,1.0,3204.98,2.25,1,4,1,0,0,0,Ressources Humaines | N2,0.333,0.5
45,M,5210,Divorcé(e),Consulting,Consultant,1,24,24,9,1,2,7,3,Infra & Cloud,Frequent,9,11,1,3,3,1,1,3,3,Non,18.0,795,0.375,1736.66,1.5,1,3,0,0,0,0,Consultant | N3,0.08,0.375
31,M,2695,Divorcé(e),Consulting,Assistant de Direction,0,3,2,2,1,2,2,4,Infra & Cloud,Occasionnel,2,2,3,3,1,4,2,1,3,Oui,18.0,411,1.0,2694.97,2.5,1,4,0,1,0,0,Assistant de Direction | N1,0.667,1.0
33,F,11878,Marié(e),Consulting,Senior Manager,6,12,10,6,2,2,5,4,Infra & Cloud,Frequent,8,8,4,3,3,2,2,3,3,Non,11.0,1177,0.6,3959.32,2.75,2,4,0,0,0,1,Senior Manager | N3,0.182,0.8
39,M,17068,Marié(e),Consulting,Senior Manager,1,21,21,9,0,3,10,1,Transformation Digitale,Occasionnel,11,10,3,3,4,1,4,3,3,Oui,14.000000000000002,2096,0.429,4266.99,2.75,1,4,0,0,0,0,Senior Manager | N4,0.136,0.524
43,F,2455,Célibataire,Consulting,Consultant,0,9,8,7,0,5,10,4,Infra & Cloud,Frequent,1,7,3,3,1,4,1,3,3,Non,19.0,392,0.875,2454.98,2.75,1,4,0,0,0,0,Consultant | N1,0.556,0.125
49,F,13964,Célibataire,Consulting,Manager,7,25,7,1,0,2,1,2,Entrepreunariat,Occasionnel,0,7,3,2,4,3,4,3,3,Oui,12.0,1496,0.143,3490.99,3.25,3,4,1,0,0,1,Manager | N4,0.25,0.0
52,M,4941,Marié(e),Consulting,Assistant de Direction,2,11,8,2,0,3,8,4,Transformation Digitale,Occasionnel,7,7,3,2,2,2,1,2,3,Non,15.0,644,0.25,2470.49,2.0,1,3,1,0,0,0,Assistant de Direction | N2,0.333,0.875
27,F,2478,Célibataire,Consulting,Assistant de Direction,1,4,4,3,0,2,5,3,Infra & Cloud,Occasionnel,1,2,3,3,1,2,2,2,3,Oui,12.0,266,0.75,2477.98,2.25,2,3,0,1,0,0,Assistant de Direction | N1,0.4,0.25
32,F,5228,Marié(e),Commercial,Cadre Commercial,1,13,13,12,0,2,8,2,Entrepreunariat,Occasionnel,11,9,3,2,2,2,4,3,3,Oui,11.0,518,0.923,2613.99,3.0,2,4,1,0,0,0,Cadre Commercial | N2,0.143,0.846
27,M,4478,Célibataire,Commercial,Cadre Commercial,1,5,5,4,0,3,2,3,Infra & Cloud,Occasionnel,0,4,4,3,2,3,1,3,3,Oui,11.0,444,0.8,2238.99,2.75,1,4,0,1,0,0,Cadre Commercial | N2,0.5,0.0
31,M,7547,Divorcé(e),Commercial,Cadre Commercial,4,13,7,7,3,3,7,3,Marketing,Occasionnel,1,7,4,3,2,4,4,3,3,Non,12.0,809,1.0,3773.48,3.75,3,4,0,0,0,0,Cadre Commercial | N2,0.375,0.143
32,F,5055,Célibataire,Consulting,Assistant de Direction,7,10,7,7,0,0,2,4,Transformation Digitale,Occasionnel,0,7,1,4,2,4,3,2,3,Non,16.0,697,1.0,2527.49,2.5,1,4,-1,0,0,1,Assistant de Direction | N2,0.0,0.0
28,M,3464,Marié(e),Consulting,Assistant de Direction,5,5,3,2,0,4,2,4,Transformation Digitale,Occasionnel,2,2,1,1,1,4,4,2,3,Oui,13.0,399,0.667,3463.97,2.75,1,4,2,1,0,1,Assistant de Direction | N1,1.0,0.667
30,F,5775,Marié(e),Consulting,Assistant de Direction,1,11,10,8,2,2,28,2,Transformation Digitale,Occasionnel,1,9,4,3,2,4,4,3,3,Non,13.0,664,0.8,2887.49,3.75,3,4,0,0,0,0,Assistant de Direction | N2,0.182,0.1
31,F,8943,Marié(e),Consulting,Tech Lead,1,10,10,9,1,2,7,2,Infra & Cloud,Frequent,8,9,3,2,3,3,1,3,4,Non,24.0,1731,0.9,2980.99,2.5,1,3,2,0,0,0,Tech Lead | N3,0.182,0.8
39,M,19272,Marié(e),Consulting,Senior Manager,1,21,21,9,1,2,7,2,Transformation Digitale,Frequent,13,3,3,2,5,4,1,3,3,Non,15.0,2514,0.429,3854.39,2.75,1,4,1,0,0,0,Senior Manager | N5,0.091,0.619
39,F,5238,Marié(e),Commercial,Cadre Commercial,4,12,1,0,0,3,3,2,Transformation Digitale,Occasionnel,0,0,4,3,2,3,1,2,3,Oui,18.0,799,0.0,2618.99,2.5,1,4,0,0,0,0,Cadre Commercial | N2,1.5,0.0
33,M,4682,Célibataire,Commercial,Cadre Commercial,3,9,7,7,0,6,10,3,Marketing,Frequent,0,1,2,2,2,4,3,2,3,Non,14.000000000000002,575,1.0,2340.99,2.75,2,4,1,0,0,0,Cadre Commercial | N2,0.75,0.0
47,M,18300,Marié(e),Consulting,Directeur Technique,4,21,3,2,1,2,5,5,Infra & Cloud,Occasionnel,1,1,4,3,5,3,2,3,3,Non,11.0,1814,0.667,3659.99,3.0,2,4,0,0,0,0,Directeur Technique | N5,0.5,0.333
43,F,5257,Divorcé(e),Consulting,Consultant,1,9,9,7,1,3,10,4,Infra & Cloud,Frequent,0,0,3,2,2,3,2,4,3,Non,11.0,521,0.778,2628.49,3.0,2,4,1,0,0,0,Consultant | N2,0.3,0.0
27,M,6349,Marié(e),Commercial,Cadre Commercial,0,6,5,4,1,0,1,1,Marketing,Aucun,1,4,3,3,2,2,4,3,3,Oui,13.0,730,0.8,3174.48,3.0,2,4,0,0,0,0,Cadre Commercial | N2,0.0,0.2
54,F,4869,Célibataire,Consulting,Assistant de Direction,3,20,4,3,0,4,20,4,Infra & Cloud,Frequent,0,3,4,3,2,3,4,2,3,Non,12.0,522,0.75,2434.49,3.25,2,4,0,0,0,0,Assistant de Direction | N2,0.8,0.0
43,F,9985,Marié(e),Consulting,Manager,8,10,1,0,1,1,7,3,Infra & Cloud,Occasionnel,0,0,3,3,3,1,1,2,3,Non,16.0,1377,0.0,3328.32,1.75,1,3,0,0,0,1,Manager | N3,0.5,0.0
45,M,3697,Marié(e),Consulting,Assistant de Direction,9,12,10,9,2,3,8,4,Autre,Occasionnel,9,8,4,3,2,4,1,3,3,Non,14.000000000000002,454,0.9,1848.49,3.0,1,4,0,0,0,1,Assistant de Direction | N2,0.273,0.9
40,M,7457,Marié(e),Commercial,Cadre Commercial,2,6,4,3,3,2,1,2,Transformation Digitale,Occasionnel,0,2,2,1,2,4,3,2,4,Oui,22.0,1345,0.75,3728.48,2.75,2,4,3,0,0,0,Cadre Commercial | N2,0.4,0.0
29,M,2119,Marié(e),Consulting,Consultant,1,7,7,7,0,4,8,4,Autre,Occasionnel,0,7,2,1,1,1,4,2,3,Oui,11.0,210,1.0,2118.98,2.25,1,4,2,1,0,0,Consultant | N1,0.5,0.0
29,M,3983,Célibataire,Consulting,Consultant,0,4,3,2,0,2,9,5,Autre,Occasionnel,2,2,2,2,1,4,3,3,3,Non,17.0,579,0.667,3982.96,3.0,2,4,1,0,0,0,Consultant | N1,0.5,0.667
30,F,6118,Divorcé(e),Commercial,Cadre Commercial,1,10,10,9,3,2,5,3,Marketing,Occasionnel,1,2,4,2,2,3,3,3,3,Non,13.0,704,0.9,3058.98,3.25,3,4,1,0,0,0,Cadre Commercial | N2,0.182,0.1
27,F,6214,Marié(e),Commercial,Cadre Commercial,1,8,8,7,1,3,8,4,Marketing,Occasionnel,0,7,2,3,2,2,1,3,3,Non,18.0,948,0.875,3106.98,2.0,1,3,0,0,0,0,Cadre Commercial | N2,0.333,0.0
37,M,6347,Divorcé(e),Consulting,Tech Lead,7,8,6,2,2,2,5,2,Transformation Digitale,Occasionnel,0,4,4,3,2,4,3,2,3,Non,16.0,875,0.333,3173.48,3.25,2,4,0,0,0,1,Tech Lead | N2,0.286,0.0
38,M,11510,Divorcé(e),Consulting,Directeur Technique,0,12,11,10,1,3,15,2,Infra & Cloud,Occasionnel,2,9,3,2,3,4,2,3,3,Oui,14.000000000000002,1414,0.909,3836.65,3.0,2,4,1,0,0,0,Directeur Technique | N3,0.25,0.182
31,F,7143,Célibataire,Consulting,Tech Lead,1,11,11,9,0,2,7,4,Transformation Digitale,Occasionnel,4,10,3,3,3,4,3,2,3,Oui,14.000000000000002,877,0.818,2380.99,3.0,2,4,0,0,0,0,Tech Lead | N3,0.167,0.364
29,F,8268,Divorcé(e),Commercial,Cadre Commercial,1,7,7,7,2,2,10,1,Marketing,Occasionnel,1,7,4,2,2,2,1,3,3,Oui,14.000000000000002,1015,1.0,4133.98,2.5,1,4,1,0,0,0,Cadre Commercial | N2,0.25,0.143
35,M,8095,Célibataire,Consulting,Tech Lead,0,17,16,6,0,5,5,4,Entrepreunariat,Occasionnel,0,13,3,3,3,2,4,3,3,Non,13.0,931,0.375,2698.32,3.0,2,4,0,0,0,0,Tech Lead | N3,0.294,0.0
23,M,2904,Divorcé(e),Consulting,Assistant de Direction,1,4,4,2,2,2,26,1,Infra & Cloud,Occasionnel,0,2,3,3,1,4,3,2,3,Non,12.0,311,0.5,2903.97,3.0,2,4,0,0,0,0,Assistant de Direction | N1,0.4,0.0
41,M,6032,Célibataire,Consulting,Tech Lead,6,8,5,4,0,3,6,3,Transformation Digitale,Occasionnel,1,2,4,2,2,2,4,3,3,Oui,15.0,787,0.8,3015.98,3.25,2,4,1,0,0,1,Tech Lead | N2,0.5,0.2
47,M,2976,Célibataire,Commercial,Représentant Commercial,3,5,0,0,0,3,4,1,Transformation Digitale,Frequent,0,0,2,3,2,3,1,3,3,Non,19.0,475,0.0,1487.99,2.25,1,3,0,0,0,0,Représentant Commercial | N2,3.0,0.0
42,F,15992,Célibataire,Consulting,Directeur Technique,2,16,1,0,0,2,23,5,Infra & Cloud,Occasionnel,0,0,1,3,4,4,2,3,3,Non,14.000000000000002,1964,0.0,3997.99,2.5,1,4,0,0,0,0,Directeur Technique | N4,1.0,0.0
29,M,4649,Marié(e),Commercial,Cadre Commercial,1,4,4,3,1,3,2,3,Infra & Cloud,Aucun,0,2,4,3,2,3,1,2,3,Non,14.000000000000002,571,0.75,2324.49,2.5,1,4,0,0,0,0,Cadre Commercial | N2,0.6,0.0
42,M,2696,Divorcé(e),Ressources Humaines,Ressources Humaines,0,4,3,2,1,5,2,1,Entrepreunariat,Occasionnel,1,0,3,3,1,3,3,3,3,Oui,11.0,267,0.667,2695.97,3.0,3,3,0,1,0,0,Ressources Humaines | N1,1.25,0.333
32,F,2370,Marié(e),Consulting,Consultant,1,8,8,0,1,4,2,3,Transformation Digitale,Occasionnel,0,7,3,3,1,2,3,3,3,Non,13.0,273,0.0,2369.98,2.75,2,3,0,0,0,0,Consultant | N1,0.444,0.0
48,F,12504,Marié(e),Commercial,Senior Manager,3,15,0,0,1,3,29,1,Transformation Digitale,Occasionnel,0,0,1,3,3,3,2,1,4,Non,21.0,2170,0.0,4167.99,1.75,1,3,1,0,0,0,Senior Manager | N3,3.0,0.0
37,M,5974,Divorcé(e),Consulting,Assistant de Direction,4,13,7,7,2,2,6,3,Transformation Digitale,Occasionnel,6,7,3,4,2,1,1,3,3,Oui,13.0,687,1.0,2986.99,2.0,1,3,-1,0,0,0,Assistant de Direction | N2,0.25,0.857
30,F,4736,Marié(e),Commercial,Cadre Commercial,7,4,2,2,1,2,25,2,Entrepreunariat,Aucun,2,2,4,3,2,3,2,4,3,Oui,12.0,507,1.0,2367.99,3.25,2,4,0,1,1,1,Cadre Commercial | N2,0.667,1.0
26,M,5296,Marié(e),Commercial,Cadre Commercial,1,8,8,7,1,3,1,3,Infra & Cloud,Occasionnel,7,7,3,3,2,3,2,3,3,Non,17.0,770,0.875,2647.99,2.75,2,3,0,0,0,0,Cadre Commercial | N2,0.333,0.875
42,M,6781,Célibataire,Consulting,Manager,3,14,1,0,0,6,2,4,Autre,Occasionnel,0,0,1,2,2,4,2,3,4,Non,23.0,1268,0.0,3390.48,2.5,1,4,2,0,0,0,Manager | N2,3.0,0.0
21,F,2174,Célibataire,Commercial,Représentant Commercial,1,3,3,2,0,3,1,1,Entrepreunariat,Frequent,1,2,1,2,1,2,3,3,3,Oui,11.0,215,0.667,2173.98,2.25,1,3,1,1,0,0,Représentant Commercial | N1,0.75,0.333
36,F,6653,Célibataire,Commercial,Cadre Commercial,4,7,1,0,0,6,1,5,Transformation Digitale,Aucun,0,0,4,3,2,4,2,3,3,Non,15.0,868,0.0,3326.48,3.25,2,4,0,0,0,0,Cadre Commercial | N2,3.0,0.0
36,M,9699,Marié(e),Commercial,Cadre Commercial,4,16,13,9,1,2,3,4,Transformation Digitale,Frequent,1,12,1,2,3,4,1,3,3,Non,11.0,961,0.692,3232.99,2.25,1,4,1,0,0,0,Cadre Commercial | N3,0.143,0.077
57,M,6755,Marié(e),Consulting,Manager,2,15,3,2,0,2,1,4,Transformation Digitale,Occasionnel,1,2,4,3,2,3,3,3,3,Non,11.0,669,0.667,3377.48,3.25,3,4,0,0,0,0,Manager | N2,0.5,0.333
40,F,2213,Marié(e),Consulting,Consultant,3,10,7,7,1,3,10,4,Infra & Cloud,Occasionnel,1,7,4,4,1,3,3,3,3,Oui,13.0,255,1.0,2212.98,3.25,3,4,-1,1,0,0,Consultant | N1,0.375,0.143
21,M,2610,Célibataire,Commercial,Représentant Commercial,1,3,3,2,0,3,9,2,Transformation Digitale,Aucun,2,2,1,3,1,4,3,2,4,Non,24.0,505,0.667,2609.97,2.5,1,4,1,0,0,0,Représentant Commercial | N1,0.75,0.667
33,F,2851,Célibataire,Commercial,Représentant Commercial,1,1,1,0,0,2,5,3,Marketing,Occasionnel,0,0,4,3,1,3,2,3,3,Oui,13.0,328,0.0,2850.97,3.0,2,4,0,1,0,0,Représentant Commercial | N1,1.0,0.0
37,F,3452,Marié(e),Consulting,Consultant,6,17,5,4,1,3,10,3,Transformation Digitale,Occasionnel,0,3,3,3,1,1,2,3,4,Non,20.0,575,0.8,3451.97,2.25,1,3,1,0,0,1,Consultant | N1,0.5,0.0
46,F,5258,Marié(e),Consulting,Tech Lead,2,7,1,0,0,2,7,4,Transformation Digitale,Aucun,0,0,3,3,2,3,3,4,3,Non,14.000000000000002,646,0.0,2628.99,3.25,3,4,0,0,0,0,Tech Lead | N2,1.0,0.0
41,M,9355,Célibataire,Commercial,Cadre Commercial,1,8,8,7,0,5,4,3,Marketing,Frequent,7,7,1,3,2,2,3,3,3,Non,18.0,1427,0.875,4677.48,2.25,1,3,0,0,0,0,Cadre Commercial | N2,0.556,0.875
50,M,10496,Célibataire,Consulting,Manager,6,20,4,3,0,2,10,3,Entrepreunariat,Occasionnel,1,3,4,2,3,4,4,3,3,Non,15.0,1369,0.75,3498.66,3.75,3,4,1,0,0,1,Manager | N3,0.4,0.25
40,M,6380,Marié(e),Commercial,Cadre Commercial,2,8,6,4,2,6,22,2,Marketing,Occasionnel,1,0,3,2,2,3,1,3,3,Oui,12.0,684,0.667,3189.98,2.5,1,3,1,0,0,0,Cadre Commercial | N2,0.857,0.167
31,M,2657,Célibataire,Consulting,Assistant de Direction,0,3,2,2,0,5,9,4,Infra & Cloud,Occasionnel,2,2,3,2,1,2,4,3,3,Oui,16.0,366,1.0,2656.97,3.0,2,4,1,1,0,0,Assistant de Direction | N1,1.667,1.0
21,F,2716,Célibataire,Commercial,Représentant Commercial,1,1,1,0,0,0,12,3,Infra & Cloud,Occasionnel,0,0,3,4,1,2,4,3,3,Non,15.0,354,0.0,2715.97,3.0,2,4,-1,0,1,0,Représentant Commercial | N1,0.0,0.0
29,M,2201,Célibataire,Consulting,Assistant de Direction,9,6,3,2,0,4,23,3,Infra & Cloud,Occasionnel,1,2,4,3,1,4,4,3,3,Non,16.0,304,0.667,2200.98,3.75,3,4,0,0,0,1,Assistant de Direction | N1,1.0,0.333
35,M,6540,Célibataire,Consulting,Manager,9,10,1,1,0,5,9,4,Infra & Cloud,Occasionnel,0,0,3,2,2,2,3,3,3,Non,19.0,1044,1.0,3269.98,2.75,2,3,1,0,0,1,Manager | N2,2.5,0.0
27,M,3816,Divorcé(e),Consulting,Consultant,1,5,5,2,1,2,1,2,Transformation Digitale,Occasionnel,0,4,4,3,1,2,2,3,3,Non,11.0,378,0.4,3815.96,2.75,2,4,0,0,0,0,Consultant | N1,0.333,0.0
28,M,5253,Célibataire,Commercial,Cadre Commercial,1,7,7,5,0,1,9,4,Infra & Cloud,Occasionnel,0,7,2,3,2,4,4,3,3,Non,16.0,725,0.714,2626.49,3.25,2,4,0,0,0,0,Cadre Commercial | N2,0.125,0.0
49,M,10965,Célibataire,Consulting,Manager,8,26,5,2,0,2,7,3,Autre,Occasionnel,0,0,2,2,3,3,3,3,4,Non,24.0,2122,0.4,3654.99,2.75,2,3,2,0,0,1,Manager | N3,0.333,0.0
51,F,4936,Marié(e),Commercial,Cadre Commercial,4,18,7,7,1,2,14,2,Infra & Cloud,Occasionnel,0,7,3,3,2,4,3,2,3,Non,11.0,489,1.0,2467.99,3.0,2,4,0,0,0,0,Cadre Commercial | N2,0.25,0.0
36,F,2543,Marié(e),Consulting,Assistant de Direction,4,6,2,2,1,3,2,3,Infra & Cloud,Occasionnel,2,2,4,3,1,3,2,3,3,Non,13.0,293,1.0,2542.97,3.0,2,4,0,0,0,0,Assistant de Direction | N1,1.0,1.0
34,M,5304,Célibataire,Commercial,Cadre Commercial,8,9,5,2,0,3,19,3,Marketing,Aucun,0,4,1,4,2,4,2,2,3,Oui,13.0,610,0.4,2651.99,2.25,1,4,-1,0,0,1,Cadre Commercial | N2,0.5,0.0
55,F,16659,Célibataire,Consulting,Senior Manager,2,30,5,4,0,2,2,3,Infra & Cloud,Occasionnel,1,2,3,3,4,4,3,3,3,Oui,13.0,1917,0.8,4164.74,3.25,3,4,0,0,0,0,Senior Manager | N4,0.333,0.2
24,F,4260,Divorcé(e),Commercial,Cadre Commercial,1,5,5,2,1,2,10,4,Marketing,Occasionnel,0,3,4,3,2,3,4,4,3,Oui,12.0,456,0.4,2129.99,3.75,3,4,0,1,0,0,Cadre Commercial | N2,0.333,0.0
30,M,2476,Marié(e),Commercial,Représentant Commercial,1,1,1,0,1,3,2,1,Entrepreunariat,Occasionnel,0,0,3,3,1,2,1,3,3,Non,18.0,378,0.0,2475.98,2.25,1,3,0,0,1,0,Représentant Commercial | N1,1.5,0.0
26,M,3102,Célibataire,Consulting,Assistant de Direction,0,7,6,4,0,2,3,1,Entrepreunariat,Frequent,0,4,3,3,1,1,3,3,4,Non,22.0,559,0.667,3101.97,2.5,1,3,1,0,0,0,Assistant de Direction | N1,0.286,0.0
22,F,2244,Marié(e),Consulting,Assistant de Direction,1,2,2,1,1,1,11,3,Transformation Digitale,Occasionnel,1,2,1,3,1,2,4,3,3,Non,13.0,258,0.5,2243.98,2.5,1,4,0,0,1,0,Assistant de Direction | N1,0.333,0.5
36,M,7596,Marié(e),Commercial,Cadre Commercial,1,10,10,9,2,2,2,2,Transformation Digitale,Occasionnel,9,0,2,2,3,3,2,3,3,Non,13.0,874,0.9,2531.99,2.5,2,3,1,0,0,0,Cadre Commercial | N3,0.182,0.9
30,M,2285,Célibataire,Consulting,Assistant de Direction,9,3,1,0,0,4,4,3,Entrepreunariat,Frequent,0,0,3,3,1,4,3,3,4,Oui,23.0,427,0.0,2284.98,3.25,3,4,1,1,1,1,Assistant de Direction | N1,2.0,0.0
37,F,3034,Divorcé(e),Consulting,Consultant,1,18,18,7,1,2,14,3,Infra & Cloud,Occasionnel,12,17,4,3,1,1,3,2,3,Non,12.0,325,0.389,3033.97,2.5,1,4,0,0,0,0,Consultant | N1,0.105,0.667
40,F,5715,Divorcé(e),Commercial,Cadre Commercial,7,8,5,4,2,5,2,2,Marketing,Occasionnel,1,3,4,3,2,2,3,3,3,Non,12.0,612,0.8,2857.49,3.0,2,4,0,0,0,1,Cadre Commercial | N2,0.833,0.2
42,F,2576,Divorcé(e),Consulting,Consultant,3,8,5,2,1,5,1,4,Infra & Cloud,Occasionnel,1,2,2,3,1,1,2,3,3,Non,16.0,355,0.4,2575.97,2.0,1,3,0,0,0,0,Consultant | N1,0.833,0.2
37,M,4197,Célibataire,Consulting,Tech Lead,2,18,1,0,0,2,10,4,Infra & Cloud,Occasionnel,0,1,3,3,2,2,4,2,3,Oui,12.0,450,0.0,2098.49,2.75,2,4,0,1,0,0,Tech Lead | N2,1.0,0.0
43,M,14336,Divorcé(e),Consulting,Directeur Technique,1,25,25,10,1,3,12,3,Infra & Cloud,Occasionnel,3,9,1,2,4,2,3,3,3,Non,11.0,1421,0.4,3583.99,2.25,1,3,1,0,0,0,Directeur Technique | N4,0.115,0.12
40,F,3448,Marié(e),Consulting,Consultant,6,20,1,0,1,3,2,3,Transformation Digitale,Occasionnel,0,0,2,2,2,3,2,3,4,Non,22.0,622,0.0,1723.99,2.5,2,3,2,0,0,1,Consultant | N2,1.5,0.0
54,M,19406,Marié(e),Consulting,Directeur Technique,4,24,4,2,1,4,5,2,Transformation Digitale,Occasionnel,1,2,1,3,5,1,3,2,3,Non,11.0,1923,0.5,3881.19,1.75,1,3,0,0,0,0,Directeur Technique | N5,0.8,0.25
34,F,6538,Marié(e),Commercial,Cadre Commercial,9,6,3,2,1,3,4,4,Marketing,Aucun,1,2,3,3,2,3,1,3,3,Non,15.0,853,0.667,3268.98,2.5,1,3,0,0,0,1,Cadre Commercial | N2,0.75,0.333
31,F,4306,Marié(e),Consulting,Tech Lead,1,13,13,10,1,5,7,2,Transformation Digitale,Occasionnel,3,12,2,3,2,1,2,1,3,Non,12.0,461,0.769,2152.99,1.5,1,2,0,0,0,0,Tech Lead | N2,0.357,0.231
43,M,2258,Marié(e),Consulting,Consultant,7,8,3,2,1,1,21,3,Transformation Digitale,Frequent,1,2,4,3,1,4,1,3,4,Non,20.0,376,0.667,2257.98,3.0,1,4,1,0,0,1,Consultant | N1,0.25,0.333
43,F,4522,Divorcé(e),Consulting,Manager,4,8,5,2,0,3,8,4,Autre,Occasionnel,0,2,3,3,2,3,4,3,3,Oui,14.000000000000002,555,0.4,2260.99,3.25,3,4,0,1,0,0,Manager | N2,0.5,0.0
25,F,4487,Célibataire,Commercial,Cadre Commercial,1,5,5,4,0,3,4,2,Infra & Cloud,Occasionnel,1,3,2,2,2,4,2,3,3,Oui,11.0,445,0.8,2243.49,2.75,2,4,1,1,0,0,Cadre Commercial | N2,0.5,0.2
37,F,4449,Marié(e),Consulting,Assistant de Direction,3,15,13,11,2,2,25,5,Transformation Digitale,Aucun,10,7,2,3,2,3,1,3,3,Oui,15.0,580,0.846,2224.49,2.25,1,3,0,1,0,0,Assistant de Direction | N2,0.143,0.769
31,M,2218,Marié(e),Consulting,Consultant,1,4,4,2,1,3,1,2,Infra & Cloud,Occasionnel,3,2,4,2,1,1,3,3,3,Non,12.0,238,0.5,2217.98,2.75,1,4,1,0,0,0,Consultant | N1,0.6,0.75
39,M,19197,Divorcé(e),Consulting,Senior Manager,1,21,21,8,1,3,1,1,Infra & Cloud,Frequent,1,6,2,3,5,3,3,3,3,Oui,14.000000000000002,2358,0.381,3839.39,2.75,2,3,0,0,0,0,Senior Manager | N5,0.136,0.048
56,F,13212,Marié(e),Commercial,Cadre Commercial,9,36,7,7,3,0,6,3,Infra & Cloud,Frequent,7,7,3,4,4,1,4,2,3,Non,11.0,1309,1.0,3302.99,2.5,1,4,-1,0,0,1,Cadre Commercial | N4,0.0,1.0
30,F,6577,Célibataire,Commercial,Cadre Commercial,0,6,5,4,0,6,12,3,Entrepreunariat,Occasionnel,4,4,2,3,2,3,2,3,3,Non,11.0,652,0.8,3288.48,2.5,2,3,0,0,0,0,Cadre Commercial | N2,1.0,0.8
41,M,8392,Marié(e),Commercial,Cadre Commercial,1,10,10,7,1,2,1,3,Marketing,Occasionnel,0,7,2,4,3,1,3,3,3,Non,16.0,1158,0.7,2797.32,2.25,1,3,-1,0,0,0,Cadre Commercial | N3,0.182,0.0
28,M,4558,Divorcé(e),Consulting,Consultant,1,10,10,0,1,2,17,2,Transformation Digitale,Occasionnel,1,8,3,3,2,1,4,3,3,Non,12.0,488,0.0,2278.99,2.75,1,4,0,0,0,0,Consultant | N2,0.182,0.1
25,M,4031,Marié(e),Consulting,Consultant,5,6,2,2,1,5,3,3,Transformation Digitale,Occasionnel,0,2,1,3,1,1,3,3,3,Non,13.0,464,1.0,4030.96,2.0,1,3,0,0,1,1,Consultant | N1,1.667,0.0
52,M,7969,Marié(e),Consulting,Tech Lead,2,28,5,4,0,4,3,3,Transformation Digitale,Occasionnel,0,4,4,2,3,3,3,3,3,Oui,14.000000000000002,979,0.8,2656.32,3.25,3,4,1,0,0,0,Tech Lead | N3,0.667,0.0
45,M,2654,Marié(e),Consulting,Assistant de Direction,3,8,2,2,2,3,10,2,Infra & Cloud,Occasionnel,0,2,1,3,1,4,4,2,4,Non,21.0,461,1.0,2653.97,2.75,1,4,1,0,0,0,Assistant de Direction | N1,1.0,0.0
52,F,16555,Marié(e),Consulting,Senior Manager,2,31,5,2,0,2,4,2,Infra & Cloud,Occasionnel,1,4,4,3,4,4,4,1,3,Non,13.0,1905,0.4,4138.74,3.25,1,4,0,0,0,0,Senior Manager | N4,0.333,0.2
42,F,4556,Divorcé(e),Consulting,Assistant de Direction,2,19,5,4,1,3,29,2,Infra & Cloud,Frequent,0,2,1,3,2,3,2,3,3,Non,11.0,451,0.8,2277.99,2.25,1,3,0,0,0,0,Assistant de Direction | N2,0.5,0.0
30,F,6091,Célibataire,Consulting,Tech Lead,2,11,5,4,0,2,2,3,Infra & Cloud,Occasionnel,0,2,3,1,2,4,3,3,4,Non,20.0,1015,0.8,3045.48,3.25,3,4,3,0,0,0,Tech Lead | N2,0.333,0.0
60,F,19566,Marié(e),Consulting,Senior Manager,5,33,29,8,0,5,7,3,Infra & Cloud,Occasionnel,11,10,1,3,5,1,4,1,3,Non,11.0,1939,0.276,3913.19,1.75,1,4,0,0,0,1,Senior Manager | N5,0.167,0.379
46,F,4810,Divorcé(e),Consulting,Tech Lead,2,19,10,7,1,5,18,3,Transformation Digitale,Occasionnel,0,8,3,3,2,3,3,2,3,Non,14.000000000000002,591,0.7,2404.99,2.75,2,3,0,0,0,0,Tech Lead | N2,0.455,0.0
42,F,4523,Marié(e),Consulting,Manager,0,7,6,5,3,4,28,4,Entrepreunariat,Frequent,0,4,4,2,2,4,4,4,3,Non,11.0,448,0.833,2261.49,4.0,4,4,1,0,0,0,Manager | N2,0.571,0.0
24,F,3202,Célibataire,Commercial,Représentant Commercial,1,6,5,3,0,4,1,1,Entrepreunariat,Occasionnel,1,4,1,3,1,2,2,3,3,Oui,16.0,442,0.6,3201.97,2.0,1,3,0,1,0,0,Représentant Commercial | N1,0.667,0.2
34,F,2351,Divorcé(e),Commercial,Représentant Commercial,0,3,2,2,1,3,6,2,Marketing,Frequent,1,0,4,1,1,3,4,2,3,Non,16.0,324,1.0,2350.98,3.25,2,4,2,0,0,0,Représentant Commercial | N1,1.0,0.5
38,M,1702,Marié(e),Consulting,Consultant,1,1,1,0,1,3,2,2,Infra & Cloud,Frequent,0,0,4,3,1,4,3,3,4,Oui,23.0,318,0.0,1701.98,3.5,3,4,1,1,0,0,Consultant | N1,1.5,0.0
40,F,18041,Marié(e),Commercial,Senior Manager,0,21,20,15,0,2,2,4,Infra & Cloud,Occasionnel,1,12,3,3,5,3,4,3,3,Non,14.000000000000002,2216,0.75,3608.19,3.25,3,4,0,0,0,0,Senior Manager | N5,0.095,0.05
26,F,2886,Divorcé(e),Consulting,Assistant de Direction,1,3,3,2,2,3,23,3,Infra & Cloud,Occasionnel,0,2,1,3,1,4,2,1,4,Non,22.0,520,0.667,2885.97,2.0,1,4,1,0,0,0,Assistant de Direction | N1,0.75,0.0
30,M,2097,Marié(e),Consulting,Consultant,4,9,5,3,1,3,3,3,Infra & Cloud,Aucun,1,4,3,3,1,4,3,1,3,Non,15.0,274,0.6,2096.98,2.75,1,4,0,0,0,0,Consultant | N1,0.5,0.2
29,M,11935,Marié(e),Consulting,Directeur Technique,1,10,10,2,0,2,3,4,Transformation Digitale,Occasionnel,0,7,2,2,3,3,3,3,3,Non,18.0,1821,0.2,3978.32,2.75,2,3,1,0,0,0,Directeur Technique | N3,0.182,0.0
29,F,2546,Marié(e),Consulting,Assistant de Direction,5,6,2,2,0,2,25,5,Entrepreunariat,Occasionnel,1,1,3,2,1,2,2,4,3,Non,16.0,351,1.0,2545.97,2.75,2,4,1,0,1,1,Assistant de Direction | N1,0.667,0.5
19,M,2564,Célibataire,Ressources Humaines,Ressources Humaines,1,1,1,0,0,3,2,2,Entrepreunariat,Occasionnel,0,0,1,2,1,4,3,4,3,Non,12.0,275,0.0,2563.97,3.0,1,4,1,0,1,0,Ressources Humaines | N1,1.5,0.0
30,F,8412,Marié(e),Commercial,Cadre Commercial,0,10,9,8,0,3,22,4,Autre,Aucun,7,8,3,3,3,1,3,3,3,Non,11.0,834,0.889,2803.99,2.5,1,3,0,0,0,0,Cadre Commercial | N3,0.3,0.778
57,M,14118,Divorcé(e),Commercial,Senior Manager,3,32,1,0,1,3,29,3,Marketing,Occasionnel,0,0,1,2,4,4,3,2,3,Non,12.0,1513,0.0,3529.49,2.5,1,4,1,0,0,0,Senior Manager | N4,1.5,0.0
50,M,17046,Marié(e),Consulting,Senior Manager,0,28,27,10,1,2,29,4,Infra & Cloud,Occasionnel,15,7,2,2,4,3,2,3,3,Non,15.0,2223,0.37,4261.49,2.5,2,3,1,0,0,0,Senior Manager | N4,0.071,0.556
30,F,2564,Célibataire,Consulting,Consultant,0,12,11,7,0,2,2,3,Transformation Digitale,Aucun,6,7,3,3,1,4,3,2,3,Non,14.000000000000002,315,0.636,2563.97,3.0,2,4,0,0,0,0,Consultant | N1,0.167,0.545
60,F,10266,Marié(e),Commercial,Cadre Commercial,4,22,18,13,0,5,28,3,Marketing,Frequent,13,11,3,2,3,1,4,4,3,Non,19.0,1639,0.722,3421.99,3.0,1,4,1,0,0,0,Cadre Commercial | N3,0.263,0.722
47,F,5070,Divorcé(e),Consulting,Tech Lead,5,20,5,0,3,2,2,2,Transformation Digitale,Occasionnel,0,4,1,3,2,4,3,3,3,Non,13.0,583,0.0,2534.99,2.75,1,4,0,0,0,1,Tech Lead | N2,0.333,0.0
46,M,17861,Marié(e),Consulting,Directeur Technique,6,26,3,2,0,2,2,3,Infra & Cloud,Occasionnel,0,1,1,3,4,3,3,1,3,Non,13.0,2055,0.667,4465.24,2.0,1,3,0,0,0,1,Directeur Technique | N4,0.5,0.0
35,M,4230,Célibataire,Consulting,Consultant,0,6,5,4,0,2,22,3,Infra & Cloud,Occasionnel,4,3,4,1,1,3,3,3,3,Non,15.0,552,0.8,4229.96,3.25,3,4,2,0,0,0,Consultant | N1,0.333,0.8
54,F,3780,Célibataire,Consulting,Consultant,7,19,1,0,0,3,8,4,Infra & Cloud,Occasionnel,0,0,3,3,2,3,3,3,3,Non,11.0,375,0.0,1889.99,3.0,3,3,0,0,0,1,Consultant | N2,1.5,0.0
34,M,2768,Divorcé(e),Consulting,Assistant de Direction,3,14,7,3,1,3,2,4,Infra & Cloud,Occasionnel,5,7,4,2,1,3,3,3,3,Non,12.0,297,0.429,2767.97,3.25,3,4,1,0,0,0,Assistant de Direction | N1,0.375,0.714
46,F,9071,Marié(e),Commercial,Cadre Commercial,2,15,3,2,1,3,10,3,Marketing,Occasionnel,1,2,3,2,3,4,3,3,3,Oui,19.0,1448,0.667,3023.66,3.25,3,4,1,0,0,0,Cadre Commercial | N3,0.75,0.333
31,M,10648,Divorcé(e),Consulting,Tech Lead,1,13,13,8,1,6,9,1,Infra & Cloud,Occasionnel,0,8,3,3,3,2,4,4,4,Non,25.0,2130,0.615,3549.32,3.25,2,4,1,0,0,0,Tech Lead | N3,0.429,0.0
33,M,13610,Marié(e),Consulting,Senior Manager,7,15,7,6,0,2,15,1,Transformation Digitale,Occasionnel,7,7,2,3,3,3,4,4,3,Oui,12.0,1458,0.857,4536.65,3.25,2,4,0,0,0,1,Senior Manager | N3,0.25,1.0
33,M,3408,Divorcé(e),Consulting,Consultant,7,8,4,3,3,2,10,1,Transformation Digitale,Occasionnel,1,3,1,1,1,4,1,3,3,Non,13.0,392,0.75,3407.97,2.25,1,4,2,0,0,1,Consultant | N1,0.4,0.25
30,M,2983,Célibataire,Commercial,Représentant Commercial,0,4,3,2,0,3,7,1,Marketing,Occasionnel,1,2,4,3,1,2,1,3,3,Non,14.000000000000002,366,0.667,2982.97,2.5,1,4,0,0,0,0,Représentant Commercial | N1,0.75,0.333
35,M,7632,Marié(e),Consulting,Manager,4,10,8,7,0,2,16,3,Infra & Cloud,Occasionnel,0,0,4,3,3,3,3,3,3,Oui,12.0,818,0.875,2543.99,3.25,3,4,0,0,0,0,Manager | N3,0.222,0.0
31,M,9824,Marié(e),Consulting,Manager,3,12,1,0,0,2,20,3,Infra & Cloud,Frequent,0,0,1,3,3,3,1,3,3,Non,12.0,1053,0.0,3274.66,2.0,1,3,0,0,0,0,Manager | N3,1.0,0.0
34,F,9950,Divorcé(e),Ressources Humaines,Ressources Humaines,9,11,3,2,3,2,23,3,Ressources Humaines,Frequent,0,2,2,3,3,1,3,3,3,Oui,15.0,1298,0.667,3316.66,2.25,1,3,0,0,0,1,Ressources Humaines | N3,0.5,0.0
42,M,2093,Marié(e),Consulting,Consultant,4,8,2,2,1,4,5,2,Autre,Frequent,2,0,2,3,1,3,4,3,3,Non,17.0,304,1.0,2092.98,3.0,2,4,0,0,0,0,Consultant | N1,1.333,1.0
36,M,9980,Célibataire,Commercial,Cadre Commercial,1,10,10,3,0,3,10,4,Transformation Digitale,Aucun,9,7,2,3,3,4,4,2,3,Non,14.000000000000002,1226,0.3,3326.66,3.0,2,4,0,0,0,0,Cadre Commercial | N3,0.273,0.9
22,M,3894,Célibataire,Consulting,Consultant,5,4,2,2,0,3,4,1,Entrepreunariat,Frequent,1,2,3,2,1,3,3,3,3,Non,16.0,537,1.0,3893.96,3.0,3,3,1,0,1,1,Consultant | N1,1.0,0.5
48,F,4051,Marié(e),Commercial,Cadre Commercial,2,14,9,7,1,2,2,5,Marketing,Occasionnel,6,7,2,3,2,4,1,3,3,Non,14.000000000000002,497,0.778,2025.49,2.5,1,4,0,0,0,0,Cadre Commercial | N2,0.2,0.667
55,F,16835,Célibataire,Commercial,Senior Manager,3,37,10,9,0,2,18,5,Infra & Cloud,Occasionnel,7,7,1,3,4,2,4,3,4,Non,23.0,3148,0.9,4208.74,2.5,1,4,1,0,0,0,Senior Manager | N4,0.182,0.7
41,M,6230,Célibataire,Commercial,Cadre Commercial,7,16,14,3,0,3,10,2,Infra & Cloud,Aucun,1,10,4,3,2,4,4,3,3,Non,14.000000000000002,765,0.214,3114.98,3.75,3,4,0,0,0,1,Cadre Commercial | N2,0.2,0.071
35,M,4717,Marié(e),Commercial,Cadre Commercial,9,15,11,9,0,2,1,3,Marketing,Occasionnel,6,9,2,3,2,3,3,3,3,Non,11.0,467,0.818,2358.49,2.75,2,3,0,0,0,1,Cadre Commercial | N2,0.167,0.545
40,F,13237,Célibataire,Consulting,Tech Lead,7,22,20,6,0,3,6,3,Infra & Cloud,Occasionnel,5,13,2,3,4,3,3,3,3,Non,15.0,1727,0.3,3309.24,2.75,2,3,0,0,0,1,Tech Lead | N4,0.143,0.25
39,F,3755,Marié(e),Consulting,Consultant,1,8,8,3,1,3,8,1,Infra & Cloud,Frequent,0,7,3,3,1,3,1,3,3,Non,11.0,372,0.375,3754.96,2.5,1,3,0,0,0,0,Consultant | N1,0.333,0.0
31,M,6582,Célibataire,Commercial,Cadre Commercial,4,10,6,5,0,2,2,1,Infra & Cloud,Occasionnel,0,5,2,3,2,4,3,4,3,Oui,13.0,757,0.833,3290.98,3.25,2,4,0,0,0,0,Cadre Commercial | N2,0.286,0.0
42,M,7406,Marié(e),Consulting,Tech Lead,1,10,10,9,1,5,24,3,Transformation Digitale,Occasionnel,5,8,4,3,3,1,4,2,4,Oui,21.0,1285,0.9,2468.66,2.75,1,4,1,0,0,0,Tech Lead | N3,0.455,0.5
45,M,4805,Marié(e),Commercial,Cadre Commercial,0,9,8,7,1,3,2,3,Autre,Occasionnel,3,7,4,3,2,2,2,4,3,Non,19.0,767,0.875,2402.49,3.0,2,4,0,0,0,0,Cadre Commercial | N2,0.333,0.375
26,F,2741,Divorcé(e),Ressources Humaines,Ressources Humaines,0,8,7,7,1,2,17,4,Infra & Cloud,Frequent,1,0,2,3,1,3,2,2,3,Oui,11.0,272,1.0,2740.97,2.25,2,3,0,1,0,0,Ressources Humaines | N1,0.25,0.143
29,M,4262,Divorcé(e),Consulting,Tech Lead,4,8,3,2,2,2,19,3,Entrepreunariat,Occasionnel,1,2,4,3,2,4,2,4,3,Non,12.0,457,0.667,2130.99,3.5,2,4,0,0,0,0,Tech Lead | N2,0.5,0.333
33,F,16184,Divorcé(e),Consulting,Directeur Technique,4,10,6,1,1,2,1,5,Transformation Digitale,Occasionnel,0,5,1,4,4,3,3,3,3,Non,19.0,2584,0.167,4045.99,2.5,1,3,-1,0,0,0,Directeur Technique | N4,0.286,0.0
31,M,11557,Divorcé(e),Commercial,Senior Manager,9,10,5,4,1,3,7,3,Infra & Cloud,Occasionnel,0,1,3,2,3,4,3,2,4,Non,21.0,2006,0.8,3852.32,3.0,2,4,2,0,0,1,Senior Manager | N3,0.5,0.0
18,M,1878,Célibataire,Commercial,Représentant Commercial,1,0,0,0,0,3,5,3,Marketing,Frequent,0,0,2,3,1,2,4,3,3,Oui,14.000000000000002,231,0.0,1877.98,2.75,2,4,0,1,1,0,Représentant Commercial | N1,3.0,0.0
40,M,10932,Divorcé(e),Commercial,Cadre Commercial,3,20,1,0,1,2,28,3,Autre,Aucun,0,1,3,1,3,1,3,3,3,Non,15.0,1426,0.0,3643.99,2.5,1,3,2,0,0,0,Cadre Commercial | N3,1.0,0.0
41,F,6811,Célibataire,Consulting,Manager,2,10,8,7,0,3,2,4,Autre,Aucun,0,7,1,2,2,3,1,3,3,Oui,17.0,990,0.875,3405.48,2.0,1,3,1,0,0,0,Manager | N2,0.333,0.0
26,M,4306,Divorcé(e),Commercial,Cadre Commercial,5,8,0,0,2,5,29,2,Transformation Digitale,Occasionnel,0,0,1,3,2,3,1,3,3,Non,12.0,461,0.0,2152.99,2.0,1,3,0,0,1,1,Cadre Commercial | N2,5.0,0.0
35,F,4859,Célibataire,Commercial,Cadre Commercial,1,5,5,4,0,3,1,3,Transformation Digitale,Occasionnel,0,3,1,3,2,3,4,3,3,Non,16.0,670,0.8,2429.49,2.75,1,4,0,0,0,0,Cadre Commercial | N2,0.5,0.0
34,M,5337,Célibataire,Commercial,Cadre Commercial,1,10,10,7,0,3,21,4,Infra & Cloud,Occasionnel,5,7,4,4,2,4,4,3,3,Non,12.0,572,0.7,2668.49,3.75,3,4,-1,0,0,0,Cadre Commercial | N2,0.273,0.5
26,M,2340,Célibataire,Consulting,Consultant,1,1,1,0,0,3,24,3,Entrepreunariat,Occasionnel,0,0,3,1,1,4,2,1,3,Oui,18.0,357,0.0,2339.98,2.5,1,4,2,1,1,0,Consultant | N1,1.5,0.0
37,F,7491,Célibataire,Consulting,Tech Lead,4,12,6,5,0,3,1,3,Entrepreunariat,Occasionnel,1,2,2,3,3,4,4,4,3,Non,17.0,1088,0.833,2496.99,3.5,2,4,0,0,0,0,Tech Lead | N3,0.429,0.167
46,F,10527,Marié(e),Consulting,Manager,5,28,2,2,0,3,18,1,Transformation Digitale,Frequent,1,2,1,3,3,3,4,2,3,Non,11.0,1043,1.0,3508.99,2.5,1,4,0,0,0,1,Manager | N3,1.0,0.5
41,F,16595,Marié(e),Commercial,Senior Manager,7,22,18,16,1,2,2,5,Infra & Cloud,Occasionnel,11,8,2,3,4,1,2,3,3,Non,16.0,2289,0.889,4148.74,2.0,1,3,0,0,0,1,Senior Manager | N4,0.105,0.611
37,M,8834,Divorcé(e),Commercial,Cadre Commercial,1,9,9,5,1,6,9,4,Transformation Digitale,Aucun,7,7,1,3,3,2,4,3,3,Non,13.0,1016,0.556,2944.66,2.5,1,4,0,0,0,0,Cadre Commercial | N3,0.6,0.778
52,M,5577,Divorcé(e),Consulting,Assistant de Direction,3,18,10,9,2,3,6,2,Entrepreunariat,Occasionnel,6,9,4,3,2,1,2,3,3,Oui,12.0,598,0.9,2788.49,2.5,1,4,0,0,0,0,Assistant de Direction | N2,0.273,0.6
32,M,4707,Marié(e),Commercial,Cadre Commercial,8,6,4,2,0,2,11,4,Autre,Aucun,1,2,4,4,2,3,4,3,3,Non,12.0,504,0.5,2353.49,3.5,3,4,-1,0,0,1,Cadre Commercial | N2,0.4,0.25
24,M,2400,Marié(e),Commercial,Représentant Commercial,0,3,2,2,2,3,24,3,Transformation Digitale,Frequent,2,1,4,3,1,4,3,3,3,Non,13.0,276,1.0,2399.98,3.5,3,4,0,0,1,0,Représentant Commercial | N1,1.0,1.0
38,F,9824,Marié(e),Consulting,Manager,3,18,1,0,1,4,10,3,Transformation Digitale,Occasionnel,0,0,3,3,2,3,3,3,3,Non,19.0,1569,0.0,4911.98,3.0,3,3,0,0,0,0,Manager | N2,2.0,0.0
37,F,6447,Marié(e),Consulting,Tech Lead,6,8,6,5,1,2,1,4,Infra & Cloud,Occasionnel,4,3,2,3,2,2,2,2,3,Non,12.0,691,0.833,3223.48,2.0,2,2,0,0,0,1,Tech Lead | N2,0.286,0.667
49,M,19502,Divorcé(e),Consulting,Directeur Technique,1,31,31,9,1,5,18,4,Infra & Cloud,Occasionnel,0,9,4,2,5,3,3,3,3,Oui,17.0,2834,0.29,3900.39,3.25,3,4,1,0,0,0,Directeur Technique | N5,0.156,0.0
24,M,2725,Marié(e),Consulting,Assistant de Direction,1,6,6,5,2,3,23,3,Transformation Digitale,Occasionnel,1,4,2,4,1,4,2,3,3,Oui,11.0,270,0.833,2724.97,2.75,2,4,-1,1,0,0,Assistant de Direction | N1,0.429,0.167
26,M,6272,Marié(e),Commercial,Cadre Commercial,1,6,5,3,2,5,28,2,Marketing,Occasionnel,1,4,1,3,2,2,4,4,4,Non,20.0,1045,0.6,3135.98,2.75,1,4,1,0,0,0,Cadre Commercial | N2,0.833,0.2
24,M,2127,Marié(e),Consulting,Consultant,1,1,1,0,1,2,17,2,Autre,Occasionnel,0,0,4,2,1,2,4,3,4,Non,21.0,369,0.0,2126.98,3.25,2,4,2,0,1,0,Consultant | N1,1.0,0.0
50,M,18200,Marié(e),Ressources Humaines,Senior Manager,1,32,32,5,1,2,3,3,Transformation Digitale,Frequent,10,7,1,3,5,2,3,3,3,Non,11.0,1804,0.156,3639.99,2.25,1,3,0,0,0,0,Senior Manager | N5,0.061,0.312
25,M,2096,Marié(e),Commercial,Représentant Commercial,1,7,7,4,0,1,13,1,Transformation Digitale,Occasionnel,0,6,2,3,1,3,3,3,3,Non,11.0,208,0.571,2095.98,2.75,2,3,0,0,0,0,Représentant Commercial | N1,0.125,0.0
24,F,2886,Marié(e),Consulting,Consultant,1,6,6,3,1,4,7,3,Infra & Cloud,Frequent,1,2,1,3,1,3,4,3,3,Oui,16.0,398,0.5,2885.97,2.75,1,4,0,1,0,0,Consultant | N1,0.571,0.167
30,M,2033,Marié(e),Commercial,Représentant Commercial,1,1,1,0,1,2,12,4,Infra & Cloud,Frequent,0,0,2,2,1,1,3,4,3,Non,18.0,310,0.0,2032.98,2.5,1,4,1,0,1,0,Représentant Commercial | N1,1.0,0.0
34,M,3622,Marié(e),Consulting,Assistant de Direction,1,6,6,5,1,3,1,2,Infra & Cloud,Occasionnel,1,3,2,2,1,4,4,3,3,Oui,13.0,417,0.833,3621.96,3.25,2,4,1,1,0,0,Assistant de Direction | N1,0.429,0.167
31,M,4233,Divorcé(e),Commercial,Cadre Commercial,2,9,3,1,0,2,13,4,Transformation Digitale,Occasionnel,1,2,2,3,2,1,3,1,3,Non,17.0,615,0.333,2116.49,1.75,1,3,0,0,0,0,Cadre Commercial | N2,0.5,0.333
35,M,3681,Célibataire,Consulting,Consultant,4,9,3,2,0,3,25,2,Autre,Occasionnel,0,2,1,2,2,4,4,3,3,Non,14.000000000000002,452,0.667,1840.49,3.0,1,4,1,0,0,0,Consultant | N2,0.75,0.0
31,M,5460,Divorcé(e),Commercial,Cadre Commercial,4,13,7,7,2,4,6,4,Transformation Digitale,Occasionnel,5,7,1,4,2,4,4,4,4,Non,22.0,985,1.0,2729.99,3.25,1,4,0,0,0,0,Cadre Commercial | N2,0.5,0.714
27,F,2187,Divorcé(e),Consulting,Assistant de Direction,0,6,5,3,2,5,6,4,Transformation Digitale,Occasionnel,0,3,1,2,1,3,3,2,3,Non,12.0,234,0.6,2186.98,2.25,1,3,1,0,0,0,Assistant de Direction | N1,0.833,0.0
37,M,9602,Marié(e),Commercial,Cadre Commercial,4,17,3,0,1,3,2,3,Marketing,Occasionnel,1,0,4,3,2,3,3,2,3,Oui,11.0,952,0.0,4800.98,3.0,2,4,0,0,0,0,Cadre Commercial | N2,0.75,0.333
20,F,2836,Célibataire,Consulting,Assistant de Direction,1,1,1,0,0,0,1,3,Infra & Cloud,Occasionnel,0,0,4,2,1,2,4,4,3,Non,13.0,326,0.0,2835.97,3.5,2,4,1,0,1,0,Assistant de Direction | N1,0.0,0.0
42,F,4089,Marié(e),Consulting,Manager,1,10,10,2,2,4,2,4,Infra & Cloud,Occasionnel,2,2,3,3,2,4,2,3,3,Non,13.0,470,0.2,2044.49,3.0,2,4,0,0,0,0,Manager | N2,0.364,0.2
43,M,16627,Divorcé(e),Consulting,Directeur Technique,4,21,1,0,1,3,6,4,Autre,Occasionnel,0,0,2,2,4,4,3,2,3,Oui,14.000000000000002,2042,0.0,4156.74,2.75,2,4,1,0,0,0,Directeur Technique | N4,1.5,0.0
38,F,2619,Célibataire,Consulting,Assistant de Direction,3,8,0,0,0,3,1,1,Infra & Cloud,Occasionnel,0,0,3,3,1,1,4,2,3,Non,17.0,381,0.0,2618.97,2.5,1,4,0,0,0,0,Assistant de Direction | N1,3.0,0.0
43,M,5679,Divorcé(e),Consulting,Consultant,3,10,8,7,1,3,9,5,Transformation Digitale,Frequent,4,7,4,3,2,3,2,3,3,Oui,13.0,653,0.875,2839.49,3.0,2,4,0,0,0,0,Consultant | N2,0.333,0.5
48,F,15402,Marié(e),Consulting,Senior Manager,7,21,3,2,1,3,1,4,Infra & Cloud,Occasionnel,0,2,4,2,4,1,1,1,3,Non,11.0,1526,0.667,3850.49,1.75,1,4,1,0,0,1,Senior Manager | N4,0.75,0.0
44,F,5985,Célibataire,Ressources Humaines,Ressources Humaines,4,10,2,2,0,1,1,4,Infra & Cloud,Occasionnel,0,2,1,2,2,3,2,4,3,Non,11.0,593,1.0,2992.49,2.5,1,4,1,0,0,0,Ressources Humaines | N2,0.333,0.0
34,F,2579,Divorcé(e),Commercial,Représentant Commercial,1,8,8,2,2,3,14,3,Entrepreunariat,Occasionnel,0,6,3,3,1,3,4,3,3,Oui,18.0,393,0.25,2578.97,3.25,3,4,0,1,0,0,Représentant Commercial | N1,0.333,0.0
27,M,3041,Divorcé(e),Commercial,Représentant Commercial,0,5,4,3,1,3,2,1,Marketing,Occasionnel,0,2,3,3,1,1,2,3,3,Non,11.0,301,0.75,3040.97,2.25,1,3,0,0,0,0,Représentant Commercial | N1,0.6,0.0
21,M,3447,Célibataire,Commercial,Représentant Commercial,1,3,3,2,0,2,22,1,Entrepreunariat,Occasionnel,1,2,3,3,1,3,3,3,3,Non,11.0,342,0.667,3446.97,3.0,3,3,0,0,0,0,Représentant Commercial | N1,0.5,0.333
44,M,19513,Marié(e),Consulting,Senior Manager,4,26,2,2,1,2,3,4,Autre,Occasionnel,0,1,4,3,5,4,1,4,3,Oui,12.0,2091,1.0,3902.59,3.25,1,4,0,0,0,0,Senior Manager | N5,0.667,0.0
22,M,2773,Marié(e),Consulting,Assistant de Direction,0,3,2,2,0,3,6,1,Transformation Digitale,Occasionnel,2,2,1,3,1,3,4,3,4,Non,20.0,462,1.0,2772.97,2.75,1,4,1,0,1,0,Assistant de Direction | N1,1.0,1.0
33,M,7104,Divorcé(e),Commercial,Cadre Commercial,0,6,5,0,0,3,8,4,Marketing,Occasionnel,1,2,3,3,2,3,4,3,3,Non,12.0,761,0.0,3551.98,3.25,3,4,0,0,0,0,Cadre Commercial | N2,0.5,0.2
32,F,6322,Marié(e),Consulting,Assistant de Direction,1,6,6,4,1,2,9,4,Infra & Cloud,Occasionnel,0,5,1,3,2,4,4,2,3,Oui,12.0,677,0.667,3160.98,2.75,1,4,0,0,0,0,Assistant de Direction | N2,0.286,0.0
30,F,2083,Divorcé(e),Consulting,Assistant de Direction,1,1,1,0,1,2,3,3,Transformation Digitale,Frequent,0,0,3,3,1,3,3,3,4,Non,20.0,347,0.0,2082.98,3.0,3,3,1,0,1,0,Assistant de Direction | N1,1.0,0.0
53,F,8381,Célibataire,Commercial,Cadre Commercial,7,18,14,7,0,2,1,1,Transformation Digitale,Occasionnel,8,10,4,3,2,1,4,4,4,Non,20.0,1397,0.5,4190.48,3.25,1,4,1,0,0,1,Cadre Commercial | N2,0.133,0.571
34,M,2691,Marié(e),Consulting,Assistant de Direction,1,10,10,9,1,4,1,5,Infra & Cloud,Occasionnel,8,8,2,3,1,4,4,2,3,Non,12.0,288,0.9,2690.97,3.0,2,4,0,0,0,0,Assistant de Direction | N1,0.364,0.8
45,F,4286,Marié(e),Commercial,Cadre Commercial,2,5,1,1,2,4,26,4,Infra & Cloud,Frequent,0,0,1,3,2,1,4,3,3,Non,14.000000000000002,526,1.0,2142.99,2.25,1,4,0,0,0,0,Cadre Commercial | N2,2.0,0.0
26,F,2659,Marié(e),Consulting,Consultant,1,3,3,2,1,2,6,3,Infra & Cloud,Occasionnel,0,2,3,3,1,4,3,3,3,Oui,13.0,306,0.667,2658.97,3.25,3,4,0,1,0,0,Consultant | N1,0.5,0.0
37,M,9434,Marié(e),Consulting,Tech Lead,1,10,10,7,1,2,3,3,Autre,Occasionnel,7,8,3,3,3,3,3,3,3,Non,15.0,1231,0.7,3144.66,3.0,3,3,0,0,0,0,Tech Lead | N3,0.182,0.7
29,F,5561,Marié(e),Commercial,Cadre Commercial,1,6,6,0,1,5,3,2,Transformation Digitale,Occasionnel,1,2,2,3,2,3,1,2,3,Non,14.000000000000002,683,0.0,2780.49,2.0,1,3,0,0,0,0,Cadre Commercial | N2,0.714,0.167
35,M,6646,Célibataire,Consulting,Assistant de Direction,1,17,17,11,0,3,6,4,Infra & Cloud,Occasionnel,11,8,2,1,2,4,2,3,3,Non,13.0,765,0.647,3322.98,2.75,2,4,2,0,0,0,Assistant de Direction | N2,0.167,0.647
33,M,7725,Divorcé(e),Consulting,Manager,3,15,13,11,1,2,6,3,Infra & Cloud,Frequent,4,7,3,3,2,4,3,1,4,Non,23.0,1445,0.846,3862.48,2.75,1,4,1,0,0,0,Manager | N2,0.143,0.308
54,M,10725,Marié(e),Ressources Humaines,Ressources Humaines,2,16,9,7,1,1,19,4,Transformation Digitale,Occasionnel,7,1,3,3,3,2,3,4,3,Non,15.0,1399,0.778,3574.99,3.0,2,4,0,0,0,0,Ressources Humaines | N3,0.1,0.778
36,M,8847,Divorcé(e),Consulting,Tech Lead,2,13,3,2,1,2,9,2,Transformation Digitale,Occasionnel,0,2,2,2,2,2,3,3,3,Oui,11.0,877,0.667,4423.48,2.5,2,3,1,0,0,0,Tech Lead | N2,0.5,0.0
27,M,2045,Célibataire,Consulting,Assistant de Direction,0,5,4,2,0,0,3,4,Transformation Digitale,Occasionnel,1,1,1,2,1,4,4,3,3,Non,13.0,235,0.5,2044.98,3.0,1,4,1,0,0,0,Assistant de Direction | N1,0.0,0.25
20,M,1009,Célibataire,Consulting,Assistant de Direction,1,1,1,0,0,5,10,1,Transformation Digitale,Occasionnel,1,1,4,3,1,3,4,3,3,Oui,11.0,100,0.0,1008.99,3.5,3,4,0,1,1,0,Assistant de Direction | N1,2.5,1.0
33,M,3348,Célibataire,Consulting,Assistant de Direction,1,10,10,8,0,3,3,3,Infra & Cloud,Frequent,9,7,1,3,1,1,1,3,3,Oui,11.0,332,0.8,3347.97,1.5,1,3,0,1,0,0,Assistant de Direction | N1,0.273,0.9
35,M,1281,Marié(e),Consulting,Consultant,1,1,1,0,2,3,3,3,Infra & Cloud,Aucun,0,0,3,2,1,3,3,3,3,Non,18.0,195,0.0,1280.99,3.0,3,3,1,0,0,0,Consultant | N1,1.5,0.0
23,M,2819,Marié(e),Consulting,Assistant de Direction,2,5,3,2,1,3,4,3,Transformation Digitale,Occasionnel,0,2,1,4,1,1,1,4,3,Non,16.0,389,0.667,2818.97,1.75,1,4,-1,0,0,0,Assistant de Direction | N1,0.75,0.0
25,M,4851,Marié(e),Commercial,Cadre Commercial,0,4,3,2,1,4,8,3,Infra & Cloud,Occasionnel,1,2,4,4,2,2,3,3,4,Non,22.0,875,0.667,2425.49,3.0,2,4,0,0,0,0,Cadre Commercial | N2,1.0,0.333
38,F,4028,Célibataire,Commercial,Cadre Commercial,0,8,7,7,0,2,7,4,Marketing,Occasionnel,0,5,4,2,2,4,1,3,4,Non,20.0,671,1.0,2013.99,3.0,1,4,2,0,0,0,Cadre Commercial | N2,0.25,0.0
29,M,2720,Divorcé(e),Consulting,Assistant de Direction,1,10,10,7,1,5,1,4,Infra & Cloud,Frequent,2,8,2,1,1,4,4,3,3,Non,18.0,415,0.7,2719.97,3.25,2,4,2,0,0,0,Assistant de Direction | N1,0.455,0.2
48,M,8120,Marié(e),Commercial,Cadre Commercial,3,12,2,2,0,3,2,1,Marketing,Occasionnel,2,2,2,4,2,2,4,3,3,Non,12.0,870,1.0,4059.98,2.75,2,4,-1,0,0,0,Cadre Commercial | N2,1.0,1.0
27,F,4647,Divorcé(e),Commercial,Cadre Commercial,1,6,6,5,2,3,3,1,Transformation Digitale,Frequent,0,4,4,4,2,4,2,3,4,Oui,20.0,774,0.833,2323.49,3.25,2,4,0,1,0,0,Cadre Commercial | N2,0.429,0.0
37,M,4680,Célibataire,Consulting,Assistant de Direction,3,4,1,0,0,2,10,2,Infra & Cloud,Occasionnel,0,0,4,4,1,4,1,3,3,Non,17.0,680,0.0,4679.95,3.0,1,4,-1,0,0,0,Assistant de Direction | N1,1.0,0.0
50,M,3221,Marié(e),Consulting,Consultant,1,20,20,8,3,3,28,1,Transformation Digitale,Occasionnel,3,8,4,4,1,3,3,3,3,Oui,11.0,319,0.4,3220.97,3.25,3,4,-1,1,0,0,Consultant | N1,0.143,0.15
34,F,8621,Célibataire,Consulting,Manager,1,9,8,7,0,3,9,3,Transformation Digitale,Occasionnel,7,7,4,2,3,2,2,4,3,Non,14.000000000000002,1059,0.875,2873.66,3.0,2,4,1,0,0,0,Manager | N3,0.333,0.875
24,F,4577,Célibataire,Commercial,Cadre Commercial,9,4,2,2,0,3,3,2,Infra & Cloud,Occasionnel,2,0,1,3,2,3,1,3,3,Non,14.000000000000002,562,1.0,2288.49,2.0,1,3,0,0,1,1,Cadre Commercial | N2,1.0,1.0
39,F,4553,Célibataire,Consulting,Manager,1,20,20,7,0,4,2,4,Entrepreunariat,Occasionnel,11,10,4,2,2,3,1,3,3,Non,11.0,451,0.35,2276.49,2.75,1,4,1,0,0,0,Manager | N2,0.19,0.55
32,M,5396,Célibataire,Commercial,Cadre Commercial,1,10,10,7,0,2,10,3,Marketing,Occasionnel,0,8,4,3,2,4,4,2,3,Non,12.0,578,0.7,2697.99,3.5,2,4,0,0,0,0,Cadre Commercial | N2,0.182,0.0
50,M,6796,Marié(e),Commercial,Cadre Commercial,3,18,4,3,1,4,8,2,Entrepreunariat,Frequent,1,3,2,3,2,3,1,3,3,Oui,14.000000000000002,835,0.75,3397.98,2.25,1,3,0,0,0,0,Cadre Commercial | N2,0.8,0.25
38,F,7625,Célibataire,Consulting,Manager,0,10,9,7,0,4,1,4,Infra & Cloud,Occasionnel,1,8,2,4,2,4,3,2,3,Non,13.0,877,0.778,3812.48,2.75,2,4,-1,0,0,0,Manager | N2,0.4,0.111
27,F,7412,Marié(e),Consulting,Tech Lead,1,9,9,7,0,3,1,2,Infra & Cloud,Occasionnel,0,7,3,3,3,1,4,3,3,Non,11.0,735,0.778,2470.66,2.75,1,4,0,0,0,0,Tech Lead | N3,0.3,0.0
32,F,11159,Célibataire,Consulting,Directeur Technique,3,10,7,7,0,6,3,2,Infra & Cloud,Occasionnel,7,7,3,3,3,4,4,3,3,Non,15.0,1456,1.0,3719.65,3.5,3,4,0,0,0,0,Directeur Technique | N3,0.75,1.0
47,M,4960,Célibataire,Commercial,Cadre Commercial,2,20,7,7,0,2,14,4,Marketing,Occasionnel,1,7,4,3,2,1,4,3,3,Non,12.0,531,1.0,2479.99,3.0,1,4,0,0,0,0,Cadre Commercial | N2,0.25,0.143
40,M,10475,Marié(e),Commercial,Cadre Commercial,5,20,18,13,1,2,5,4,Infra & Cloud,Frequent,1,12,4,2,3,1,3,3,4,Oui,21.0,1818,0.722,3491.66,2.75,1,4,2,0,0,1,Cadre Commercial | N3,0.105,0.056
53,M,14814,Marié(e),Consulting,Directeur Technique,3,32,5,1,0,3,7,3,Infra & Cloud,Occasionnel,1,3,3,4,4,3,3,3,3,Non,19.0,2365,0.2,3703.49,3.0,3,3,-1,0,0,0,Directeur Technique | N4,0.5,0.2
41,M,19141,Divorcé(e),Ressources Humaines,Senior Manager,3,23,21,6,3,2,10,4,Ressources Humaines,Occasionnel,12,6,2,2,5,4,2,2,3,Non,15.0,2497,0.286,3828.19,2.5,2,4,1,0,0,0,Senior Manager | N5,0.091,0.571
60,M,5405,Célibataire,Commercial,Cadre Commercial,8,10,2,2,0,1,16,4,Marketing,Occasionnel,2,2,1,3,2,1,4,3,3,Non,14.000000000000002,664,1.0,2702.49,2.25,1,4,0,0,0,1,Cadre Commercial | N2,0.333,1.0
27,M,8793,Divorcé(e),Consulting,Tech Lead,1,9,9,7,2,4,10,2,Infra & Cloud,Frequent,1,7,4,3,3,1,3,2,4,Non,21.0,1526,0.778,2930.99,2.5,1,4,1,0,0,0,Tech Lead | N3,0.4,0.111
41,M,19189,Marié(e),Ressources Humaines,Senior Manager,1,22,22,7,1,3,1,3,Ressources Humaines,Occasionnel,2,10,4,2,5,3,2,3,3,Non,12.0,2056,0.318,3837.79,3.0,2,4,1,0,0,0,Senior Manager | N5,0.13,0.091
50,M,3875,Marié(e),Commercial,Représentant Commercial,7,4,2,2,1,2,8,4,Marketing,Occasionnel,2,2,4,3,1,2,4,3,3,Non,15.0,505,1.0,3874.96,3.25,2,4,0,0,0,1,Représentant Commercial | N1,0.667,1.0
28,F,2216,Célibataire,Consulting,Assistant de Direction,7,10,7,7,0,4,1,2,Infra & Cloud,Occasionnel,3,7,1,1,1,2,4,3,3,Oui,13.0,255,1.0,2215.98,2.5,1,4,2,1,0,1,Assistant de Direction | N1,0.5,0.429
36,F,11713,Marié(e),Consulting,Directeur Technique,9,10,8,7,1,2,8,3,Infra & Cloud,Aucun,0,5,1,4,3,1,1,3,3,Non,14.000000000000002,1438,0.875,3904.32,1.5,1,3,-1,0,0,1,Directeur Technique | N3,0.222,0.0
38,F,7861,Célibataire,Consulting,Tech Lead,4,10,1,0,0,4,1,3,Infra & Cloud,Occasionnel,0,0,3,3,3,3,4,4,3,Oui,14.000000000000002,965,0.0,2620.32,3.5,3,4,0,0,0,0,Tech Lead | N3,2.0,0.0
44,M,3708,Célibataire,Consulting,Consultant,2,9,5,2,0,5,24,3,Transformation Digitale,Aucun,1,4,1,1,1,3,3,3,3,Non,14.000000000000002,455,0.4,3707.96,2.5,1,3,2,0,0,0,Consultant | N1,0.833,0.2
47,F,13770,Divorcé(e),Commercial,Cadre Commercial,9,28,22,2,2,2,3,3,Transformation Digitale,Frequent,11,13,4,3,4,3,4,2,3,Oui,12.0,1475,0.091,3442.49,3.25,2,4,0,0,0,1,Cadre Commercial | N4,0.087,0.5
30,M,5304,Divorcé(e),Commercial,Cadre Commercial,7,10,8,7,1,2,27,5,Marketing,Occasionnel,7,7,3,3,2,4,4,2,4,Non,23.0,992,0.875,2651.99,3.25,2,4,1,0,0,1,Cadre Commercial | N2,0.222,0.875
29,M,2642,Célibataire,Commercial,Représentant Commercial,1,1,1,0,0,6,10,3,Infra & Cloud,Occasionnel,0,0,3,3,1,3,3,3,3,Non,11.0,262,0.0,2641.97,3.0,3,3,0,0,1,0,Représentant Commercial | N1,3.0,0.0
42,M,2759,Divorcé(e),Consulting,Assistant de Direction,6,7,2,2,0,2,19,3,Transformation Digitale,Frequent,2,2,3,4,1,3,4,3,3,Oui,12.0,296,1.0,2758.97,3.25,3,4,-1,1,0,1,Assistant de Direction | N1,0.667,1.0
43,M,6804,Marié(e),Commercial,Cadre Commercial,3,7,2,2,1,5,15,3,Infra & Cloud,Frequent,2,2,4,2,2,4,3,3,3,Non,18.0,1038,1.0,3401.98,3.5,3,4,1,0,0,0,Cadre Commercial | N2,1.667,1.0
34,F,6142,Célibataire,Consulting,Manager,3,10,5,1,0,2,8,2,Transformation Digitale,Occasionnel,4,3,2,3,2,3,4,3,3,Non,11.0,609,0.2,3070.98,3.0,2,4,0,0,0,0,Manager | N2,0.333,0.8
23,M,2500,Marié(e),Consulting,Consultant,1,5,4,3,1,2,9,1,Transformation Digitale,Occasionnel,0,2,2,3,1,1,4,4,3,Non,14.000000000000002,307,0.75,2499.98,2.75,1,4,0,0,0,0,Consultant | N1,0.4,0.0
39,F,6389,Marié(e),Ressources Humaines,Ressources Humaines,9,12,8,3,1,3,3,3,Ressources Humaines,Occasionnel,3,6,3,4,2,2,3,1,3,Non,15.0,833,0.375,3194.48,2.25,1,3,-1,0,0,1,Ressources Humaines | N2,0.333,0.375
56,M,11103,Marié(e),Consulting,Manager,7,30,10,7,0,1,9,3,Transformation Digitale,Occasionnel,1,1,3,3,4,4,3,2,3,Non,11.0,1100,0.7,2775.74,3.0,2,4,0,0,0,1,Manager | N4,0.091,0.1
40,F,2342,Célibataire,Consulting,Assistant de Direction,0,5,4,2,0,2,2,1,Transformation Digitale,Occasionnel,2,3,4,2,1,4,4,2,4,Oui,20.0,390,0.5,2341.98,3.5,2,4,2,1,0,0,Assistant de Direction | N1,0.4,0.5
27,F,6811,Célibataire,Consulting,Manager,8,9,7,6,0,2,7,3,Transformation Digitale,Occasionnel,0,7,4,2,2,1,1,1,3,Non,19.0,1087,0.857,3405.48,1.75,1,4,1,0,0,1,Manager | N2,0.25,0.0
29,M,2297,Divorcé(e),Commercial,Représentant Commercial,1,2,2,2,2,2,10,3,Marketing,Occasionnel,2,2,4,3,1,2,4,3,3,Non,14.000000000000002,282,1.0,2296.98,3.25,2,4,0,0,1,0,Représentant Commercial | N1,0.667,1.0
53,M,2450,Célibataire,Consulting,Consultant,2,19,2,2,0,4,6,3,Infra & Cloud,Occasionnel,2,2,4,3,2,4,4,3,3,Non,17.0,356,1.0,1224.99,3.75,3,4,0,0,0,0,Consultant | N2,1.333,1.0
35,F,5093,Divorcé(e),Consulting,Manager,2,16,1,0,1,2,2,4,Infra & Cloud,Aucun,0,0,4,3,2,1,1,4,3,Non,11.0,505,0.0,2546.49,2.5,1,4,0,0,0,0,Manager | N2,1.0,0.0
32,M,5309,Marié(e),Consulting,Consultant,1,10,10,8,2,2,24,4,Infra & Cloud,Frequent,4,7,1,3,2,4,4,3,3,Non,15.0,692,0.8,2654.49,3.0,1,4,0,0,0,0,Consultant | N2,0.182,0.4
38,M,3057,Marié(e),Consulting,Assistant de Direction,6,6,1,0,1,0,2,5,Transformation Digitale,Occasionnel,0,1,4,3,1,3,2,1,3,Oui,13.0,352,0.0,3056.97,2.5,1,4,0,1,0,1,Assistant de Direction | N1,0.0,0.0
34,F,5121,Divorcé(e),Consulting,Tech Lead,3,7,0,0,1,3,8,5,Infra & Cloud,Occasionnel,0,0,2,3,2,1,3,3,3,Non,14.000000000000002,629,0.0,2560.49,2.25,1,3,0,0,0,0,Tech Lead | N2,3.0,0.0
52,M,16856,Marié(e),Commercial,Senior Manager,1,34,34,6,0,3,3,4,Marketing,Occasionnel,1,16,3,2,4,1,1,4,3,Non,11.0,1670,0.176,4213.99,2.25,1,4,1,0,0,0,Senior Manager | N4,0.086,0.029
33,M,2686,Célibataire,Consulting,Assistant de Direction,1,10,10,9,0,2,1,4,Autre,Occasionnel,7,8,4,3,1,4,3,2,3,Oui,13.0,309,0.9,2685.97,3.25,2,4,0,1,0,0,Assistant de Direction | N1,0.182,0.7
25,F,6180,Célibataire,Commercial,Cadre Commercial,1,6,6,5,0,5,26,1,Transformation Digitale,Occasionnel,1,4,3,3,2,4,2,2,4,Non,23.0,1156,0.833,3089.98,2.75,2,4,1,0,0,0,Cadre Commercial | N2,0.714,0.167
45,M,6632,Célibataire,Commercial,Représentant Commercial,0,9,8,7,0,3,2,2,Entrepreunariat,Occasionnel,3,1,2,1,2,3,1,3,3,Non,13.0,763,0.875,3315.98,2.25,1,3,2,0,0,0,Représentant Commercial | N2,0.333,0.375
23,M,3505,Célibataire,Consulting,Assistant de Direction,1,2,2,2,0,3,10,1,Transformation Digitale,Occasionnel,0,2,1,4,1,3,4,3,3,Non,18.0,535,1.0,3504.96,2.75,1,4,-1,0,1,0,Assistant de Direction | N1,1.0,0.0
47,F,6397,Célibataire,Commercial,Cadre Commercial,4,8,5,4,0,2,27,2,Infra & Cloud,Frequent,1,3,2,4,2,3,4,3,3,Oui,12.0,685,0.8,3198.48,3.0,2,4,-1,0,0,0,Cadre Commercial | N2,0.333,0.2
34,M,6274,Célibataire,Commercial,Cadre Commercial,1,6,6,5,0,5,2,3,Autre,Occasionnel,1,4,4,3,2,4,3,3,4,Non,22.0,1131,0.833,3136.98,3.5,3,4,1,0,0,0,Cadre Commercial | N2,0.714,0.167
55,M,19859,Marié(e),Consulting,Senior Manager,5,24,5,2,1,2,2,3,Transformation Digitale,Occasionnel,1,4,4,3,5,1,4,3,3,Oui,13.0,2285,0.4,3971.79,3.0,1,4,0,0,0,1,Senior Manager | N5,0.333,0.2
36,M,7587,Célibataire,Commercial,Cadre Commercial,1,10,10,7,0,1,8,4,Infra & Cloud,Aucun,0,9,1,2,3,1,2,3,3,Non,15.0,990,0.7,2528.99,1.75,1,3,1,0,0,0,Cadre Commercial | N3,0.091,0.0
52,M,4258,Marié(e),Consulting,Assistant de Direction,0,5,4,3,1,3,19,4,Transformation Digitale,Aucun,1,2,4,3,1,4,1,3,3,Non,18.0,650,0.75,4257.96,3.0,1,4,0,0,0,0,Assistant de Direction | N1,0.6,0.25
26,F,4364,Divorcé(e),Consulting,Consultant,3,5,2,2,1,2,1,2,Infra & Cloud,Frequent,2,0,1,1,1,4,1,3,3,Non,14.000000000000002,536,1.0,4363.96,2.25,1,4,2,0,1,0,Consultant | N1,0.667,1.0
29,F,4335,Marié(e),Consulting,Manager,4,11,8,7,1,3,27,3,Transformation Digitale,Occasionnel,1,1,2,3,2,3,1,2,3,Non,12.0,464,0.875,2167.49,2.0,1,3,0,0,0,0,Manager | N2,0.333,0.125
26,M,5326,Célibataire,Commercial,Cadre Commercial,6,6,4,3,0,2,8,3,Entrepreunariat,Occasionnel,1,2,4,2,2,1,3,2,3,Non,17.0,774,0.75,2662.99,2.5,1,4,1,0,0,1,Cadre Commercial | N2,0.4,0.25
34,F,3280,Célibataire,Consulting,Assistant de Direction,2,10,4,2,0,2,1,4,Infra & Cloud,Occasionnel,1,3,2,4,1,4,3,3,3,Non,16.0,452,0.5,3279.97,3.0,2,4,-1,0,0,0,Assistant de Direction | N1,0.4,0.25
54,F,5485,Divorcé(e),Consulting,Tech Lead,9,9,5,3,2,4,19,4,Transformation Digitale,Occasionnel,1,4,4,3,2,1,2,3,3,Oui,11.0,544,0.6,2742.49,2.5,1,4,0,0,0,1,Tech Lead | N2,0.667,0.2
27,M,4342,Marié(e),Commercial,Cadre Commercial,0,5,4,2,1,3,8,1,Marketing,Frequent,1,1,3,3,2,4,2,3,3,Non,19.0,693,0.5,2170.99,3.0,2,4,0,0,0,0,Cadre Commercial | N2,0.6,0.25
37,F,2782,Divorcé(e),Consulting,Assistant de Direction,0,6,5,3,2,3,10,1,Infra & Cloud,Occasionnel,4,3,4,3,1,1,2,2,3,Oui,13.0,320,0.6,2781.97,2.25,1,4,0,1,0,0,Assistant de Direction | N1,0.5,0.8
38,F,5980,Célibataire,Consulting,Tech Lead,6,17,15,7,0,2,2,4,Infra & Cloud,Frequent,4,12,1,4,2,1,4,3,3,Oui,12.0,641,0.467,2989.99,2.25,1,4,-1,0,0,1,Tech Lead | N2,0.125,0.267
34,F,4381,Célibataire,Consulting,Assistant de Direction,1,6,6,5,0,3,2,4,Transformation Digitale,Occasionnel,1,3,3,2,1,1,3,3,3,Non,11.0,434,0.833,4380.96,2.5,1,3,1,0,0,0,Assistant de Direction | N1,0.429,0.167
35,F,2572,Marié(e),Commercial,Représentant Commercial,1,3,3,2,1,1,8,4,Infra & Cloud,Occasionnel,0,2,1,3,1,4,2,2,3,Non,16.0,355,0.667,2571.97,2.25,1,4,0,0,0,0,Représentant Commercial | N1,0.25,0.0
30,M,3833,Marié(e),Consulting,Consultant,3,7,2,2,2,2,1,3,Infra & Cloud,Occasionnel,0,2,4,1,1,3,3,3,4,Non,21.0,665,1.0,3832.96,3.25,3,4,3,0,1,0,Consultant | N1,0.667,0.0
40,F,4244,Marié(e),Consulting,Manager,1,8,8,7,1,2,2,2,Transformation Digitale,Frequent,3,7,3,4,2,2,4,3,4,Non,24.0,821,0.875,2121.99,3.0,2,4,0,0,0,0,Manager | N2,0.222,0.375
34,F,6500,Marié(e),Commercial,Cadre Commercial,5,6,3,2,1,1,8,2,Infra & Cloud,Occasionnel,1,2,3,3,2,1,2,3,3,Non,17.0,944,0.667,3249.98,2.25,1,3,0,0,0,1,Cadre Commercial | N2,0.25,0.333
42,M,18430,Divorcé(e),Consulting,Senior Manager,1,24,24,7,1,4,8,3,Infra & Cloud,Frequent,14,9,2,3,5,4,2,2,3,Non,13.0,2120,0.292,3685.99,2.5,2,4,0,0,0,0,Senior Manager | N5,0.16,0.583
23,M,1601,Marié(e),Consulting,Consultant,1,1,0,0,2,2,6,3,Infra & Cloud,Occasionnel,0,0,3,4,1,1,3,3,4,Oui,21.0,278,0.0,1600.98,2.5,1,3,0,1,1,0,Consultant | N1,2.0,0.0
24,M,2694,Divorcé(e),Consulting,Consultant,1,1,1,0,3,4,9,3,Infra & Cloud,Aucun,0,0,3,2,1,2,3,3,3,Non,11.0,267,0.0,2693.97,2.75,2,3,1,0,1,0,Consultant | N1,2.0,0.0
52,F,3149,Marié(e),Consulting,Consultant,8,9,5,2,1,3,11,4,Infra & Cloud,Occasionnel,1,4,4,3,2,3,2,3,4,Non,20.0,525,0.4,1574.49,3.0,2,4,1,0,0,1,Consultant | N2,0.5,0.2
50,M,17639,Marié(e),Consulting,Directeur Technique,5,30,4,3,0,3,2,3,Transformation Digitale,Occasionnel,0,3,3,3,4,3,4,3,3,Non,16.0,2433,0.75,4409.74,3.25,3,4,0,0,0,1,Directeur Technique | N4,0.6,0.0
29,F,2319,Marié(e),Consulting,Consultant,1,1,1,0,1,1,1,2,Infra & Cloud,Occasionnel,0,0,2,2,1,1,4,3,3,Oui,11.0,230,0.0,2318.98,2.5,1,4,1,1,1,0,Consultant | N1,0.5,0.0
33,M,11691,Marié(e),Consulting,Directeur Technique,0,14,13,9,0,3,7,3,Transformation Digitale,Occasionnel,3,7,3,3,3,3,4,4,3,Non,11.0,1159,0.692,3896.99,3.5,3,4,0,0,0,0,Directeur Technique | N3,0.214,0.231
33,F,5324,Célibataire,Commercial,Cadre Commercial,5,6,3,2,0,3,16,3,Marketing,Occasionnel,0,2,1,3,2,1,3,3,3,Non,15.0,694,0.667,2661.99,2.0,1,3,0,0,0,1,Cadre Commercial | N2,0.75,0.0
47,F,16752,Marié(e),Consulting,Senior Manager,1,26,26,14,1,3,2,2,Autre,Occasionnel,3,0,3,3,4,4,3,2,3,Oui,11.0,1660,0.538,4187.99,3.0,2,4,0,0,0,0,Senior Manager | N4,0.111,0.115
36,F,5228,Marié(e),Consulting,Tech Lead,0,10,9,7,1,2,1,3,Autre,Occasionnel,0,5,3,3,2,2,1,3,3,Non,15.0,682,0.778,2613.99,2.25,1,3,0,0,0,0,Tech Lead | N2,0.2,0.0
29,M,2700,Marié(e),Consulting,Assistant de Direction,1,10,10,7,1,3,23,2,Infra & Cloud,Occasionnel,0,7,3,4,1,3,3,3,4,Non,24.0,523,0.7,2699.97,3.0,3,3,0,0,0,0,Assistant de Direction | N1,0.273,0.0
58,M,19246,Célibataire,Consulting,Directeur Technique,7,40,31,15,0,2,2,4,Infra & Cloud,Occasionnel,13,8,4,3,5,2,4,3,3,Oui,12.0,2062,0.484,3849.19,3.25,2,4,0,0,0,1,Directeur Technique | N5,0.062,0.419
35,F,2506,Célibataire,Consulting,Assistant de Direction,3,7,2,2,0,0,1,4,Infra & Cloud,Occasionnel,2,2,4,4,1,3,3,3,3,Non,13.0,288,1.0,2505.97,3.25,3,4,-1,0,0,0,Assistant de Direction | N1,0.0,1.0
42,F,6062,Marié(e),Consulting,Tech Lead,9,8,4,3,1,4,1,2,Infra & Cloud,Occasionnel,0,2,4,2,2,4,4,3,3,Oui,13.0,697,0.75,3030.98,3.75,3,4,1,0,0,1,Tech Lead | N2,0.8,0.0
28,M,4382,Célibataire,Consulting,Assistant de Direction,6,5,2,2,0,3,2,4,Transformation Digitale,Occasionnel,2,1,3,3,1,3,4,2,3,Non,17.0,637,1.0,4381.96,3.0,2,4,0,0,1,1,Assistant de Direction | N1,1.0,1.0
36,M,2143,Marié(e),Ressources Humaines,Ressources Humaines,4,8,5,2,1,2,13,3,Ressources Humaines,Occasionnel,0,4,3,3,1,2,2,3,3,Non,13.0,247,0.4,2142.98,2.5,2,3,0,0,0,0,Ressources Humaines | N1,0.333,0.0
32,F,6162,Marié(e),Consulting,Tech Lead,1,14,14,13,1,3,4,3,Infra & Cloud,Occasionnel,6,8,3,2,2,3,3,3,3,Non,12.0,660,0.929,3080.98,3.0,3,3,1,0,0,0,Tech Lead | N2,0.2,0.429
40,M,5094,Célibataire,Consulting,Consultant,6,10,1,0,0,6,16,4,Transformation Digitale,Frequent,0,0,1,2,2,3,4,3,3,Non,14.000000000000002,626,0.0,2546.99,2.75,1,4,1,0,0,1,Consultant | N2,3.0,0.0
30,F,6877,Célibataire,Consulting,Tech Lead,5,12,0,0,0,4,2,3,Transformation Digitale,Occasionnel,0,0,3,2,2,4,2,2,4,Oui,24.0,1331,0.0,3438.48,2.75,2,4,2,0,1,1,Tech Lead | N2,4.0,0.0
45,F,2274,Célibataire,Consulting,Assistant de Direction,1,1,1,0,0,3,2,3,Infra & Cloud,Occasionnel,0,0,2,2,1,3,4,3,3,Non,14.000000000000002,279,0.0,2273.98,3.0,2,4,1,0,0,0,Assistant de Direction | N1,1.5,0.0
42,M,4434,Marié(e),Consulting,Tech Lead,1,10,9,8,1,3,29,3,Infra & Cloud,Occasionnel,7,8,2,3,2,2,4,2,3,Non,13.0,510,0.889,2216.99,2.5,2,4,0,0,0,0,Tech Lead | N2,0.3,0.778
38,M,6288,Divorcé(e),Consulting,Manager,2,13,4,3,1,3,12,3,Infra & Cloud,Frequent,1,2,1,2,2,1,3,2,3,Non,15.0,820,0.75,3143.98,1.75,1,3,1,0,0,0,Manager | N2,0.6,0.25
34,F,2553,Célibataire,Consulting,Assistant de Direction,1,6,5,2,0,3,16,4,Infra & Cloud,Frequent,1,3,3,2,1,4,3,3,3,Non,16.0,352,0.4,2552.97,3.25,3,4,1,0,0,0,Assistant de Direction | N1,0.5,0.2
49,F,7654,Marié(e),Commercial,Cadre Commercial,1,9,9,8,2,3,11,3,Marketing,Occasionnel,7,7,3,3,3,4,1,4,3,Non,18.0,1168,0.889,2551.32,3.0,1,4,0,0,0,0,Cadre Commercial | N3,0.3,0.778
55,M,5160,Célibataire,Commercial,Cadre Commercial,4,12,9,7,0,3,2,1,Transformation Digitale,Occasionnel,7,3,3,3,2,4,3,2,3,Non,16.0,712,0.778,2579.99,3.0,2,4,0,0,0,0,Cadre Commercial | N2,0.3,0.778
43,M,17159,Marié(e),Consulting,Directeur Technique,6,22,4,1,1,3,14,2,Infra & Cloud,Occasionnel,1,0,2,3,4,1,3,3,4,Non,24.0,3321,0.25,4289.74,2.25,1,3,1,0,0,1,Directeur Technique | N4,0.6,0.25
27,M,12808,Divorcé(e),Consulting,Directeur Technique,1,9,9,8,1,3,5,1,Entrepreunariat,Occasionnel,0,8,3,2,3,4,2,3,3,Oui,16.0,1767,0.889,4269.32,3.0,2,4,1,0,0,0,Directeur Technique | N3,0.3,0.0
35,M,10221,Célibataire,Consulting,Tech Lead,3,17,8,5,0,3,7,3,Autre,Occasionnel,1,6,3,3,3,3,2,4,4,Non,21.0,1774,0.625,3406.99,3.0,2,4,1,0,0,0,Tech Lead | N3,0.333,0.125
28,F,4779,Marié(e),Commercial,Cadre Commercial,1,8,8,7,0,2,2,4,Marketing,Occasionnel,7,5,2,3,2,2,1,3,4,Oui,20.0,796,0.875,2389.49,2.0,1,3,1,1,0,0,Cadre Commercial | N2,0.222,0.875
34,M,3737,Marié(e),Ressources Humaines,Ressources Humaines,0,4,3,2,1,1,3,2,Ressources Humaines,Occasionnel,0,2,3,3,1,4,3,1,3,Non,19.0,597,0.667,3736.96,2.75,1,4,0,0,0,0,Ressources Humaines | N1,0.25,0.0
26,F,2366,Marié(e),Consulting,Assistant de Direction,1,8,8,7,1,2,5,2,Transformation Digitale,Frequent,1,7,3,2,1,3,1,3,3,Oui,14.000000000000002,291,0.875,2365.98,2.5,1,3,1,1,0,0,Assistant de Direction | N1,0.222,0.125
27,M,1706,Marié(e),Consulting,Assistant de Direction,1,0,0,0,3,6,3,3,Transformation Digitale,Aucun,0,0,4,3,1,4,3,2,3,Non,11.0,169,0.0,1705.98,3.25,2,4,0,0,1,0,Assistant de Direction | N1,6.0,0.0
51,F,16307,Marié(e),Commercial,Senior Manager,2,29,20,6,1,2,26,4,Marketing,Occasionnel,4,17,1,3,4,3,3,2,3,Non,14.000000000000002,2003,0.3,4076.74,2.25,1,3,0,0,0,0,Senior Manager | N4,0.095,0.2
44,M,5933,Célibataire,Consulting,Manager,9,10,5,2,0,2,4,3,Transformation Digitale,Occasionnel,2,3,4,3,2,2,4,2,3,Non,12.0,636,0.4,2966.49,3.0,2,4,0,0,0,1,Manager | N2,0.333,0.4
25,M,3424,Célibataire,Consulting,Assistant de Direction,7,6,4,3,0,3,2,1,Transformation Digitale,Occasionnel,0,1,1,4,1,1,3,2,3,Non,13.0,394,0.75,3423.97,1.75,1,3,-1,0,0,1,Assistant de Direction | N1,0.6,0.0
33,M,4037,Divorcé(e),Commercial,Cadre Commercial,1,9,9,8,1,5,1,3,Transformation Digitale,Occasionnel,0,8,1,4,2,1,1,3,4,Non,22.0,728,0.889,2018.49,1.5,1,3,0,0,0,0,Cadre Commercial | N2,0.5,0.0
35,F,2559,Célibataire,Consulting,Assistant de Direction,1,6,6,5,0,3,27,1,Transformation Digitale,Occasionnel,1,1,3,2,1,1,4,2,3,Non,11.0,254,0.833,2558.97,2.5,1,4,1,0,0,0,Assistant de Direction | N1,0.429,0.167
36,M,6201,Marié(e),Commercial,Cadre Commercial,1,18,18,14,1,1,1,2,Infra & Cloud,Occasionnel,4,11,2,3,2,4,4,2,3,Oui,14.000000000000002,762,0.778,3100.48,3.0,2,4,0,0,0,0,Cadre Commercial | N2,0.053,0.222
32,M,4403,Divorcé(e),Commercial,Cadre Commercial,2,8,5,2,1,3,13,4,Infra & Cloud,Occasionnel,0,3,2,3,2,4,3,2,3,Non,11.0,436,0.4,2201.49,2.75,2,4,0,0,0,0,Cadre Commercial | N2,0.5,0.0
30,M,3761,Divorcé(e),Consulting,Assistant de Direction,9,10,5,4,1,3,5,4,Infra & Cloud,Frequent,0,3,2,2,1,4,2,2,3,Non,12.0,403,0.8,3760.96,2.5,2,4,1,0,0,1,Assistant de Direction | N1,0.5,0.0
53,F,10934,Marié(e),Commercial,Cadre Commercial,7,35,5,2,1,3,7,2,Marketing,Occasionnel,0,4,1,2,3,4,4,3,3,Oui,18.0,1668,0.4,3644.65,3.0,1,4,1,0,0,1,Cadre Commercial | N3,0.5,0.0
45,M,10761,Divorcé(e),Commercial,Cadre Commercial,4,18,5,4,1,2,9,3,Marketing,Occasionnel,0,2,4,3,3,1,3,3,3,Oui,12.0,1153,0.8,3586.99,2.75,1,4,0,0,0,0,Cadre Commercial | N3,0.333,0.0
32,F,5175,Marié(e),Consulting,Assistant de Direction,5,9,5,3,1,3,8,2,Transformation Digitale,Occasionnel,1,3,3,4,2,3,3,2,3,Non,12.0,554,0.6,2587.49,2.75,2,3,-1,0,0,1,Assistant de Direction | N2,0.5,0.2
52,F,13826,Marié(e),Consulting,Tech Lead,3,31,9,8,0,3,25,4,Transformation Digitale,Frequent,0,0,3,2,4,4,3,3,4,Non,22.0,2493,0.889,3456.49,3.25,3,4,2,0,0,0,Tech Lead | N4,0.3,0.0
37,M,6334,Divorcé(e),Commercial,Cadre Commercial,4,9,1,0,2,2,16,4,Marketing,Occasionnel,0,0,4,2,2,3,4,3,3,Non,19.0,1011,0.0,3166.98,3.5,3,4,1,0,0,0,Cadre Commercial | N2,1.0,0.0
28,M,4936,Divorcé(e),Ressources Humaines,Ressources Humaines,1,6,5,1,1,6,8,2,Transformation Digitale,Occasionnel,0,4,2,2,1,4,4,3,3,Non,13.0,568,0.2,4935.95,3.25,2,4,1,0,0,0,Ressources Humaines | N1,1.0,0.0
22,M,4775,Marié(e),Consulting,Tech Lead,6,4,2,2,2,2,1,2,Infra & Cloud,Occasionnel,2,2,4,2,2,4,1,1,4,Non,22.0,861,1.0,2387.49,2.5,1,4,2,0,1,1,Tech Lead | N2,0.667,1.0
44,M,2818,Marié(e),Consulting,Consultant,2,10,3,2,1,2,8,4,Infra & Cloud,Occasionnel,0,2,1,4,1,4,3,2,4,Oui,24.0,545,0.667,2817.97,2.5,1,4,0,1,0,0,Consultant | N1,0.5,0.0
42,M,2515,Célibataire,Consulting,Assistant de Direction,5,8,2,1,0,2,2,1,Transformation Digitale,Frequent,2,2,2,3,1,4,4,3,3,Oui,14.000000000000002,309,0.5,2514.97,3.25,2,4,0,1,0,1,Assistant de Direction | N1,0.667,1.0
36,M,2342,Marié(e),Ressources Humaines,Ressources Humaines,0,6,5,4,0,3,8,3,Infra & Cloud,Occasionnel,0,3,1,2,1,1,3,3,4,Non,21.0,406,0.8,2341.98,2.0,1,3,2,0,0,0,Ressources Humaines | N1,0.5,0.0
25,M,4194,Marié(e),Commercial,Cadre Commercial,1,5,5,3,0,3,3,1,Autre,Occasionnel,0,3,3,3,2,1,4,3,3,Oui,18.0,640,0.6,2096.99,2.75,1,4,0,1,0,0,Cadre Commercial | N2,0.5,0.0
35,F,10685,Marié(e),Consulting,Tech Lead,1,17,17,14,1,2,9,3,Infra & Cloud,Occasionnel,5,15,4,2,3,3,2,3,4,Oui,20.0,1781,0.824,3561.65,3.0,2,4,2,0,0,0,Tech Lead | N3,0.111,0.294
35,F,2022,Divorcé(e),Consulting,Assistant de Direction,1,10,10,2,1,3,25,4,Infra & Cloud,Frequent,7,8,4,3,1,2,1,2,3,Oui,19.0,323,0.2,2021.98,2.25,1,4,0,1,0,0,Assistant de Direction | N1,0.273,0.7
32,M,2314,Divorcé(e),Consulting,Consultant,0,4,3,0,1,2,1,3,Infra & Cloud,Aucun,0,2,4,3,1,4,2,3,3,Non,12.0,248,0.0,2313.98,3.25,2,4,0,0,0,0,Consultant | N1,0.5,0.0
25,M,4256,Marié(e),Commercial,Cadre Commercial,1,5,5,2,0,1,4,1,Marketing,Occasionnel,0,3,3,2,2,1,1,4,3,Non,12.0,456,0.4,2127.99,2.25,1,4,1,0,0,0,Cadre Commercial | N2,0.167,0.0
49,F,3580,Marié(e),Consulting,Assistant de Direction,2,7,4,2,1,2,1,3,Entrepreunariat,Occasionnel,0,2,3,3,1,1,2,3,3,Non,16.0,494,0.5,3579.96,2.25,1,3,0,0,0,0,Assistant de Direction | N1,0.4,0.0
24,M,3162,Marié(e),Consulting,Consultant,0,6,5,2,0,2,4,1,Infra & Cloud,Aucun,3,4,1,2,1,4,4,2,3,Non,17.0,459,0.4,3161.97,2.75,1,4,1,0,0,0,Consultant | N1,0.333,0.6
32,M,6524,Marié(e),Commercial,Cadre Commercial,1,10,10,8,1,3,5,2,Infra & Cloud,Frequent,5,3,2,3,2,2,4,3,3,Non,14.000000000000002,801,0.8,3261.98,2.75,2,4,0,0,0,0,Cadre Commercial | N2,0.273,0.5
38,M,2899,Marié(e),Commercial,Représentant Commercial,0,3,2,2,1,3,9,3,Marketing,Occasionnel,1,2,2,2,1,2,4,3,3,Non,19.0,463,1.0,2898.97,2.75,2,4,1,0,0,0,Représentant Commercial | N1,1.0,0.5
42,F,5231,Marié(e),Consulting,Consultant,2,17,5,3,1,1,3,3,Infra & Cloud,Occasionnel,1,3,3,4,2,4,2,2,3,Oui,13.0,602,0.6,2615.49,2.75,2,4,-1,0,0,0,Consultant | N2,0.167,0.2
31,M,2356,Marié(e),Consulting,Assistant de Direction,3,8,6,4,1,2,11,4,Infra & Cloud,Occasionnel,0,2,4,3,1,4,2,3,3,Oui,19.0,376,0.667,2355.98,3.25,2,4,0,1,0,0,Assistant de Direction | N1,0.286,0.0
29,F,2800,Divorcé(e),Commercial,Représentant Commercial,6,5,3,2,3,3,1,3,Transformation Digitale,Occasionnel,0,2,2,2,1,3,3,3,3,Oui,19.0,447,0.667,2799.97,2.75,2,3,1,1,0,1,Représentant Commercial | N1,0.75,0.0
53,M,11836,Marié(e),Commercial,Cadre Commercial,5,28,2,0,1,3,8,3,Marketing,Occasionnel,2,2,1,3,4,4,3,3,3,Non,14.000000000000002,1454,0.0,2958.99,2.75,1,4,0,0,0,1,Cadre Commercial | N4,1.0,1.0
35,M,10903,Marié(e),Consulting,Tech Lead,3,16,13,10,0,2,25,3,Entrepreunariat,Occasionnel,4,8,4,2,3,2,1,3,3,Non,16.0,1504,0.769,3634.32,2.5,1,4,1,0,0,0,Tech Lead | N3,0.143,0.308
37,F,2973,Marié(e),Commercial,Représentant Commercial,5,10,5,4,1,3,21,2,Transformation Digitale,Frequent,0,0,3,3,1,4,2,3,3,Non,15.0,388,0.8,2972.97,3.0,2,4,0,0,0,1,Représentant Commercial | N1,0.5,0.0
53,F,14275,Célibataire,Consulting,Directeur Technique,6,33,12,9,0,0,23,4,Infra & Cloud,Occasionnel,3,8,4,3,4,4,3,3,3,Non,18.0,2178,0.75,3568.74,3.5,3,4,0,0,0,1,Directeur Technique | N4,0.0,0.25
43,F,5562,Marié(e),Consulting,Manager,4,12,5,2,1,2,1,3,Infra & Cloud,Frequent,2,2,4,3,2,4,2,2,3,Non,13.0,640,0.4,2780.99,3.0,2,4,0,0,0,0,Manager | N2,0.333,0.4
47,F,4537,Marié(e),Commercial,Cadre Commercial,0,8,7,6,1,2,2,2,Marketing,Occasionnel,7,7,3,3,2,4,1,3,4,Oui,22.0,818,0.857,2268.49,2.75,1,4,1,1,0,0,Cadre Commercial | N2,0.25,1.0
37,M,7642,Célibataire,Commercial,Cadre Commercial,1,10,10,0,0,2,19,2,Transformation Digitale,Aucun,0,9,1,3,3,2,4,3,3,Oui,13.0,879,0.0,2547.32,2.5,1,4,0,0,0,0,Cadre Commercial | N3,0.182,0.0
50,M,17924,Divorcé(e),Consulting,Senior Manager,1,31,31,6,1,3,2,4,Infra & Cloud,Aucun,14,7,1,3,4,1,4,3,3,Non,11.0,1776,0.194,4480.99,2.25,1,4,0,0,0,0,Senior Manager | N4,0.094,0.452
39,F,5204,Marié(e),Ressources Humaines,Ressources Humaines,8,13,5,4,2,2,2,3,Infra & Cloud,Occasionnel,0,4,4,2,2,4,3,3,3,Non,11.0,516,0.8,2601.99,3.5,3,4,1,0,0,1,Ressources Humaines | N2,0.333,0.0
33,M,2277,Divorcé(e),Ressources Humaines,Ressources Humaines,3,7,4,3,1,4,3,2,Ressources Humaines,Occasionnel,0,3,4,3,1,2,3,4,3,Oui,11.0,226,0.75,2276.98,3.25,2,4,0,1,0,0,Ressources Humaines | N1,0.8,0.0
32,M,2795,Célibataire,Consulting,Consultant,1,1,1,0,0,2,25,4,Infra & Cloud,Occasionnel,0,1,1,3,1,4,3,1,4,Oui,24.0,541,0.0,2794.97,2.25,1,4,1,1,0,0,Consultant | N1,1.0,0.0
29,F,2532,Divorcé(e),Consulting,Consultant,6,8,4,3,3,5,7,1,Transformation Digitale,Occasionnel,0,3,1,2,1,4,3,3,3,Non,14.000000000000002,311,0.75,2531.97,2.75,1,4,1,0,0,1,Consultant | N1,1.0,0.0
44,M,2559,Marié(e),Consulting,Assistant de Direction,1,8,8,7,0,0,9,2,Infra & Cloud,Occasionnel,7,1,2,3,1,1,4,3,3,Oui,13.0,294,0.875,2558.97,2.5,1,4,0,1,0,0,Assistant de Direction | N1,0.0,0.875
28,M,4908,Célibataire,Commercial,Cadre Commercial,1,4,4,2,0,3,5,4,Transformation Digitale,Occasionnel,0,2,1,3,2,4,2,3,3,Non,14.000000000000002,603,0.5,2453.99,2.5,1,4,0,0,0,0,Cadre Commercial | N2,0.6,0.0
58,M,2380,Divorcé(e),Consulting,Consultant,9,3,1,0,1,3,2,1,Infra & Cloud,Frequent,0,0,4,2,1,4,4,2,3,Oui,14.000000000000002,292,0.0,2379.98,3.5,2,4,1,1,0,1,Consultant | N1,1.5,0.0
43,F,4765,Divorcé(e),Consulting,Tech Lead,4,4,1,0,1,2,8,3,Infra & Cloud,Occasionnel,0,0,1,3,2,2,3,4,4,Non,21.0,827,0.0,2382.49,2.5,1,4,1,0,0,0,Tech Lead | N2,1.0,0.0
20,F,2044,Célibataire,Commercial,Représentant Commercial,1,2,2,2,0,3,2,3,Transformation Digitale,Occasionnel,0,2,3,2,1,3,4,2,3,Non,13.0,235,1.0,2043.98,3.0,2,4,1,0,1,0,Représentant Commercial | N1,1.0,0.0
21,F,2693,Célibataire,Consulting,Assistant de Direction,1,1,1,0,0,3,18,1,Autre,Occasionnel,0,0,4,3,1,4,1,2,3,Non,19.0,430,0.0,2692.97,2.75,1,4,0,0,1,0,Assistant de Direction | N1,1.5,0.0
36,M,6586,Marié(e),Consulting,Manager,0,17,16,8,1,2,14,1,Infra & Cloud,Occasionnel,4,11,3,3,2,4,1,2,3,Oui,17.0,957,0.5,3292.98,2.5,1,4,0,0,0,0,Manager | N2,0.118,0.25
47,F,3294,Célibataire,Commercial,Représentant Commercial,1,3,3,2,0,3,2,4,Infra & Cloud,Occasionnel,1,2,4,2,1,4,1,2,3,Oui,18.0,502,0.667,3293.97,2.75,1,4,1,1,0,0,Représentant Commercial | N1,0.75,0.333
22,F,4171,Marié(e),Consulting,Tech Lead,0,4,3,2,1,3,3,1,Infra & Cloud,Occasionnel,0,2,2,3,2,3,1,4,3,Oui,19.0,666,0.667,2085.49,2.5,1,4,0,1,0,0,Tech Lead | N2,0.75,0.0
41,F,2778,Divorcé(e),Consulting,Consultant,4,10,7,7,1,1,2,4,Infra & Cloud,Occasionnel,1,0,2,1,1,4,3,2,3,Oui,13.0,320,1.0,2777.97,2.75,2,4,2,1,0,0,Consultant | N1,0.125,0.143
28,F,2377,Divorcé(e),Consulting,Assistant de Direction,5,6,2,2,1,2,9,3,Transformation Digitale,Occasionnel,2,2,3,3,1,3,2,3,3,Non,18.0,363,1.0,2376.98,2.75,2,3,0,0,1,1,Assistant de Direction | N1,0.667,1.0
39,M,2404,Marié(e),Consulting,Consultant,7,8,2,2,0,2,6,3,Transformation Digitale,Occasionnel,2,2,4,3,1,1,4,1,4,Oui,21.0,417,1.0,2403.98,2.5,1,4,1,1,0,1,Consultant | N1,0.667,1.0
27,F,2318,Célibataire,Consulting,Assistant de Direction,1,1,1,1,0,2,4,3,Infra & Cloud,Occasionnel,0,0,2,3,1,3,3,3,3,Non,19.0,370,1.0,2317.98,2.75,2,3,0,0,1,0,Assistant de Direction | N1,1.0,0.0
34,M,2008,Divorcé(e),Consulting,Consultant,1,1,1,0,2,3,10,3,Infra & Cloud,Occasionnel,1,0,2,3,1,2,2,3,3,Non,14.000000000000002,247,0.0,2007.98,2.25,2,3,0,0,0,0,Consultant | N1,1.5,1.0
42,F,6244,Célibataire,Commercial,Cadre Commercial,7,10,5,4,0,6,14,2,Transformation Digitale,Occasionnel,0,3,3,2,2,3,1,3,3,Non,17.0,907,0.8,3121.98,2.5,1,3,1,0,0,1,Cadre Commercial | N2,1.0,0.0
33,M,2799,Célibataire,Consulting,Assistant de Direction,3,6,3,2,0,1,1,4,Autre,Occasionnel,0,2,3,2,1,1,2,3,3,Oui,11.0,277,0.667,2798.97,2.25,1,3,1,1,0,0,Assistant de Direction | N1,0.25,0.0
58,F,10552,Divorcé(e),Consulting,Manager,2,24,6,0,1,3,5,3,Entrepreunariat,Occasionnel,0,4,3,2,3,2,4,3,3,Oui,13.0,1214,0.0,3517.32,3.0,2,4,1,0,0,0,Manager | N3,0.429,0.0
31,M,2329,Marié(e),Commercial,Représentant Commercial,3,13,7,7,0,2,7,4,Infra & Cloud,Occasionnel,5,2,2,2,1,3,2,4,3,Non,15.0,304,1.0,2328.98,2.75,2,4,1,0,0,0,Représentant Commercial | N1,0.25,0.714
35,F,4014,Marié(e),Consulting,Manager,1,10,10,6,1,2,21,1,Infra & Cloud,Occasionnel,0,7,4,3,2,4,4,1,4,Oui,25.0,803,0.6,2006.99,3.25,1,4,1,1,0,0,Manager | N2,0.182,0.0
49,F,7403,Marié(e),Consulting,Consultant,4,29,26,9,1,3,8,2,Autre,Occasionnel,1,7,1,3,3,2,3,2,3,Non,11.0,734,0.346,2467.66,2.0,1,3,0,0,0,0,Consultant | N3,0.111,0.038
48,M,2259,Marié(e),Consulting,Assistant de Direction,4,13,0,0,2,2,20,4,Transformation Digitale,Occasionnel,0,0,4,3,1,3,1,2,3,Non,17.0,328,0.0,2258.98,2.5,1,4,0,0,0,0,Assistant de Direction | N1,2.0,0.0
31,F,6932,Marié(e),Commercial,Cadre Commercial,1,9,9,8,1,2,20,2,Marketing,Aucun,0,0,4,3,2,3,4,2,3,Non,13.0,797,0.889,3465.98,3.25,2,4,0,0,0,0,Cadre Commercial | N2,0.2,0.0
36,M,4678,Célibataire,Consulting,Assistant de Direction,2,8,6,2,0,6,7,4,Autre,Occasionnel,0,1,2,3,1,4,3,3,3,Non,18.0,714,0.333,4677.95,3.0,2,4,0,0,0,0,Assistant de Direction | N1,0.857,0.0
38,F,13582,Marié(e),Consulting,Directeur Technique,1,15,15,12,1,3,1,3,Entrepreunariat,Occasionnel,5,11,4,3,3,1,2,3,3,Non,13.0,1563,0.8,4527.32,2.5,1,4,0,0,0,0,Directeur Technique | N3,0.188,0.333
32,F,2332,Marié(e),Consulting,Consultant,6,5,3,0,0,3,1,3,Infra & Cloud,Aucun,0,2,3,2,1,2,3,3,4,Non,20.0,389,0.0,2331.98,2.75,2,3,2,0,0,1,Consultant | N1,0.75,0.0
25,M,2413,Marié(e),Commercial,Représentant Commercial,1,1,1,0,3,2,19,2,Marketing,Occasionnel,0,0,3,2,1,2,3,3,3,Oui,18.0,368,0.0,2412.98,2.75,2,3,1,1,1,0,Représentant Commercial | N1,1.0,0.0
40,M,9705,Divorcé(e),Commercial,Cadre Commercial,2,11,1,0,1,2,10,4,Marketing,Occasionnel,0,0,1,2,3,2,2,2,3,Non,12.0,1040,0.0,3234.99,1.75,1,2,1,0,0,0,Cadre Commercial | N3,1.0,0.0
26,M,4294,Célibataire,Commercial,Cadre Commercial,1,7,7,7,0,2,1,3,Transformation Digitale,Frequent,0,7,3,2,2,1,2,3,3,Non,12.0,460,1.0,2146.99,2.25,1,3,1,0,0,0,Cadre Commercial | N2,0.25,0.0
41,M,4721,Célibataire,Consulting,Consultant,2,20,18,13,0,3,6,3,Transformation Digitale,Occasionnel,2,17,4,3,1,1,3,3,3,Oui,13.0,543,0.722,4720.95,2.75,1,4,0,1,0,0,Consultant | N1,0.158,0.111
36,M,2519,Célibataire,Consulting,Consultant,4,16,11,8,0,6,2,4,Transformation Digitale,Occasionnel,3,9,3,3,1,3,3,3,4,Non,21.0,437,0.727,2518.97,3.0,3,3,1,0,0,0,Consultant | N1,0.5,0.273
19,M,2121,Célibataire,Commercial,Représentant Commercial,1,1,1,0,0,3,21,3,Autre,Occasionnel,0,0,4,2,1,2,2,4,3,Oui,13.0,244,0.0,2120.98,3.0,2,4,1,1,1,0,Représentant Commercial | N1,1.5,0.0
20,M,2973,Célibataire,Consulting,Consultant,1,1,1,0,0,2,4,3,Entrepreunariat,Occasionnel,0,0,1,3,1,1,2,3,3,Non,19.0,475,0.0,2972.97,1.75,1,3,0,0,1,0,Consultant | N1,1.0,0.0
31,F,5855,Marié(e),Consulting,Manager,0,10,9,7,2,2,12,3,Transformation Digitale,Occasionnel,8,5,4,3,2,4,3,1,3,Oui,11.0,580,0.778,2927.49,3.0,1,4,0,0,0,0,Manager | N2,0.2,0.889
40,M,3617,Divorcé(e),Consulting,Assistant de Direction,8,3,1,1,1,2,9,4,Transformation Digitale,Frequent,0,0,4,3,1,2,4,3,3,Oui,14.000000000000002,444,1.0,3616.96,3.25,2,4,0,1,0,1,Assistant de Direction | N1,1.0,0.0
32,F,6725,Marié(e),Consulting,Tech Lead,1,8,8,7,1,2,3,4,Transformation Digitale,Occasionnel,6,3,3,3,2,1,3,4,3,Non,12.0,721,0.875,3362.48,2.75,1,4,0,0,0,0,Tech Lead | N2,0.222,0.75
36,M,10325,Marié(e),Commercial,Cadre Commercial,1,16,16,7,1,6,3,1,Infra & Cloud,Occasionnel,3,7,3,2,3,4,1,3,3,Oui,11.0,1023,0.437,3441.66,2.75,1,4,1,0,0,0,Cadre Commercial | N3,0.353,0.187
33,F,6949,Célibataire,Consulting,Manager,0,6,5,0,0,3,1,3,Infra & Cloud,Occasionnel,1,4,2,2,2,4,1,3,3,Non,14.000000000000002,853,0.0,3474.48,2.5,1,4,1,0,0,0,Manager | N2,0.5,0.2
37,M,10609,Marié(e),Commercial,Cadre Commercial,5,17,14,1,0,2,1,4,Infra & Cloud,Occasionnel,11,7,1,2,3,3,3,1,3,Non,11.0,1051,0.071,3536.32,2.0,1,3,1,0,0,1,Cadre Commercial | N3,0.133,0.786
45,M,4447,Marié(e),Consulting,Consultant,1,9,9,7,0,5,4,2,Infra & Cloud,Aucun,0,8,3,3,2,2,2,2,3,Non,12.0,476,0.778,2223.49,2.25,2,3,0,0,0,0,Consultant | N2,0.5,0.0
29,F,2157,Marié(e),Commercial,Représentant Commercial,1,3,3,1,1,5,20,3,Entrepreunariat,Frequent,0,2,3,3,1,4,2,3,3,Non,15.0,281,0.333,2156.98,3.0,2,4,0,0,0,0,Représentant Commercial | N1,1.25,0.0
35,F,4601,Marié(e),Commercial,Cadre Commercial,1,5,5,2,0,3,18,3,Transformation Digitale,Occasionnel,1,0,3,3,2,3,2,3,3,Non,16.0,635,0.4,2300.49,2.75,2,3,0,0,0,0,Cadre Commercial | N2,0.5,0.2
52,M,17099,Marié(e),Consulting,Senior Manager,2,26,9,8,1,2,1,2,Infra & Cloud,Occasionnel,7,8,4,3,4,4,2,2,3,Non,15.0,2230,0.889,4274.74,3.0,2,4,0,0,0,0,Senior Manager | N4,0.2,0.778
58,M,2479,Célibataire,Consulting,Assistant de Direction,4,7,1,0,0,4,2,3,Entrepreunariat,Occasionnel,0,0,4,3,1,3,1,3,4,Non,24.0,480,0.0,2478.98,2.75,1,4,1,0,0,0,Assistant de Direction | N1,2.0,0.0
53,M,14852,Divorcé(e),Commercial,Senior Manager,6,22,17,13,1,3,2,2,Transformation Digitale,Occasionnel,15,2,3,3,4,3,3,4,3,Non,13.0,1709,0.765,3712.99,3.25,3,4,0,0,0,1,Senior Manager | N4,0.167,0.882
30,M,7264,Divorcé(e),Commercial,Cadre Commercial,5,10,8,4,1,2,8,2,Autre,Occasionnel,7,7,3,3,3,3,1,4,3,Non,11.0,720,0.5,2421.33,2.75,1,4,0,0,0,1,Cadre Commercial | N3,0.222,0.875
38,F,5666,Célibataire,Commercial,Cadre Commercial,1,6,5,3,0,1,10,3,Entrepreunariat,Aucun,1,3,3,3,2,4,2,3,3,Oui,13.0,652,0.6,2832.99,3.0,2,4,0,0,0,0,Cadre Commercial | N2,0.167,0.2
35,M,7823,Divorcé(e),Commercial,Cadre Commercial,6,12,10,9,1,2,3,4,Infra & Cloud,Occasionnel,0,8,4,3,3,4,2,3,3,Non,13.0,900,0.9,2607.66,3.25,2,4,0,0,0,1,Cadre Commercial | N3,0.182,0.0
39,M,7880,Célibataire,Commercial,Cadre Commercial,0,9,8,7,0,3,2,5,Infra & Cloud,Occasionnel,0,7,1,4,3,3,4,3,3,Non,18.0,1202,0.875,2626.66,2.75,1,4,-1,0,0,0,Cadre Commercial | N3,0.333,0.0
40,F,13194,Célibataire,Commercial,Cadre Commercial,4,22,1,0,0,2,24,3,Infra & Cloud,Aucun,0,0,2,4,4,2,4,2,3,Oui,16.0,1820,0.0,3298.49,2.5,2,4,-1,0,0,0,Cadre Commercial | N4,1.0,0.0
47,M,5067,Divorcé(e),Consulting,Tech Lead,1,20,19,10,0,3,16,4,Transformation Digitale,Frequent,2,7,3,4,2,3,3,4,3,Oui,19.0,809,0.526,2533.49,3.25,3,4,-1,0,0,0,Tech Lead | N2,0.15,0.105
36,M,5079,Divorcé(e),Commercial,Cadre Commercial,4,12,7,7,2,3,8,4,Entrepreunariat,Aucun,0,7,1,3,2,4,4,3,3,Non,13.0,584,1.0,2539.49,3.0,1,4,0,0,0,0,Cadre Commercial | N2,0.375,0.0
31,M,2321,Célibataire,Consulting,Assistant de Direction,0,4,3,2,0,0,9,2,Transformation Digitale,Aucun,1,2,3,2,1,1,1,3,4,Oui,22.0,419,0.667,2320.98,2.0,1,3,2,1,0,0,Assistant de Direction | N1,0.0,0.333
33,M,17444,Célibataire,Commercial,Senior Manager,1,10,10,8,0,2,17,3,Infra & Cloud,Aucun,6,0,4,3,4,3,4,3,3,Non,11.0,1729,0.8,4360.99,3.5,3,4,0,0,0,0,Senior Manager | N4,0.182,0.6
29,F,2404,Célibataire,Consulting,Assistant de Direction,6,3,0,0,0,5,10,3,Infra & Cloud,Occasionnel,0,0,4,2,1,1,3,3,4,Oui,20.0,401,0.0,2403.98,2.75,1,4,2,1,1,1,Assistant de Direction | N1,5.0,0.0
33,F,3452,Célibataire,Consulting,Assistant de Direction,3,5,3,2,0,4,13,1,Infra & Cloud,Occasionnel,0,2,2,3,1,4,1,3,3,Non,18.0,527,0.667,3451.97,2.5,1,4,0,0,0,0,Assistant de Direction | N1,1.0,0.0
45,F,2270,Divorcé(e),Consulting,Consultant,3,8,5,3,2,2,1,4,Transformation Digitale,Occasionnel,0,2,4,3,1,4,4,3,3,Non,14.000000000000002,279,0.6,2269.98,3.75,3,4,0,0,0,0,Consultant | N1,0.333,0.0
50,M,17399,Divorcé(e),Consulting,Directeur Technique,9,32,5,4,1,1,1,2,Transformation Digitale,Occasionnel,1,3,4,3,4,4,3,2,4,Non,22.0,3138,0.8,4349.74,3.25,2,4,1,0,0,1,Directeur Technique | N4,0.167,0.2
33,F,5488,Marié(e),Consulting,Manager,1,6,6,5,1,2,1,4,Autre,Frequent,1,2,3,4,2,2,1,3,3,Oui,13.0,631,0.833,2743.99,2.25,1,3,-1,0,0,0,Manager | N2,0.286,0.167
41,M,19419,Divorcé(e),Consulting,Directeur Technique,2,21,18,16,1,2,9,3,Transformation Digitale,Frequent,0,11,1,3,5,3,2,4,3,Non,17.0,2822,0.889,3883.79,2.5,1,4,0,0,0,0,Directeur Technique | N5,0.105,0.0
27,F,2811,Marié(e),Consulting,Consultant,9,4,2,2,1,2,16,4,Entrepreunariat,Occasionnel,2,2,3,3,1,2,2,3,3,Non,14.000000000000002,345,1.0,2810.97,2.5,2,3,0,0,1,1,Consultant | N1,0.667,1.0
45,M,3633,Marié(e),Consulting,Consultant,1,9,9,8,1,2,23,2,Infra & Cloud,Aucun,0,8,4,3,2,1,3,3,3,Oui,15.0,474,0.889,1816.49,2.75,1,4,0,1,0,0,Consultant | N2,0.2,0.0
47,F,4163,Célibataire,Commercial,Cadre Commercial,1,9,9,0,0,0,4,2,Infra & Cloud,Occasionnel,0,7,4,3,2,4,3,3,3,Oui,17.0,605,0.0,2081.49,3.5,3,4,0,1,0,0,Cadre Commercial | N2,0.0,0.0
30,F,2132,Marié(e),Consulting,Assistant de Direction,4,7,5,2,0,2,22,3,Infra & Cloud,Occasionnel,0,1,1,3,1,3,2,3,3,Oui,11.0,211,0.4,2131.98,2.25,1,3,0,1,0,0,Assistant de Direction | N1,0.333,0.0
50,M,13973,Marié(e),Consulting,Tech Lead,3,22,12,11,1,2,24,3,Infra & Cloud,Occasionnel,1,5,4,3,4,3,4,3,3,Oui,18.0,2131,0.917,3493.24,3.5,3,4,0,0,0,0,Tech Lead | N4,0.154,0.083
38,M,2684,Marié(e),Consulting,Assistant de Direction,0,3,2,1,1,0,10,1,Transformation Digitale,Frequent,0,2,3,3,1,3,2,2,3,Non,17.0,390,0.5,2683.97,2.5,2,3,0,0,0,0,Assistant de Direction | N1,0.0,0.0
46,M,10845,Divorcé(e),Consulting,Tech Lead,6,13,8,7,1,3,7,2,Transformation Digitale,Occasionnel,0,7,4,3,3,3,2,3,3,Non,13.0,1248,0.875,3614.99,3.0,2,4,0,0,0,1,Tech Lead | N3,0.333,0.0
24,F,4377,Divorcé(e),Consulting,Tech Lead,1,5,4,2,2,6,17,1,Transformation Digitale,Occasionnel,3,2,4,2,2,3,2,3,3,Non,15.0,571,0.5,2188.49,3.0,2,4,1,0,0,0,Tech Lead | N2,1.2,0.75
35,M,3743,Divorcé(e),Consulting,Consultant,1,5,4,2,1,2,14,4,Autre,Occasionnel,0,2,3,2,1,2,4,1,4,Oui,24.0,724,0.5,3742.96,2.5,1,4,2,1,0,0,Consultant | N1,0.4,0.0
31,F,4148,Marié(e),Consulting,Tech Lead,1,4,4,3,1,1,1,1,Infra & Cloud,Frequent,0,3,3,3,2,1,3,3,3,Non,12.0,444,0.75,2073.99,2.5,1,3,0,0,0,0,Tech Lead | N2,0.2,0.0
18,M,1051,Célibataire,Consulting,Assistant de Direction,1,0,0,0,0,2,5,2,Infra & Cloud,Aucun,0,0,2,3,1,4,4,3,3,Non,15.0,137,0.0,1050.99,3.25,2,4,0,0,1,0,Assistant de Direction | N1,2.0,0.0
54,F,10739,Marié(e),Consulting,Tech Lead,8,22,10,7,1,2,17,3,Entrepreunariat,Occasionnel,0,8,3,3,3,3,3,3,3,Non,11.0,1064,0.7,3579.65,3.0,3,3,0,0,0,1,Tech Lead | N3,0.182,0.0
35,F,10388,Divorcé(e),Consulting,Manager,1,16,16,10,1,3,25,4,Transformation Digitale,Occasionnel,10,1,3,3,3,3,3,2,3,Oui,11.0,1029,0.625,3462.66,2.75,2,3,0,0,0,0,Manager | N3,0.176,0.625
30,F,11416,Marié(e),Consulting,Directeur Technique,0,9,8,7,3,4,8,2,Infra & Cloud,Occasionnel,1,7,2,4,3,1,3,2,3,Oui,12.0,1223,0.875,3805.32,2.0,1,3,-1,0,0,0,Directeur Technique | N3,0.444,0.125
20,F,2600,Célibataire,Consulting,Assistant de Direction,1,1,1,0,0,2,11,3,Transformation Digitale,Occasionnel,0,0,4,2,1,1,1,3,3,Oui,15.0,339,0.0,2599.97,2.25,1,4,1,1,1,0,Assistant de Direction | N1,1.0,0.0
30,F,2422,Célibataire,Consulting,Consultant,0,4,3,2,0,3,5,3,Transformation Digitale,Frequent,1,2,2,3,1,2,1,3,3,Non,17.0,352,0.667,2421.98,2.0,1,3,0,0,0,0,Consultant | N1,0.75,0.333
26,M,5472,Marié(e),Consulting,Tech Lead,1,8,8,7,0,2,2,2,Transformation Digitale,Occasionnel,1,3,4,4,2,4,2,3,3,Non,12.0,586,0.875,2735.99,3.25,2,4,-1,0,0,0,Tech Lead | N2,0.222,0.125
22,M,2451,Marié(e),Consulting,Consultant,1,4,4,3,1,3,8,1,Infra & Cloud,Occasionnel,1,1,2,1,1,1,1,2,3,Non,15.0,320,0.75,2450.98,1.5,1,2,2,0,0,0,Consultant | N1,0.6,0.25
48,M,4240,Célibataire,Consulting,Manager,2,19,2,2,0,0,6,3,Infra & Cloud,Occasionnel,2,2,1,2,2,3,4,3,3,Non,13.0,488,1.0,2119.99,2.75,1,4,1,0,0,0,Manager | N2,0.0,1.0
48,M,10999,Célibataire,Consulting,Manager,7,27,15,11,0,3,4,4,Infra & Cloud,Occasionnel,4,8,3,2,3,3,2,3,3,Non,14.000000000000002,1351,0.733,3666.32,2.75,2,3,1,0,0,1,Manager | N3,0.188,0.267
41,F,5003,Célibataire,Consulting,Tech Lead,6,8,2,2,0,6,7,2,Transformation Digitale,Occasionnel,2,1,4,3,2,3,2,3,3,Non,14.000000000000002,614,1.0,2501.49,3.0,2,4,0,0,0,1,Tech Lead | N2,2.0,1.0
39,F,12742,Marié(e),Consulting,Tech Lead,1,21,21,6,1,3,1,1,Infra & Cloud,Occasionnel,11,8,4,2,4,4,3,3,3,Non,16.0,1758,0.286,3185.49,3.5,3,4,1,0,0,0,Tech Lead | N4,0.136,0.524
27,F,4227,Marié(e),Consulting,Tech Lead,0,4,3,2,1,2,2,4,Infra & Cloud,Occasionnel,2,2,1,3,2,4,2,3,3,Non,18.0,645,0.667,2113.49,2.5,1,4,0,0,0,0,Tech Lead | N2,0.5,0.667
35,M,3917,Divorcé(e),Consulting,Consultant,1,3,3,2,1,4,10,3,Autre,Occasionnel,1,2,2,3,1,4,1,2,4,Non,20.0,653,0.667,3916.96,2.25,1,4,1,0,0,0,Consultant | N1,1.0,0.333
42,M,18303,Marié(e),Commercial,Senior Manager,6,21,1,0,0,3,5,2,Marketing,Occasionnel,0,0,4,3,5,3,2,4,3,Non,13.0,2106,0.0,3660.59,3.25,2,4,0,0,0,1,Senior Manager | N5,1.5,0.0
50,M,2380,Marié(e),Consulting,Consultant,4,8,1,0,0,5,9,3,Infra & Cloud,Occasionnel,0,0,1,3,1,4,2,3,3,Non,18.0,363,0.0,2379.98,2.5,1,4,0,0,0,0,Consultant | N1,2.5,0.0
59,F,13726,Célibataire,Consulting,Tech Lead,3,30,5,3,0,4,2,3,Infra & Cloud,Occasionnel,4,3,3,2,4,4,1,3,3,Oui,13.0,1579,0.6,3431.49,2.75,1,4,1,0,0,0,Tech Lead | N4,0.667,0.8
37,F,4777,Marié(e),Consulting,Manager,5,15,1,0,0,2,11,2,Transformation Digitale,Occasionnel,0,0,1,1,2,2,1,1,3,Non,15.0,623,0.0,2388.49,1.25,1,2,2,0,0,1,Manager | N2,1.0,0.0
55,M,6385,Marié(e),Consulting,Manager,3,17,8,7,2,3,18,4,Transformation Digitale,Frequent,6,7,3,3,2,2,4,3,3,Oui,14.000000000000002,784,0.875,3192.48,3.0,2,4,0,0,0,0,Manager | N2,0.333,0.75
41,F,19973,Divorcé(e),Consulting,Directeur Technique,1,21,21,16,2,3,7,1,Infra & Cloud,Aucun,5,10,2,1,5,3,2,3,4,Non,22.0,3602,0.762,3994.59,2.5,2,3,3,0,0,0,Directeur Technique | N5,0.136,0.238
38,M,6861,Célibataire,Commercial,Cadre Commercial,8,19,1,0,0,1,3,4,Infra & Cloud,Occasionnel,0,0,2,3,2,4,3,3,3,Oui,12.0,735,0.0,3430.48,3.0,2,4,0,0,0,1,Cadre Commercial | N2,0.5,0.0
26,M,4969,Célibataire,Commercial,Cadre Commercial,8,7,2,2,0,6,29,2,Transformation Digitale,Aucun,2,2,2,1,2,1,4,3,3,Non,18.0,758,1.0,2484.49,2.5,1,4,2,0,1,1,Cadre Commercial | N2,2.0,1.0
52,F,19845,Marié(e),Commercial,Senior Manager,1,33,32,14,1,3,2,1,Marketing,Occasionnel,6,9,1,1,5,4,4,3,3,Non,15.0,2588,0.437,3968.99,3.0,1,4,2,0,0,0,Senior Manager | N5,0.091,0.187
44,F,13320,Marié(e),Commercial,Cadre Commercial,3,23,12,11,1,2,28,3,Transformation Digitale,Occasionnel,11,11,4,4,4,4,3,3,3,Oui,18.0,2032,0.917,3329.99,3.5,3,4,-1,0,0,0,Cadre Commercial | N4,0.154,0.917
50,F,6347,Marié(e),Commercial,Cadre Commercial,0,19,18,7,1,3,1,3,Infra & Cloud,Aucun,0,13,4,3,2,3,1,3,3,Non,12.0,680,0.389,3173.48,2.75,1,4,0,0,0,0,Cadre Commercial | N2,0.158,0.0
36,F,2743,Célibataire,Consulting,Consultant,1,18,17,13,0,1,16,4,Infra & Cloud,Occasionnel,15,14,3,4,1,1,3,3,3,Non,16.0,378,0.765,2742.97,2.5,1,3,-1,0,0,0,Consultant | N1,0.056,0.882
39,F,10880,Célibataire,Consulting,Tech Lead,1,21,21,6,0,2,22,3,Transformation Digitale,Frequent,2,8,4,3,3,1,3,3,3,Oui,13.0,1252,0.286,3626.65,2.75,1,4,0,0,0,0,Tech Lead | N3,0.091,0.095
33,F,2342,Célibataire,Commercial,Représentant Commercial,0,3,2,2,0,2,8,1,Infra & Cloud,Aucun,2,2,2,2,1,4,4,2,3,Non,19.0,374,1.0,2341.98,3.0,2,4,1,0,0,0,Représentant Commercial | N1,0.667,1.0
45,F,17650,Marié(e),Commercial,Senior Manager,3,26,9,3,1,4,11,2,Infra & Cloud,Occasionnel,1,1,4,3,4,4,2,4,3,Non,13.0,2031,0.333,4412.49,3.5,2,4,0,0,0,0,Senior Manager | N4,0.4,0.111
32,F,4025,Célibataire,Consulting,Consultant,9,10,8,7,0,2,29,4,Transformation Digitale,Aucun,7,7,4,3,1,3,2,3,3,Non,12.0,431,0.875,4024.96,3.0,2,4,0,0,0,1,Consultant | N1,0.222,0.875
34,M,9725,Divorcé(e),Commercial,Cadre Commercial,0,16,15,1,1,2,1,4,Marketing,Occasionnel,0,9,2,4,2,4,4,2,3,Non,11.0,964,0.067,4862.48,3.0,2,4,-1,0,0,0,Cadre Commercial | N2,0.125,0.0
59,M,11904,Marié(e),Commercial,Senior Manager,3,14,6,4,1,1,1,2,Entrepreunariat,Occasionnel,0,4,2,3,3,4,3,1,3,Oui,14.000000000000002,1462,0.667,3967.99,2.5,1,4,0,0,0,0,Senior Manager | N3,0.143,0.0
45,M,2177,Célibataire,Ressources Humaines,Ressources Humaines,1,6,6,3,0,3,24,4,Transformation Digitale,Occasionnel,0,4,2,3,1,2,1,3,3,Non,16.0,300,0.5,2176.98,2.0,1,3,0,0,0,0,Ressources Humaines | N1,0.429,0.0
53,F,7525,Marié(e),Commercial,Cadre Commercial,2,30,15,7,1,2,2,3,Marketing,Frequent,6,12,3,2,3,2,1,3,3,Non,12.0,806,0.467,2508.32,2.25,1,3,1,0,0,0,Cadre Commercial | N3,0.125,0.4
36,M,4834,Divorcé(e),Consulting,Consultant,7,9,1,0,1,3,15,3,Autre,Occasionnel,0,0,1,3,2,3,2,2,3,Non,14.000000000000002,594,0.0,2416.99,2.0,1,3,0,0,0,1,Consultant | N2,1.5,0.0
26,M,2042,Marié(e),Consulting,Assistant de Direction,6,6,3,2,1,2,2,3,Infra & Cloud,Frequent,1,2,1,3,1,1,2,3,3,Oui,14.000000000000002,251,0.667,2041.98,1.75,1,3,0,1,0,1,Assistant de Direction | N1,0.5,0.333
34,F,2220,Marié(e),Commercial,Représentant Commercial,1,1,1,1,1,2,10,4,Infra & Cloud,Occasionnel,0,0,3,3,1,3,4,3,3,Oui,19.0,354,1.0,2219.98,3.25,3,4,0,1,0,0,Représentant Commercial | N1,1.0,0.0
28,M,1052,Marié(e),Commercial,Représentant Commercial,1,1,1,0,0,5,10,1,Transformation Digitale,Occasionnel,0,0,4,3,1,2,2,3,4,Non,22.0,190,0.0,1051.99,2.75,2,4,1,0,1,0,Représentant Commercial | N1,2.5,0.0
38,M,2821,Marié(e),Consulting,Assistant de Direction,3,8,2,2,1,2,3,4,Autre,Frequent,2,2,3,3,1,3,1,3,3,Non,16.0,389,1.0,2820.97,2.5,1,3,0,0,0,0,Assistant de Direction | N1,0.667,1.0
50,M,19237,Marié(e),Consulting,Directeur Technique,2,29,8,1,1,2,2,4,Transformation Digitale,Occasionnel,7,7,2,3,5,3,4,2,3,Oui,11.0,1906,0.125,3847.39,2.75,2,4,0,0,0,0,Directeur Technique | N5,0.222,0.875
37,F,4107,Célibataire,Consulting,Manager,3,8,4,3,0,3,3,3,Autre,Occasionnel,0,1,4,3,2,2,1,2,3,Non,15.0,536,0.75,2053.49,2.25,1,4,0,0,0,0,Manager | N2,0.6,0.0
40,M,8396,Marié(e),Commercial,Cadre Commercial,1,8,7,7,1,3,26,3,Marketing,Occasionnel,7,5,3,3,2,1,2,2,3,Non,14.000000000000002,1031,1.0,4197.98,2.0,1,3,0,0,0,0,Cadre Commercial | N2,0.375,1.0
26,F,2007,Divorcé(e),Consulting,Assistant de Direction,1,5,5,3,2,5,1,1,Transformation Digitale,Frequent,1,3,1,2,1,3,3,3,3,Non,13.0,231,0.6,2006.98,2.5,1,3,1,0,0,0,Assistant de Direction | N1,0.833,0.2
46,M,19627,Divorcé(e),Consulting,Directeur Technique,9,23,2,2,2,0,1,4,Transformation Digitale,Occasionnel,2,2,4,3,5,4,4,3,3,Non,17.0,2852,1.0,3925.39,3.75,3,4,0,0,0,1,Directeur Technique | N5,0.0,1.0
54,F,10686,Marié(e),Commercial,Cadre Commercial,6,13,9,4,1,4,2,4,Infra & Cloud,Occasionnel,7,0,3,2,3,3,2,3,3,Non,11.0,1059,0.444,3561.99,2.75,2,3,1,0,0,1,Cadre Commercial | N3,0.4,0.778
56,F,2942,Marié(e),Consulting,Assistant de Direction,2,18,5,4,1,4,9,3,Transformation Digitale,Frequent,0,3,1,3,1,3,2,3,3,Non,19.0,470,0.8,2941.97,2.25,1,3,0,0,0,0,Assistant de Direction | N1,0.667,0.0
36,F,8858,Célibataire,Consulting,Tech Lead,0,15,14,8,0,2,12,5,Transformation Digitale,Occasionnel,7,8,4,2,3,4,2,2,3,Non,11.0,878,0.571,2952.66,3.0,2,4,1,0,0,0,Tech Lead | N3,0.133,0.5
55,M,16756,Célibataire,Consulting,Senior Manager,7,31,9,7,0,3,2,1,Transformation Digitale,Aucun,6,2,3,2,4,1,2,4,3,Non,15.0,2186,0.778,4188.99,2.5,1,4,1,0,0,1,Senior Manager | N4,0.3,0.667
43,M,10798,Divorcé(e),Commercial,Cadre Commercial,5,18,1,0,1,5,25,3,Transformation Digitale,Occasionnel,0,0,3,2,3,4,3,3,3,Non,13.0,1242,0.0,3599.32,3.25,3,4,1,0,0,1,Cadre Commercial | N3,2.5,0.0
20,F,2323,Célibataire,Commercial,Représentant Commercial,1,2,2,2,0,3,9,3,Marketing,Frequent,0,2,4,3,1,4,2,3,3,Oui,14.000000000000002,285,1.0,2322.98,3.25,2,4,0,1,1,0,Représentant Commercial | N1,1.0,0.0
21,F,1416,Célibataire,Consulting,Consultant,1,1,1,0,0,6,10,3,Infra & Cloud,Occasionnel,1,0,3,2,1,1,1,2,3,Non,13.0,163,0.0,1415.99,1.75,1,3,1,0,1,0,Consultant | N1,3.0,1.0
46,F,4615,Divorcé(e),Consulting,Assistant de Direction,8,19,16,13,3,2,8,4,Infra & Cloud,Occasionnel,1,7,4,2,2,1,1,3,4,Oui,23.0,863,0.812,2307.49,2.25,1,4,2,1,0,1,Assistant de Direction | N2,0.118,0.062
51,M,2461,Marié(e),Consulting,Assistant de Direction,9,18,10,0,3,2,4,4,Infra & Cloud,Occasionnel,2,7,1,3,1,3,3,4,3,Oui,12.0,264,0.0,2460.98,2.75,1,4,0,1,0,1,Assistant de Direction | N1,0.182,0.2
28,M,8722,Célibataire,Consulting,Manager,1,10,10,7,0,2,24,2,Entrepreunariat,Aucun,1,9,2,2,3,1,1,2,3,Non,12.0,935,0.7,2907.32,1.5,1,2,1,0,0,0,Manager | N3,0.182,0.1
26,M,3955,Marié(e),Consulting,Consultant,1,6,5,3,2,2,1,2,Transformation Digitale,Occasionnel,1,3,1,2,1,1,1,3,3,Non,16.0,546,0.6,3954.96,1.5,1,3,1,0,0,0,Consultant | N1,0.333,0.2
30,M,9957,Marié(e),Consulting,Tech Lead,0,7,6,2,1,1,20,3,Autre,Occasionnel,0,2,3,3,2,1,3,2,3,Non,15.0,1299,0.333,4978.48,2.25,1,3,0,0,0,0,Tech Lead | N2,0.143,0.0
41,F,3376,Marié(e),Consulting,Assistant de Direction,1,10,10,6,0,3,7,2,Entrepreunariat,Occasionnel,0,8,2,4,1,3,3,3,3,Non,13.0,388,0.6,3375.97,2.75,2,3,-1,0,0,0,Assistant de Direction | N1,0.273,0.0
38,F,8823,Marié(e),Consulting,Manager,0,20,19,9,1,4,17,1,Infra & Cloud,Occasionnel,1,9,3,2,3,3,1,2,3,Non,18.0,1346,0.474,2940.99,2.25,1,3,1,0,0,0,Manager | N3,0.2,0.053
40,M,10322,Marié(e),Consulting,Manager,4,14,11,10,1,6,20,4,Entrepreunariat,Occasionnel,11,1,1,3,3,4,4,3,4,Non,20.0,1720,0.909,3440.66,3.0,1,4,1,0,0,0,Manager | N3,0.5,1.0
27,M,4621,Marié(e),Consulting,Consultant,1,3,3,2,3,4,8,5,Infra & Cloud,Aucun,1,2,1,1,1,3,4,3,3,Non,19.0,738,0.667,4620.95,2.75,1,4,2,0,0,0,Consultant | N1,1.0,0.333
55,M,10976,Marié(e),Consulting,Tech Lead,3,23,3,2,1,4,2,1,Infra & Cloud,Frequent,1,2,4,3,3,2,2,3,3,Non,18.0,1674,0.667,3658.65,2.75,2,4,0,0,0,0,Tech Lead | N3,1.0,0.333
28,F,3660,Célibataire,Consulting,Assistant de Direction,3,10,8,7,0,4,10,3,Autre,Occasionnel,1,7,3,3,2,3,4,4,3,Non,13.0,421,0.875,1829.99,3.5,3,4,0,0,0,0,Assistant de Direction | N2,0.444,0.125
44,M,10482,Marié(e),Ressources Humaines,Ressources Humaines,9,24,20,6,1,1,1,2,Transformation Digitale,Occasionnel,3,6,2,2,3,1,4,3,3,Non,14.000000000000002,1287,0.3,3493.99,2.5,1,4,1,0,0,1,Ressources Humaines | N3,0.048,0.15
33,M,7119,Divorcé(e),Consulting,Manager,4,9,3,2,1,2,5,3,Infra & Cloud,Occasionnel,1,2,4,2,3,4,3,3,3,Non,15.0,929,0.667,2372.99,3.5,3,4,1,0,0,0,Manager | N3,0.5,0.333
35,M,9582,Célibataire,Commercial,Cadre Commercial,0,9,8,7,0,2,4,3,Entrepreunariat,Occasionnel,4,7,4,3,3,1,1,3,4,Oui,22.0,1728,0.875,3193.99,2.25,1,4,1,0,0,0,Cadre Commercial | N3,0.222,0.5
33,F,4508,Célibataire,Consulting,Assistant de Direction,1,14,13,7,0,4,29,4,Transformation Digitale,Frequent,3,8,1,2,2,3,2,3,4,Non,22.0,813,0.538,2253.99,2.25,1,3,2,0,0,0,Assistant de Direction | N2,0.286,0.231
28,M,2207,Divorcé(e),Consulting,Consultant,1,4,4,2,1,5,15,2,Infra & Cloud,Occasionnel,2,2,1,3,1,3,4,2,3,Non,16.0,304,0.5,2206.98,2.5,1,4,0,0,0,0,Consultant | N1,1.0,0.5
34,M,7756,Célibataire,Consulting,Manager,0,7,6,2,0,1,3,1,Infra & Cloud,Frequent,0,4,1,3,2,4,3,2,3,Non,17.0,1127,0.333,3877.98,2.5,1,4,0,0,0,0,Manager | N2,0.143,0.0
37,F,6694,Divorcé(e),Commercial,Cadre Commercial,2,8,1,0,3,5,10,4,Infra & Cloud,Occasionnel,0,0,4,2,2,4,3,3,3,Oui,14.000000000000002,822,0.0,3346.98,3.5,3,4,1,0,0,0,Cadre Commercial | N2,2.5,0.0
25,M,3691,Marié(e),Consulting,Consultant,1,7,7,7,1,3,4,1,Entrepreunariat,Occasionnel,5,6,4,3,1,4,2,4,3,Oui,15.0,481,1.0,3690.96,3.5,2,4,0,1,0,0,Consultant | N1,0.375,0.714
26,M,2377,Divorcé(e),Consulting,Consultant,1,1,1,1,1,0,21,3,Transformation Digitale,Occasionnel,0,0,1,3,1,3,3,2,4,Non,20.0,396,1.0,2376.98,2.25,1,3,1,0,1,0,Consultant | N1,0.0,0.0
33,M,2313,Célibataire,Consulting,Assistant de Direction,4,5,2,2,0,0,25,3,Transformation Digitale,Occasionnel,2,2,1,2,1,2,2,3,4,Oui,20.0,386,1.0,2312.98,2.0,1,3,2,1,0,0,Assistant de Direction | N1,0.0,1.0
42,M,17665,Marié(e),Consulting,Senior Manager,0,23,22,6,1,3,2,2,Transformation Digitale,Occasionnel,13,7,4,3,4,1,4,3,3,Non,17.0,2567,0.273,4416.24,3.0,1,4,0,0,0,0,Senior Manager | N4,0.13,0.591
28,M,2596,Divorcé(e),Consulting,Consultant,1,1,1,0,2,2,1,3,Transformation Digitale,Frequent,0,0,1,2,1,2,1,3,3,Non,15.0,339,0.0,2595.97,1.75,1,3,1,0,1,0,Consultant | N1,1.0,0.0
50,M,4728,Célibataire,Commercial,Cadre Commercial,3,5,0,0,0,4,1,4,Autre,Frequent,0,0,4,3,2,3,4,3,3,Oui,14.000000000000002,581,0.0,2363.99,3.5,3,4,0,1,0,0,Cadre Commercial | N2,4.0,0.0
33,F,4302,Marié(e),Commercial,Cadre Commercial,0,4,3,2,1,3,7,3,Infra & Cloud,Frequent,0,2,4,3,2,2,3,3,3,Non,17.0,625,0.667,2150.99,3.0,2,4,0,0,0,0,Cadre Commercial | N2,0.75,0.0
34,M,2979,Marié(e),Consulting,Assistant de Direction,3,6,0,0,3,2,3,4,Infra & Cloud,Aucun,0,0,3,2,1,4,4,3,3,Non,17.0,433,0.0,2978.97,3.5,3,4,1,0,0,0,Assistant de Direction | N1,2.0,0.0
48,M,16885,Célibataire,Consulting,Senior Manager,2,27,5,4,0,3,1,4,Transformation Digitale,Aucun,2,1,1,4,4,4,3,2,4,Non,22.0,3045,0.8,4221.24,2.5,1,4,0,0,0,0,Senior Manager | N4,0.5,0.4
45,F,5593,Marié(e),Commercial,Cadre Commercial,1,15,15,10,1,2,9,4,Infra & Cloud,Aucun,4,12,2,2,2,3,4,3,3,Non,13.0,643,0.667,2796.49,3.0,2,4,1,0,0,0,Cadre Commercial | N2,0.125,0.267
52,M,10445,Célibataire,Consulting,Manager,7,18,8,6,0,4,7,4,Infra & Cloud,Occasionnel,4,0,2,3,3,2,4,3,3,Non,19.0,1668,0.75,3481.66,2.75,2,4,0,0,0,1,Manager | N3,0.444,0.5
38,M,8740,Divorcé(e),Commercial,Cadre Commercial,0,9,8,7,2,2,10,4,Marketing,Occasionnel,2,7,3,2,3,3,2,3,3,Oui,14.000000000000002,1073,0.875,2913.32,2.75,2,3,1,0,0,0,Cadre Commercial | N3,0.222,0.25
29,F,2514,Divorcé(e),Consulting,Assistant de Direction,4,11,7,5,1,1,28,4,Infra & Cloud,Occasionnel,1,7,3,3,1,4,1,3,4,Non,22.0,453,0.714,2513.97,2.75,1,4,1,0,0,0,Assistant de Direction | N1,0.125,0.143
28,F,7655,Divorcé(e),Consulting,Tech Lead,0,10,9,7,3,3,3,3,Transformation Digitale,Occasionnel,1,7,4,3,3,2,2,2,3,Non,17.0,1112,0.778,2551.66,2.5,2,4,0,0,0,0,Tech Lead | N3,0.3,0.111
46,M,17465,Marié(e),Commercial,Senior Manager,3,23,12,9,1,3,3,1,Marketing,Occasionnel,4,9,1,3,4,3,4,3,3,Non,12.0,1871,0.75,4366.24,2.75,1,4,0,0,0,0,Senior Manager | N4,0.231,0.333
38,M,7351,Célibataire,Commercial,Cadre Commercial,7,10,1,0,0,2,2,2,Marketing,Occasionnel,0,0,4,3,3,2,3,3,3,Non,16.0,1014,0.0,2450.33,3.0,2,4,0,0,0,1,Cadre Commercial | N3,1.0,0.0
43,F,10820,Marié(e),Consulting,Tech Lead,8,18,8,7,1,1,27,3,Infra & Cloud,Frequent,0,1,3,3,3,1,3,3,3,Non,11.0,1072,0.875,3606.65,2.5,1,3,0,0,0,1,Tech Lead | N3,0.111,0.0
39,M,12169,Divorcé(e),Consulting,Manager,7,21,18,7,3,4,2,3,Infra & Cloud,Frequent,11,5,1,3,4,4,4,3,3,Non,11.0,1206,0.389,3042.24,3.0,1,4,0,0,0,1,Manager | N4,0.211,0.611
40,M,19626,Célibataire,Consulting,Directeur Technique,1,21,20,7,0,2,14,3,Transformation Digitale,Occasionnel,4,9,3,2,5,3,1,4,3,Non,14.000000000000002,2410,0.35,3925.19,2.75,1,4,1,0,0,0,Directeur Technique | N5,0.095,0.2
21,F,2070,Célibataire,Consulting,Assistant de Direction,1,2,2,2,0,6,1,1,Entrepreunariat,Occasionnel,2,2,4,2,1,2,3,4,3,Oui,11.0,205,1.0,2069.98,3.25,2,4,1,1,1,0,Assistant de Direction | N1,2.0,1.0
39,M,6782,Célibataire,Consulting,Consultant,9,9,5,4,0,2,9,3,Infra & Cloud,Aucun,0,3,3,3,2,2,3,2,3,Non,15.0,885,0.8,3390.98,2.5,2,3,0,0,0,1,Consultant | N2,0.333,0.0
36,M,7779,Célibataire,Consulting,Tech Lead,2,18,11,9,0,0,18,4,Infra & Cloud,Aucun,0,9,1,3,2,4,1,3,4,Non,20.0,1296,0.818,3889.48,2.25,1,4,1,0,0,0,Tech Lead | N2,0.0,0.0
31,M,2791,Marié(e),Commercial,Représentant Commercial,0,3,2,2,1,4,20,3,Infra & Cloud,Frequent,2,2,3,4,1,4,1,3,3,Non,12.0,299,1.0,2790.97,2.75,1,4,-1,0,0,0,Représentant Commercial | N1,1.333,1.0
28,M,3201,Marié(e),Consulting,Assistant de Direction,0,6,5,3,0,2,2,1,Infra & Cloud,Occasionnel,0,4,1,2,1,2,1,1,3,Non,17.0,465,0.6,3200.97,1.25,1,2,1,0,0,0,Assistant de Direction | N1,0.333,0.0
35,M,4968,Divorcé(e),Commercial,Cadre Commercial,1,5,5,2,1,3,11,2,Marketing,Frequent,0,2,4,3,2,4,4,3,3,Non,11.0,492,0.4,2483.99,3.75,3,4,0,0,0,0,Cadre Commercial | N2,0.5,0.0
49,M,13120,Marié(e),Commercial,Cadre Commercial,6,22,9,8,1,3,8,4,Entrepreunariat,Occasionnel,2,3,4,2,4,2,2,3,3,Non,17.0,1906,0.889,3279.99,2.75,2,4,1,0,0,1,Cadre Commercial | N4,0.3,0.222
34,M,4033,Célibataire,Consulting,Tech Lead,2,5,3,2,0,3,2,2,Infra & Cloud,Frequent,0,2,4,3,2,3,4,2,3,Non,11.0,400,0.667,2016.49,3.25,2,4,0,0,0,0,Tech Lead | N2,0.75,0.0
29,F,3291,Divorcé(e),Consulting,Assistant de Direction,0,8,7,5,2,2,10,3,Infra & Cloud,Frequent,1,1,4,3,1,2,4,2,3,Non,14.000000000000002,404,0.714,3290.97,3.0,2,4,0,0,0,0,Assistant de Direction | N1,0.25,0.143
42,M,4272,Célibataire,Consulting,Consultant,4,16,1,0,0,3,29,3,Transformation Digitale,Occasionnel,0,0,2,1,2,4,1,3,3,Non,19.0,682,0.0,2135.99,2.5,1,4,2,0,0,0,Consultant | N2,1.5,0.0
29,M,5056,Marié(e),Consulting,Tech Lead,1,10,10,7,1,2,8,1,Transformation Digitale,Occasionnel,1,2,2,2,2,4,3,2,3,Oui,15.0,659,0.7,2527.99,2.75,2,4,1,0,0,0,Tech Lead | N2,0.182,0.1
38,M,2844,Marié(e),Ressources Humaines,Ressources Humaines,1,7,7,6,1,2,1,3,Ressources Humaines,Occasionnel,5,0,3,4,1,3,4,4,3,Non,13.0,327,0.857,2843.97,3.5,3,4,-1,0,0,0,Ressources Humaines | N1,0.25,0.714
28,M,2703,Divorcé(e),Consulting,Assistant de Direction,1,3,3,1,1,2,6,3,Infra & Cloud,Frequent,0,2,3,2,1,3,4,3,3,Oui,14.000000000000002,332,0.333,2702.97,3.25,3,4,1,1,0,0,Assistant de Direction | N1,0.5,0.0
18,M,1904,Célibataire,Consulting,Consultant,1,0,0,0,0,0,8,1,Transformation Digitale,Aucun,0,0,3,3,1,3,4,3,3,Non,12.0,204,0.0,1903.98,3.25,3,4,0,0,1,0,Consultant | N1,0.0,0.0
33,F,8224,Célibataire,Commercial,Cadre Commercial,0,6,5,2,0,3,9,4,Marketing,Occasionnel,0,3,1,3,2,1,1,3,3,Oui,17.0,1195,0.4,4111.98,1.5,1,3,0,0,0,0,Cadre Commercial | N2,0.5,0.0
41,M,4766,Marié(e),Consulting,Consultant,3,6,1,0,1,4,12,4,Infra & Cloud,Occasionnel,0,0,2,3,1,4,1,3,3,Oui,11.0,472,0.0,4765.95,2.5,1,4,0,1,0,0,Consultant | N1,2.0,0.0
31,M,2610,Marié(e),Consulting,Consultant,1,2,2,2,1,5,15,3,Transformation Digitale,Frequent,2,2,3,3,1,3,3,2,3,Non,12.0,280,1.0,2609.97,2.75,2,3,0,0,0,0,Consultant | N1,1.667,1.0
37,F,5731,Divorcé(e),Consulting,Manager,7,9,6,2,2,2,25,2,Transformation Digitale,Occasionnel,1,3,3,2,2,4,3,3,3,Non,13.0,659,0.333,2865.49,3.25,3,4,1,0,0,1,Manager | N2,0.286,0.167
27,M,2539,Marié(e),Consulting,Assistant de Direction,1,4,4,2,1,0,6,3,Infra & Cloud,Occasionnel,2,2,4,2,1,3,3,3,3,Non,13.0,292,0.5,2538.97,3.25,3,4,1,0,0,0,Assistant de Direction | N1,0.0,0.5
34,F,5714,Marié(e),Commercial,Cadre Commercial,1,6,6,5,0,3,9,1,Infra & Cloud,Occasionnel,1,3,2,3,2,3,1,2,4,Non,20.0,952,0.833,2856.99,2.0,1,3,1,0,0,0,Cadre Commercial | N2,0.429,0.167
35,M,4323,Célibataire,Ressources Humaines,Ressources Humaines,1,6,5,4,0,2,8,4,Entrepreunariat,Occasionnel,1,4,3,3,1,3,2,1,3,Non,17.0,628,0.8,4322.96,2.25,1,3,0,0,0,0,Ressources Humaines | N1,0.333,0.2
29,F,7336,Marié(e),Commercial,Cadre Commercial,1,11,11,8,1,3,23,1,Infra & Cloud,Occasionnel,3,10,4,2,3,1,1,1,3,Non,13.0,844,0.727,2445.33,1.75,1,4,1,0,0,0,Cadre Commercial | N3,0.25,0.273
40,F,13499,Célibataire,Consulting,Directeur Technique,9,20,18,7,0,3,9,4,Transformation Digitale,Frequent,2,13,2,3,3,3,3,2,3,Non,17.0,1961,0.389,4499.65,2.5,2,3,0,0,0,1,Directeur Technique | N3,0.158,0.111
42,M,13758,Célibataire,Commercial,Cadre Commercial,0,22,21,9,0,2,12,3,Infra & Cloud,Frequent,13,14,3,3,4,1,2,2,3,Oui,12.0,1474,0.429,3439.49,2.0,1,3,0,0,0,0,Cadre Commercial | N4,0.091,0.619
42,M,5155,Célibataire,Commercial,Cadre Commercial,7,9,6,4,0,3,4,4,Marketing,Occasionnel,1,5,2,3,2,1,4,4,3,Non,13.0,593,0.667,2577.49,2.75,1,4,0,0,0,1,Cadre Commercial | N2,0.429,0.167
35,M,2258,Marié(e),Consulting,Consultant,6,10,8,0,1,2,1,4,Transformation Digitale,Occasionnel,1,7,4,2,1,3,2,3,3,Non,12.0,242,0.0,2257.98,3.0,2,4,1,0,0,1,Consultant | N1,0.222,0.125
24,M,3597,Célibataire,Consulting,Consultant,8,6,4,3,0,2,24,3,Transformation Digitale,Occasionnel,1,2,4,3,1,2,4,3,4,Non,22.0,649,0.75,3596.96,3.25,2,4,1,0,0,1,Consultant | N1,0.4,0.25
28,F,2515,Marié(e),Consulting,Consultant,1,1,1,1,0,4,12,1,Infra & Cloud,Occasionnel,0,0,3,3,1,4,4,2,3,Oui,11.0,249,1.0,2514.97,3.25,2,4,0,1,1,0,Consultant | N1,2.0,0.0
26,M,4420,Marié(e),Consulting,Consultant,1,8,8,7,1,2,3,4,Transformation Digitale,Occasionnel,0,7,1,4,1,4,2,3,4,Non,22.0,797,0.875,4419.96,2.5,1,4,0,0,0,0,Consultant | N1,0.222,0.0
30,M,6578,Marié(e),Commercial,Cadre Commercial,1,10,10,3,1,3,10,3,Marketing,Occasionnel,1,4,3,2,2,3,1,3,3,Non,18.0,1003,0.3,3288.98,2.5,1,3,1,0,0,0,Cadre Commercial | N2,0.273,0.1
40,F,4422,Marié(e),Consulting,Assistant de Direction,3,16,1,1,1,3,26,2,Transformation Digitale,Frequent,0,0,3,2,2,4,4,1,3,Oui,13.0,509,1.0,2210.99,3.0,1,4,1,1,0,0,Assistant de Direction | N2,1.5,0.0
35,M,10274,Divorcé(e),Consulting,Tech Lead,2,15,7,7,1,2,2,3,Infra & Cloud,Occasionnel,6,4,3,2,3,2,2,4,3,Non,18.0,1567,1.0,3424.66,2.75,2,4,1,0,0,0,Tech Lead | N3,0.25,0.857
34,M,5343,Célibataire,Consulting,Manager,0,14,13,9,0,3,1,3,Transformation Digitale,Frequent,4,9,4,2,2,1,3,3,4,Non,20.0,890,0.692,2671.49,2.75,1,4,2,0,0,0,Manager | N2,0.214,0.308
35,M,2376,Marié(e),Consulting,Consultant,1,2,2,2,1,2,4,4,Autre,Frequent,2,2,4,2,1,4,2,4,3,Non,13.0,273,1.0,2375.98,3.5,2,4,1,0,0,0,Consultant | N1,0.667,1.0
43,F,5346,Célibataire,Commercial,Cadre Commercial,8,7,4,3,0,2,9,3,Marketing,Occasionnel,1,3,1,1,2,3,2,2,3,Non,13.0,615,0.75,2672.99,2.0,1,3,2,0,0,1,Cadre Commercial | N2,0.4,0.25
32,F,2827,Divorcé(e),Commercial,Représentant Commercial,1,1,1,0,3,3,2,1,Infra & Cloud,Aucun,0,0,3,3,1,1,3,3,3,Non,12.0,303,0.0,2826.97,2.5,1,3,0,0,0,0,Représentant Commercial | N1,1.5,0.0
56,F,19943,Divorcé(e),Consulting,Senior Manager,4,28,5,2,1,2,4,4,Entrepreunariat,Occasionnel,4,2,4,3,5,1,4,3,3,Non,13.0,2294,0.4,3988.59,3.0,1,4,0,0,0,0,Senior Manager | N5,0.333,0.8
29,F,3131,Marié(e),Consulting,Consultant,1,10,10,8,1,5,6,1,Transformation Digitale,Occasionnel,0,8,2,3,1,4,1,3,3,Non,13.0,360,0.8,3130.97,2.5,1,4,0,0,0,0,Consultant | N1,0.455,0.0
19,M,2552,Célibataire,Consulting,Assistant de Direction,1,1,1,1,0,4,9,2,Infra & Cloud,Occasionnel,0,0,3,3,1,1,3,3,4,Non,25.0,510,1.0,2551.97,2.5,1,3,1,0,1,0,Assistant de Direction | N1,2.0,0.0
45,F,4477,Marié(e),Consulting,Assistant de Direction,4,7,3,2,1,2,7,3,Transformation Digitale,Occasionnel,0,2,1,3,1,3,3,2,3,Oui,19.0,715,0.667,4476.96,2.25,1,3,0,1,0,0,Assistant de Direction | N1,0.5,0.0
37,F,6474,Marié(e),Consulting,Tech Lead,1,14,14,8,1,2,1,3,Infra & Cloud,Occasionnel,3,11,4,2,2,4,2,2,3,Non,13.0,745,0.571,3236.98,3.0,2,4,1,0,0,0,Tech Lead | N2,0.133,0.214
20,M,3033,Célibataire,Consulting,Consultant,1,2,2,2,0,2,3,3,Infra & Cloud,Occasionnel,1,2,1,2,1,3,1,2,3,Non,12.0,325,1.0,3032.97,1.75,1,3,1,0,1,0,Consultant | N1,0.667,0.5
44,M,2936,Célibataire,Consulting,Assistant de Direction,1,6,6,4,0,4,10,4,Infra & Cloud,Occasionnel,0,2,3,3,1,3,3,3,3,Oui,11.0,291,0.667,2935.97,3.0,3,3,0,1,0,0,Assistant de Direction | N1,0.571,0.0
53,F,18606,Divorcé(e),Consulting,Senior Manager,3,26,7,7,1,6,7,2,Transformation Digitale,Occasionnel,4,7,4,3,5,3,2,3,3,Non,18.0,2838,1.0,3721.19,3.0,2,4,0,0,0,0,Senior Manager | N5,0.75,0.571
29,F,2168,Marié(e),Consulting,Assistant de Direction,0,6,5,4,1,2,15,1,Infra & Cloud,Occasionnel,1,3,2,1,1,4,1,2,3,Oui,18.0,331,0.8,2167.98,2.25,1,4,2,1,0,0,Assistant de Direction | N1,0.333,0.2
22,M,2853,Marié(e),Consulting,Assistant de Direction,0,1,0,0,1,5,3,4,Infra & Cloud,Frequent,0,0,3,2,1,4,2,3,3,Oui,11.0,283,0.0,2852.97,3.0,2,4,1,1,1,0,Assistant de Direction | N1,5.0,0.0
46,F,17048,Marié(e),Commercial,Senior Manager,8,28,26,15,0,2,2,3,Marketing,Occasionnel,15,9,3,3,4,1,1,3,4,Non,23.0,3188,0.577,4261.99,2.0,1,3,1,0,0,1,Senior Manager | N4,0.074,0.577
44,M,2290,Célibataire,Consulting,Assistant de Direction,2,6,0,0,0,3,17,3,Infra & Cloud,Aucun,0,0,4,1,1,3,4,3,3,Non,13.0,263,0.0,2289.98,3.5,3,4,2,0,0,0,Assistant de Direction | N1,3.0,0.0
33,M,3600,Marié(e),Ressources Humaines,Ressources Humaines,1,5,5,4,1,2,2,3,Ressources Humaines,Occasionnel,1,4,2,3,1,3,4,3,3,Non,13.0,414,0.8,3599.96,3.0,2,4,0,0,0,0,Ressources Humaines | N1,0.333,0.2
41,M,2107,Divorcé(e),Consulting,Assistant de Direction,6,5,1,0,1,2,5,2,Infra & Cloud,Aucun,0,0,1,2,1,1,1,1,3,Non,17.0,306,0.0,2106.98,1.0,1,1,1,0,0,1,Assistant de Direction | N1,1.0,0.0
30,M,4115,Divorcé(e),Commercial,Cadre Commercial,8,8,4,3,3,3,29,4,Infra & Cloud,Occasionnel,0,3,3,3,2,1,3,3,3,Non,19.0,657,0.75,2057.49,2.5,1,3,0,0,0,1,Cadre Commercial | N2,0.6,0.0
40,M,4327,Marié(e),Commercial,Cadre Commercial,5,5,0,0,3,2,2,4,Transformation Digitale,Frequent,0,0,2,3,2,2,4,3,3,Non,12.0,464,0.0,2163.49,2.75,2,4,0,0,0,1,Cadre Commercial | N2,2.0,0.0
50,F,17856,Marié(e),Consulting,Senior Manager,2,32,2,2,1,3,2,3,Transformation Digitale,Frequent,2,2,4,3,4,1,3,3,4,Non,22.0,3220,1.0,4463.99,2.75,1,4,1,0,0,0,Senior Manager | N4,1.0,1.0
28,M,3196,Marié(e),Consulting,Consultant,1,6,6,5,3,2,19,4,Transformation Digitale,Occasionnel,3,3,4,2,1,1,3,3,3,Non,12.0,342,0.833,3195.97,2.75,1,4,1,0,0,0,Consultant | N1,0.286,0.5
46,M,19081,Marié(e),Consulting,Directeur Technique,5,25,4,2,1,2,15,2,Infra & Cloud,Occasionnel,0,3,4,3,5,2,1,3,3,Non,11.0,1891,0.5,3816.19,2.5,1,4,0,0,0,1,Directeur Technique | N5,0.4,0.0
35,M,8966,Marié(e),Commercial,Cadre Commercial,3,15,7,7,3,2,17,4,Infra & Cloud,Occasionnel,1,7,3,3,2,1,4,3,3,Oui,15.0,1169,1.0,4482.98,2.75,1,4,0,0,0,0,Cadre Commercial | N2,0.25,0.143
24,F,2210,Marié(e),Consulting,Consultant,1,1,1,0,1,3,17,2,Infra & Cloud,Occasionnel,0,0,4,3,1,2,1,1,3,Non,13.0,254,0.0,2209.98,2.0,1,4,0,0,1,0,Consultant | N1,1.5,0.0
33,F,4539,Marié(e),Commercial,Cadre Commercial,1,10,10,7,1,3,25,3,Transformation Digitale,Frequent,0,1,2,3,2,3,1,2,3,Non,12.0,486,0.7,2269.49,2.0,1,3,0,0,0,0,Cadre Commercial | N2,0.273,0.0
36,M,2741,Divorcé(e),Consulting,Consultant,1,7,7,7,1,4,6,4,Infra & Cloud,Occasionnel,1,7,3,1,1,3,3,3,3,Non,14.000000000000002,337,1.0,2740.97,3.0,3,3,2,0,0,0,Consultant | N1,0.5,0.143
30,M,3491,Divorcé(e),Consulting,Consultant,1,10,10,7,3,4,7,4,Infra & Cloud,Occasionnel,8,9,3,3,2,3,1,2,3,Non,13.0,402,0.7,1745.49,2.25,1,3,0,0,0,0,Consultant | N2,0.364,0.8
44,M,4541,Célibataire,Consulting,Assistant de Direction,1,20,20,11,0,3,29,4,Autre,Occasionnel,13,17,4,3,2,4,2,3,4,Non,25.0,908,0.55,2270.49,3.25,2,4,1,0,0,0,Assistant de Direction | N2,0.143,0.65
20,M,2678,Célibataire,Commercial,Représentant Commercial,1,2,2,1,0,2,21,3,Marketing,Occasionnel,2,2,3,4,1,4,4,3,3,Non,17.0,389,0.5,2677.97,3.5,3,4,-1,0,1,0,Représentant Commercial | N1,0.667,1.0
46,M,7379,Divorcé(e),Consulting,Tech Lead,2,12,6,3,1,3,2,4,Entrepreunariat,Occasionnel,1,4,4,3,2,4,3,2,3,Non,11.0,731,0.5,3689.48,3.25,2,4,0,0,0,0,Tech Lead | N2,0.429,0.167
42,M,6272,Marié(e),Ressources Humaines,Ressources Humaines,7,10,4,3,1,3,2,5,Transformation Digitale,Aucun,0,3,4,4,2,1,1,4,3,Non,16.0,865,0.75,3135.98,2.5,1,4,-1,0,0,1,Ressources Humaines | N2,0.6,0.0
60,M,5220,Divorcé(e),Commercial,Cadre Commercial,0,12,11,7,1,3,7,4,Marketing,Occasionnel,1,9,2,4,2,4,2,3,3,Oui,18.0,796,0.636,2609.99,2.75,2,4,-1,0,0,0,Cadre Commercial | N2,0.25,0.091
32,F,2743,Marié(e),Consulting,Consultant,1,2,2,2,1,2,13,3,Autre,Frequent,2,2,3,2,1,2,3,3,4,Non,20.0,457,1.0,2742.97,2.75,2,3,2,0,0,0,Consultant | N1,0.667,1.0
32,F,4998,Célibataire,Consulting,Assistant de Direction,4,10,8,7,0,2,2,2,Infra & Cloud,Frequent,0,7,4,3,2,3,4,3,3,Oui,14.000000000000002,614,0.875,2498.99,3.5,3,4,0,0,0,0,Assistant de Direction | N2,0.222,0.0
36,F,10252,Divorcé(e),Consulting,Tech Lead,2,17,7,7,1,2,1,3,Entrepreunariat,Occasionnel,7,7,3,1,3,1,3,3,4,Oui,21.0,1779,1.0,3417.32,2.5,1,3,3,0,0,0,Tech Lead | N3,0.25,1.0
33,M,2781,Marié(e),Consulting,Assistant de Direction,0,15,14,10,1,5,9,3,Transformation Digitale,Occasionnel,4,10,1,3,1,4,2,3,3,Non,13.0,320,0.714,2780.97,2.5,1,4,0,0,0,0,Assistant de Direction | N1,0.333,0.286
40,F,6852,Divorcé(e),Commercial,Cadre Commercial,7,7,5,1,1,2,10,3,Entrepreunariat,Occasionnel,1,3,2,2,2,2,2,4,3,Non,12.0,734,0.2,3425.98,2.5,2,4,1,0,0,1,Cadre Commercial | N2,0.333,0.2
25,M,4950,Célibataire,Commercial,Cadre Commercial,0,5,4,3,0,4,10,4,Infra & Cloud,Occasionnel,1,1,3,3,2,4,2,3,3,Non,14.000000000000002,608,0.75,2474.99,3.0,2,4,0,0,0,0,Cadre Commercial | N2,0.8,0.25
30,M,3579,Marié(e),Consulting,Assistant de Direction,0,12,11,9,1,2,1,3,Transformation Digitale,Occasionnel,5,7,4,3,1,2,1,3,4,Oui,21.0,621,0.818,3578.96,2.5,1,4,1,1,0,0,Assistant de Direction | N1,0.167,0.455
42,F,13191,Marié(e),Consulting,Directeur Technique,3,20,1,0,0,6,26,5,Transformation Digitale,Frequent,0,0,1,3,3,1,3,3,3,Oui,17.0,1917,0.0,4396.99,2.0,1,3,0,0,0,0,Directeur Technique | N3,3.0,0.0
35,F,10377,Marié(e),Commercial,Cadre Commercial,4,16,13,2,1,6,8,2,Marketing,Aucun,4,12,3,2,3,4,2,2,3,Oui,11.0,1028,0.154,3458.99,2.75,2,4,1,0,0,0,Cadre Commercial | N3,0.429,0.308
27,M,2235,Marié(e),Consulting,Assistant de Direction,1,9,9,7,2,3,14,3,Infra & Cloud,Occasionnel,6,8,1,3,1,1,4,2,3,Oui,14.000000000000002,274,0.778,2234.98,2.0,1,4,0,1,0,0,Assistant de Direction | N1,0.3,0.667
54,F,10502,Divorcé(e),Consulting,Tech Lead,7,33,5,4,1,2,1,4,Infra & Cloud,Frequent,1,4,4,3,3,3,1,1,3,Non,17.0,1526,0.8,3500.65,2.25,1,4,0,0,0,1,Tech Lead | N3,0.333,0.2
44,F,2011,Marié(e),Consulting,Assistant de Direction,1,10,10,5,1,5,2,1,Infra & Cloud,Occasionnel,7,7,1,4,1,4,4,3,3,Non,13.0,231,0.5,2010.98,3.0,1,4,-1,0,0,0,Assistant de Direction | N1,0.455,0.7
19,F,1859,Célibataire,Consulting,Assistant de Direction,1,1,1,1,0,2,10,3,Transformation Digitale,Aucun,0,0,1,2,1,2,2,4,4,Oui,25.0,372,1.0,1858.98,2.25,1,4,2,1,1,0,Assistant de Direction | N1,1.0,0.0
29,F,3760,Divorcé(e),Consulting,Assistant de Direction,1,3,3,2,3,5,1,3,Infra & Cloud,Occasionnel,1,2,1,3,1,4,1,3,3,Non,15.0,490,0.667,3759.96,2.25,1,4,0,0,0,0,Assistant de Direction | N1,1.25,0.333
54,M,17779,Marié(e),Consulting,Directeur Technique,3,36,10,9,0,2,3,3,Infra & Cloud,Occasionnel,0,9,4,3,4,4,1,3,3,Non,14.000000000000002,2183,0.9,4444.74,3.0,1,4,0,0,0,0,Directeur Technique | N4,0.182,0.0
31,M,6833,Marié(e),Consulting,Manager,1,6,6,5,0,2,11,2,Transformation Digitale,Occasionnel,0,1,3,3,2,1,4,2,3,Oui,12.0,732,0.833,3416.48,2.5,1,4,0,0,0,0,Manager | N2,0.286,0.0
31,F,6812,Célibataire,Consulting,Manager,1,10,10,9,0,2,24,3,Transformation Digitale,Occasionnel,1,8,3,2,2,1,2,3,3,Non,19.0,1088,0.9,3405.98,2.25,1,3,1,0,0,0,Manager | N2,0.182,0.1
59,F,5171,Célibataire,Commercial,Cadre Commercial,5,13,6,1,0,2,3,3,Infra & Cloud,Occasionnel,0,5,3,2,2,4,4,3,3,Non,17.0,751,0.167,2585.49,3.5,3,4,1,0,0,1,Cadre Commercial | N2,0.286,0.0
43,M,19740,Marié(e),Consulting,Directeur Technique,3,25,8,7,1,2,3,3,Infra & Cloud,Occasionnel,0,7,3,1,5,4,2,3,3,Non,14.000000000000002,2424,0.875,3947.99,3.0,2,4,2,0,0,0,Directeur Technique | N5,0.222,0.0
49,M,18711,Marié(e),Consulting,Senior Manager,2,23,1,0,1,2,4,2,Transformation Digitale,Occasionnel,0,0,1,2,5,3,3,4,3,Non,13.0,2153,0.0,3742.19,2.75,1,4,1,0,0,0,Senior Manager | N5,1.0,0.0
36,M,3692,Marié(e),Consulting,Assistant de Direction,1,12,11,10,0,2,3,3,Entrepreunariat,Frequent,0,7,3,3,1,2,3,2,3,Non,12.0,396,0.909,3691.96,2.5,2,3,0,0,0,0,Assistant de Direction | N1,0.167,0.0
48,M,2559,Célibataire,Consulting,Consultant,5,7,1,0,0,4,2,2,Entrepreunariat,Occasionnel,0,0,4,4,1,2,3,2,3,Non,11.0,254,0.0,2558.97,2.75,2,4,-1,0,0,1,Consultant | N1,2.0,0.0
27,M,2517,Divorcé(e),Consulting,Assistant de Direction,1,5,5,3,3,2,4,2,Infra & Cloud,Occasionnel,0,3,1,3,1,3,2,3,3,Non,11.0,249,0.6,2516.97,2.25,1,3,0,0,0,0,Assistant de Direction | N1,0.333,0.0
29,M,6623,Divorcé(e),Consulting,Manager,1,6,6,0,2,2,7,3,Infra & Cloud,Occasionnel,1,0,3,3,2,4,2,3,3,Oui,11.0,656,0.0,3311.48,3.0,2,4,0,0,0,0,Manager | N2,0.286,0.167
48,M,18265,Célibataire,Consulting,Directeur Technique,6,25,1,0,0,3,1,3,Infra & Cloud,Occasionnel,0,0,4,2,5,4,3,4,3,Non,12.0,1957,0.0,3652.99,3.75,3,4,1,0,0,1,Directeur Technique | N5,1.5,0.0
29,F,16124,Divorcé(e),Consulting,Directeur Technique,3,9,7,7,2,2,1,3,Infra & Cloud,Occasionnel,1,7,4,2,4,4,2,2,3,Non,14.000000000000002,1980,1.0,4030.99,3.0,2,4,1,0,0,0,Directeur Technique | N4,0.25,0.143
34,F,2585,Marié(e),Consulting,Assistant de Direction,0,2,1,0,0,5,20,3,Entrepreunariat,Occasionnel,0,0,3,4,1,3,4,2,3,Non,17.0,376,0.0,2584.97,3.0,2,4,-1,0,0,0,Assistant de Direction | N1,2.5,0.0
44,M,18213,Marié(e),Commercial,Senior Manager,7,26,22,9,1,5,5,3,Marketing,Occasionnel,3,10,2,3,5,2,3,3,3,Non,11.0,1805,0.409,3642.59,2.5,2,3,0,0,0,1,Senior Manager | N5,0.217,0.136
33,M,8380,Divorcé(e),Commercial,Cadre Commercial,0,10,9,8,2,3,10,5,Marketing,Occasionnel,0,8,4,4,3,3,4,3,3,Oui,14.000000000000002,1029,0.889,2793.32,3.5,3,4,-1,0,0,0,Cadre Commercial | N3,0.3,0.0
19,F,2994,Célibataire,Consulting,Assistant de Direction,1,1,1,0,0,2,25,3,Infra & Cloud,Occasionnel,0,1,2,4,1,4,4,3,3,Oui,12.0,321,0.0,2993.97,3.25,2,4,-1,1,1,0,Assistant de Direction | N1,1.0,0.0
23,M,1223,Marié(e),Consulting,Assistant de Direction,1,1,1,0,1,2,1,2,Infra & Cloud,Occasionnel,0,1,4,3,1,3,4,3,4,Non,22.0,221,0.0,1222.99,3.5,3,4,1,0,1,0,Assistant de Direction | N1,1.0,0.0
25,M,1118,Célibataire,Commercial,Représentant Commercial,1,1,1,0,0,4,24,1,Infra & Cloud,Frequent,1,0,3,1,1,4,4,3,3,Oui,14.000000000000002,137,0.0,1117.99,3.5,3,4,2,1,1,0,Représentant Commercial | N1,2.0,1.0
26,M,2875,Célibataire,Consulting,Assistant de Direction,1,8,8,5,0,2,4,2,Infra & Cloud,Occasionnel,2,2,3,3,1,4,2,2,4,Oui,20.0,479,0.625,2874.97,2.75,2,4,1,1,0,0,Assistant de Direction | N1,0.222,0.25
45,F,18824,Célibataire,Commercial,Senior Manager,2,26,24,10,0,2,2,3,Marketing,Occasionnel,1,11,1,1,5,2,1,3,3,Oui,16.0,2596,0.417,3764.79,1.75,1,3,2,0,0,0,Senior Manager | N5,0.08,0.042
55,M,13577,Divorcé(e),Consulting,Manager,1,34,33,9,1,3,8,1,Transformation Digitale,Aucun,15,0,4,2,4,2,4,3,3,Oui,15.0,1771,0.273,3394.24,3.25,2,4,1,0,0,0,Manager | N4,0.088,0.455
21,F,2625,Célibataire,Consulting,Consultant,1,2,2,2,0,2,10,2,Infra & Cloud,Frequent,2,2,1,2,1,3,3,1,4,Non,20.0,438,1.0,2624.97,2.0,1,3,2,0,1,0,Consultant | N1,0.667,1.0
46,F,18789,Marié(e),Commercial,Senior Manager,2,26,11,4,1,2,4,2,Marketing,Occasionnel,0,8,4,2,5,2,3,3,3,Non,14.000000000000002,2307,0.364,3757.79,3.0,2,4,1,0,0,0,Senior Manager | N5,0.167,0.0
34,F,4538,Célibataire,Commercial,Cadre Commercial,0,4,3,2,0,3,2,3,Marketing,Occasionnel,0,2,3,3,2,1,4,3,3,Oui,12.0,486,0.667,2268.99,2.75,1,4,0,1,0,0,Cadre Commercial | N2,0.75,0.0
51,M,19847,Divorcé(e),Commercial,Senior Manager,4,31,29,10,1,5,9,3,Infra & Cloud,Frequent,11,10,4,3,5,2,1,2,4,Oui,24.0,3841,0.345,3969.39,2.25,1,4,1,0,0,0,Senior Manager | N5,0.167,0.379
59,M,10512,Célibataire,Consulting,Tech Lead,6,25,9,7,0,6,18,4,Transformation Digitale,Occasionnel,5,4,4,3,3,4,4,2,3,Non,12.0,1126,0.778,3503.99,3.5,2,4,0,0,0,1,Tech Lead | N3,0.6,0.556
34,F,4444,Divorcé(e),Consulting,Consultant,4,15,11,8,2,2,19,3,Transformation Digitale,Frequent,5,10,3,3,2,2,3,4,3,Non,13.0,511,0.727,2221.99,3.0,2,4,0,0,0,0,Consultant | N2,0.167,0.455
28,M,2154,Célibataire,Consulting,Consultant,0,5,4,2,0,2,1,4,Transformation Digitale,Frequent,0,2,4,3,1,3,3,2,3,Oui,11.0,213,0.5,2153.98,3.0,2,4,0,1,0,0,Consultant | N1,0.4,0.0
44,M,19190,Divorcé(e),Consulting,Senior Manager,1,26,25,9,2,4,4,2,Infra & Cloud,Occasionnel,14,13,3,4,5,1,4,2,3,Non,14.000000000000002,2357,0.36,3837.99,2.5,1,4,-1,0,0,0,Senior Manager | N5,0.154,0.56
34,M,4490,Marié(e),Ressources Humaines,Ressources Humaines,4,14,10,9,2,5,11,3,Infra & Cloud,Frequent,1,8,3,2,2,2,4,4,3,Non,11.0,445,0.9,2244.99,3.25,2,4,1,0,0,0,Ressources Humaines | N2,0.455,0.1
35,M,3506,Marié(e),Consulting,Assistant de Direction,0,4,3,2,0,3,6,1,Infra & Cloud,Occasionnel,2,2,3,3,1,3,4,3,3,Oui,14.000000000000002,431,0.667,3505.96,3.25,3,4,0,1,0,0,Assistant de Direction | N1,0.75,0.667
42,F,2372,Marié(e),Consulting,Assistant de Direction,6,18,1,0,0,2,7,4,Transformation Digitale,Occasionnel,0,0,2,4,2,2,4,3,3,Oui,16.0,327,0.0,1185.99,2.75,2,4,-1,1,0,1,Assistant de Direction | N2,1.0,0.0
43,F,10231,Célibataire,Commercial,Cadre Commercial,3,23,21,7,0,3,4,4,Marketing,Occasionnel,15,17,4,2,3,4,4,4,3,Non,14.000000000000002,1256,0.333,3410.32,4.0,4,4,1,0,0,0,Cadre Commercial | N3,0.136,0.714
36,F,5410,Célibataire,Consulting,Tech Lead,9,18,16,14,0,2,2,4,Infra & Cloud,Occasionnel,5,12,3,3,2,2,4,3,3,Oui,11.0,536,0.875,2704.99,3.0,2,4,0,0,0,1,Tech Lead | N2,0.118,0.312
44,F,7978,Marié(e),Consulting,Manager,1,10,10,7,1,2,15,3,Transformation Digitale,Occasionnel,0,5,1,3,3,4,4,3,3,Non,11.0,791,0.7,2659.32,3.0,1,4,0,0,0,0,Manager | N3,0.182,0.0
28,M,3867,Marié(e),Consulting,Consultant,1,2,2,2,1,2,2,3,Infra & Cloud,Frequent,2,2,4,2,1,4,2,3,3,Oui,12.0,414,1.0,3866.96,3.25,2,4,1,1,1,0,Consultant | N1,0.667,1.0
51,F,2838,Célibataire,Consulting,Consultant,0,8,7,0,0,6,6,2,Transformation Digitale,Frequent,7,7,2,2,1,3,2,2,3,Non,14.000000000000002,349,0.0,2837.97,2.25,2,3,1,0,0,0,Consultant | N1,0.75,1.0
30,F,4695,Célibataire,Consulting,Tech Lead,7,10,8,4,0,3,9,2,Transformation Digitale,Aucun,1,7,3,3,2,3,3,3,3,Oui,18.0,716,0.5,2347.49,3.0,3,3,0,1,0,1,Tech Lead | N2,0.333,0.125
29,F,3339,Divorcé(e),Consulting,Consultant,3,10,7,7,2,2,7,3,Entrepreunariat,Occasionnel,7,7,2,3,1,3,1,3,3,Oui,13.0,384,1.0,3338.97,2.25,1,3,0,1,0,0,Consultant | N1,0.25,1.0
28,M,2080,Célibataire,Consulting,Assistant de Direction,2,5,3,2,0,2,1,3,Entrepreunariat,Occasionnel,1,2,4,3,1,1,2,2,3,Non,11.0,206,0.667,2079.98,2.25,1,4,0,0,0,0,Assistant de Direction | N1,0.5,0.333
25,F,2096,Célibataire,Consulting,Assistant de Direction,1,2,2,2,0,3,1,3,Transformation Digitale,Occasionnel,2,1,4,3,1,2,4,2,3,Non,18.0,320,1.0,2095.98,3.0,2,4,0,0,1,0,Assistant de Direction | N1,1.0,1.0
32,M,6209,Marié(e),Commercial,Cadre Commercial,1,10,10,7,2,4,8,3,Transformation Digitale,Occasionnel,0,8,3,4,2,4,3,4,3,Non,15.0,810,0.7,3104.48,3.5,3,4,-1,0,0,0,Cadre Commercial | N2,0.364,0.0
45,F,18061,Célibataire,Consulting,Senior Manager,3,22,0,0,0,4,25,3,Transformation Digitale,Frequent,0,0,2,3,5,2,3,3,4,Non,22.0,3257,0.0,3612.19,2.5,2,3,1,0,0,0,Senior Manager | N5,4.0,0.0
39,F,17123,Divorcé(e),Consulting,Senior Manager,6,21,19,9,2,4,13,4,Transformation Digitale,Occasionnel,15,2,3,2,4,2,4,3,3,Oui,13.0,1970,0.474,4280.74,3.0,2,4,1,0,0,1,Senior Manager | N4,0.2,0.789
58,M,2372,Divorcé(e),Consulting,Assistant de Direction,1,2,2,2,2,3,23,4,Infra & Cloud,Occasionnel,2,2,1,3,1,3,4,3,3,Non,12.0,254,1.0,2371.98,2.75,1,4,0,0,0,0,Assistant de Direction | N1,1.0,1.0
32,M,4883,Marié(e),Consulting,Consultant,1,10,10,4,1,3,7,2,Infra & Cloud,Occasionnel,1,1,4,3,2,3,1,3,3,Non,18.0,745,0.4,2441.49,2.75,1,4,0,0,0,0,Consultant | N2,0.273,0.1
39,M,3904,Célibataire,Consulting,Assistant de Direction,0,6,5,2,0,2,23,3,Transformation Digitale,Occasionnel,0,3,3,3,1,1,1,3,3,Non,13.0,449,0.4,3903.96,2.0,1,3,0,0,0,0,Assistant de Direction | N1,0.333,0.0
30,F,4627,Marié(e),Consulting,Consultant,0,10,9,2,1,6,6,3,Entrepreunariat,Occasionnel,6,7,1,2,2,4,1,3,3,Non,12.0,496,0.222,2313.49,2.25,1,4,1,0,0,0,Consultant | N2,0.6,0.667
36,F,7094,Marié(e),Consulting,Manager,3,10,7,7,0,0,10,4,Entrepreunariat,Occasionnel,1,7,4,3,3,3,1,3,3,Non,12.0,760,1.0,2364.66,2.75,1,4,0,0,0,0,Manager | N3,0.0,0.143
46,F,3423,Célibataire,Ressources Humaines,Ressources Humaines,6,10,7,6,0,3,1,2,Infra & Cloud,Occasionnel,5,7,4,3,1,1,3,4,3,Non,12.0,367,0.857,3422.97,3.0,1,4,0,0,0,1,Ressources Humaines | N1,0.375,0.714
28,F,6674,Marié(e),Consulting,Consultant,0,10,9,8,3,6,1,3,Infra & Cloud,Aucun,7,5,3,1,2,4,1,3,3,Non,11.0,661,0.889,3336.98,2.75,1,4,2,0,0,0,Consultant | N2,0.6,0.778
50,F,16880,Marié(e),Consulting,Directeur Technique,4,25,3,2,0,2,28,3,Infra & Cloud,Occasionnel,1,2,4,3,4,1,2,3,3,Oui,11.0,1673,0.667,4219.99,2.5,1,4,0,0,0,0,Directeur Technique | N4,0.5,0.333
40,M,9094,Célibataire,Commercial,Cadre Commercial,2,9,5,4,0,2,25,4,Marketing,Occasionnel,1,0,4,2,3,2,3,3,3,Oui,12.0,974,0.8,3031.32,3.0,2,4,1,0,0,0,Cadre Commercial | N3,0.333,0.2
52,M,8446,Célibataire,Commercial,Cadre Commercial,9,10,8,7,0,2,5,3,Infra & Cloud,Occasionnel,7,7,2,3,3,2,3,2,3,Oui,19.0,1349,0.875,2815.32,2.25,2,3,0,0,0,1,Cadre Commercial | N3,0.222,0.875
30,F,11916,Marié(e),Consulting,Senior Manager,1,9,9,1,2,2,17,4,Transformation Digitale,Occasionnel,0,8,2,3,3,1,4,3,4,Oui,23.0,2228,0.111,3971.99,2.5,1,4,1,0,0,0,Senior Manager | N3,0.2,0.0
39,M,4534,Célibataire,Consulting,Tech Lead,0,9,8,7,0,6,18,2,Infra & Cloud,Occasionnel,1,7,1,3,2,3,1,3,3,Non,11.0,449,0.875,2266.99,2.0,1,3,0,0,0,0,Tech Lead | N2,0.667,0.125
31,F,9852,Divorcé(e),Commercial,Cadre Commercial,1,10,10,8,1,5,2,4,Infra & Cloud,Aucun,9,6,4,3,3,3,1,2,3,Oui,19.0,1573,0.8,3283.99,2.5,1,4,0,0,0,0,Cadre Commercial | N3,0.455,0.9
41,M,6151,Célibataire,Commercial,Cadre Commercial,1,19,19,2,0,4,10,2,Transformation Digitale,Aucun,11,9,3,1,2,2,1,3,3,Non,13.0,708,0.105,3075.48,2.25,1,3,2,0,0,0,Cadre Commercial | N2,0.2,0.579
31,F,2302,Célibataire,Commercial,Représentant Commercial,1,3,3,2,0,2,1,3,Infra & Cloud,Frequent,2,2,4,3,1,2,1,4,3,Oui,11.0,228,0.667,2301.98,2.75,1,4,0,1,0,0,Représentant Commercial | N1,0.5,0.667
44,M,2362,Marié(e),Consulting,Consultant,4,10,3,2,0,4,3,3,Infra & Cloud,Occasionnel,1,2,1,3,1,1,3,4,3,Non,12.0,253,0.667,2361.98,2.25,1,4,0,0,0,0,Consultant | N1,1.0,0.333
42,M,17861,Marié(e),Consulting,Senior Manager,0,21,20,8,0,3,2,1,Infra & Cloud,Aucun,2,10,3,3,4,3,4,2,3,Oui,13.0,2055,0.4,4465.24,3.0,2,4,0,0,0,0,Senior Manager | N4,0.143,0.1
55,F,19187,Marié(e),Consulting,Senior Manager,4,23,19,9,1,5,2,2,Transformation Digitale,Occasionnel,9,11,4,1,5,3,4,3,3,Non,14.000000000000002,2356,0.474,3837.39,3.5,3,4,2,0,0,0,Senior Manager | N5,0.25,0.474
56,M,19717,Célibataire,Ressources Humaines,Senior Manager,6,36,7,3,0,4,8,4,Infra & Cloud,Occasionnel,7,7,4,3,5,2,1,3,3,Non,14.000000000000002,2421,0.429,3943.39,2.5,1,4,0,0,0,1,Senior Manager | N5,0.5,1.0
40,M,3544,Divorcé(e),Consulting,Assistant de Direction,9,6,4,2,1,0,16,2,Infra & Cloud,Aucun,0,0,3,3,1,3,2,3,3,Non,16.0,489,0.5,3543.96,2.75,2,3,0,0,0,1,Assistant de Direction | N1,0.0,0.0
34,M,8500,Divorcé(e),Consulting,Manager,0,10,9,7,1,0,9,3,Infra & Cloud,Occasionnel,1,6,4,3,3,4,4,2,3,Non,11.0,842,0.778,2833.32,3.5,2,4,0,0,0,0,Manager | N3,0.0,0.111
40,M,4661,Célibataire,Consulting,Assistant de Direction,1,9,9,8,0,4,2,3,Infra & Cloud,Occasionnel,8,8,3,3,2,4,3,3,3,Non,13.0,536,0.889,2330.49,3.25,3,4,0,0,0,0,Assistant de Direction | N2,0.4,0.889
41,F,4103,Divorcé(e),Commercial,Cadre Commercial,0,10,9,3,1,2,1,3,Marketing,Frequent,1,7,3,3,2,1,4,3,3,Non,17.0,596,0.333,2051.49,2.75,1,4,0,0,0,0,Cadre Commercial | N2,0.2,0.111
35,M,4249,Célibataire,Consulting,Assistant de Direction,1,9,9,6,0,3,4,4,Infra & Cloud,Frequent,1,1,3,3,2,3,2,3,3,Oui,11.0,421,0.667,2124.49,2.75,2,3,0,1,0,0,Assistant de Direction | N2,0.3,0.111
51,M,14026,Divorcé(e),Ressources Humaines,Senior Manager,1,33,33,9,1,2,5,3,Infra & Cloud,Occasionnel,0,10,3,3,4,2,2,3,3,Oui,11.0,1390,0.273,3506.49,2.5,2,3,0,0,0,0,Senior Manager | N4,0.059,0.0
38,F,6893,Divorcé(e),Commercial,Cadre Commercial,3,11,7,7,1,3,2,2,Infra & Cloud,Occasionnel,1,7,2,3,2,1,4,3,3,Non,15.0,899,1.0,3446.48,2.5,1,4,0,0,0,0,Cadre Commercial | N2,0.375,0.143
34,F,6125,Célibataire,Commercial,Cadre Commercial,1,10,10,8,0,6,15,2,Transformation Digitale,Occasionnel,9,6,3,3,2,1,4,4,3,Non,12.0,656,0.8,3062.48,3.0,1,4,0,0,0,0,Cadre Commercial | N2,0.545,0.9
25,M,3669,Marié(e),Consulting,Consultant,3,7,3,2,3,6,19,1,Transformation Digitale,Occasionnel,1,2,4,3,1,4,3,2,3,Non,11.0,364,0.667,3668.96,3.25,2,4,0,0,0,0,Consultant | N1,1.5,0.333
58,F,10008,Marié(e),Consulting,Tech Lead,7,31,10,9,0,0,7,4,Transformation Digitale,Occasionnel,5,9,3,2,3,1,4,2,3,Oui,14.000000000000002,1229,0.9,3335.99,2.5,1,4,1,0,0,1,Tech Lead | N3,0.0,0.5
40,M,2387,Marié(e),Consulting,Consultant,3,7,4,2,1,3,1,4,Infra & Cloud,Occasionnel,0,3,2,3,1,2,3,3,4,Non,22.0,430,0.5,2386.98,2.5,2,3,1,0,0,0,Consultant | N1,0.6,0.0
36,F,4639,Marié(e),Commercial,Cadre Commercial,2,17,15,7,1,2,7,3,Marketing,Frequent,6,13,1,4,2,1,4,2,3,Non,16.0,640,0.467,2319.49,2.0,1,4,-1,0,0,0,Cadre Commercial | N2,0.125,0.4
48,M,7898,Célibataire,Consulting,Tech Lead,1,11,10,9,0,2,4,3,Infra & Cloud,Occasionnel,0,8,4,3,3,4,3,3,3,Non,11.0,783,0.9,2632.66,3.5,3,4,0,0,0,0,Tech Lead | N3,0.182,0.0
27,F,2534,Marié(e),Commercial,Représentant Commercial,8,5,1,0,1,4,11,3,Transformation Digitale,Occasionnel,0,0,3,4,1,4,2,3,3,Non,14.000000000000002,311,0.0,2533.97,3.0,2,4,-1,0,1,1,Représentant Commercial | N1,2.0,0.0
51,F,13142,Célibataire,Consulting,Tech Lead,3,29,5,2,0,1,11,2,Entrepreunariat,Occasionnel,0,3,4,2,4,2,2,2,3,Non,16.0,1813,0.4,3285.49,2.5,2,4,1,0,0,0,Tech Lead | N4,0.167,0.0
18,F,1611,Célibataire,Consulting,Consultant,1,0,0,0,0,5,1,3,Infra & Cloud,Aucun,0,0,4,3,1,4,3,4,3,Non,15.0,210,0.0,1610.98,3.75,3,4,0,0,1,0,Consultant | N1,5.0,0.0
35,F,5363,Marié(e),Consulting,Consultant,0,10,9,7,1,0,1,3,Transformation Digitale,Occasionnel,0,0,4,2,2,4,2,3,3,Non,12.0,575,0.778,2681.49,3.25,2,4,1,0,0,0,Consultant | N2,0.0,0.0
27,M,5071,Célibataire,Commercial,Cadre Commercial,3,8,6,2,0,3,2,1,Infra & Cloud,Frequent,0,0,4,1,2,4,2,3,4,Non,20.0,845,0.333,2535.49,3.25,2,4,3,0,0,0,Cadre Commercial | N2,0.429,0.0
55,M,13695,Célibataire,Commercial,Cadre Commercial,6,24,19,7,0,2,13,4,Marketing,Occasionnel,3,8,1,4,4,3,3,2,3,Oui,17.0,1990,0.368,3423.74,2.25,1,3,-1,0,0,1,Cadre Commercial | N4,0.1,0.158
56,M,13402,Marié(e),Consulting,Tech Lead,4,33,19,16,1,0,23,3,Infra & Cloud,Occasionnel,15,9,4,3,4,2,1,3,3,Oui,12.0,1436,0.842,3350.49,2.5,1,4,0,0,0,0,Tech Lead | N4,0.0,0.789
34,F,2029,Divorcé(e),Consulting,Assistant de Direction,1,5,5,4,3,2,26,1,Entrepreunariat,Aucun,0,0,1,2,1,3,3,3,4,Non,20.0,338,0.8,2028.98,2.5,1,3,2,0,0,0,Assistant de Direction | N1,0.333,0.0
40,F,6377,Divorcé(e),Consulting,Manager,5,15,12,11,3,0,2,1,Transformation Digitale,Occasionnel,11,8,2,4,2,3,2,3,4,Non,20.0,1063,0.917,3188.48,2.5,2,3,0,0,0,1,Manager | N2,0.0,0.917
34,M,5429,Marié(e),Consulting,Consultant,4,10,8,7,2,1,29,3,Transformation Digitale,Occasionnel,7,7,2,3,2,3,1,3,3,Non,13.0,625,0.875,2714.49,2.25,1,3,0,0,0,0,Consultant | N2,0.111,0.875
31,F,2785,Célibataire,Commercial,Représentant Commercial,7,3,1,0,0,3,2,3,Infra & Cloud,Frequent,0,0,3,2,1,4,3,4,3,Non,14.000000000000002,342,0.0,2784.97,3.5,3,4,1,0,0,1,Représentant Commercial | N1,1.5,0.0
35,F,4614,Marié(e),Commercial,Cadre Commercial,0,5,4,2,1,0,18,4,Marketing,Frequent,3,2,4,3,2,3,3,2,3,Oui,18.0,704,0.5,2306.99,3.0,2,4,0,1,0,0,Cadre Commercial | N2,0.0,0.75
38,M,2610,Divorcé(e),Consulting,Assistant de Direction,1,4,4,2,3,2,7,3,Infra & Cloud,Frequent,0,3,4,4,1,3,4,3,3,Non,11.0,259,0.5,2609.97,3.5,3,4,-1,0,0,0,Assistant de Direction | N1,0.4,0.0
34,F,6687,Célibataire,Consulting,Manager,1,14,14,11,0,2,2,4,Entrepreunariat,Occasionnel,4,11,3,3,2,4,4,4,3,Non,11.0,663,0.786,3343.48,3.75,3,4,0,0,0,0,Manager | N2,0.133,0.286
28,M,4724,Marié(e),Commercial,Cadre Commercial,1,5,5,3,1,0,26,3,Infra & Cloud,Occasionnel,0,4,3,2,2,1,3,3,3,Non,11.0,468,0.6,2361.99,2.5,1,3,1,0,0,0,Cadre Commercial | N2,0.0,0.0
31,M,6179,Marié(e),Consulting,Tech Lead,1,10,10,2,2,3,22,4,Transformation Digitale,Occasionnel,6,7,4,3,2,3,4,2,3,Oui,15.0,806,0.2,3089.48,3.25,2,4,0,0,0,0,Tech Lead | N2,0.273,0.6
39,M,6120,Marié(e),Commercial,Cadre Commercial,3,8,5,4,2,2,21,4,Infra & Cloud,Occasionnel,1,4,1,2,2,4,4,4,3,Oui,12.0,656,0.8,3059.98,3.25,1,4,1,0,0,0,Cadre Commercial | N2,0.333,0.2
51,M,10596,Marié(e),Commercial,Cadre Commercial,2,14,4,2,0,5,2,3,Marketing,Frequent,3,2,2,3,3,2,2,3,3,Non,11.0,1050,0.5,3531.99,2.25,2,3,0,0,0,0,Cadre Commercial | N3,1.0,0.75
41,F,5467,Divorcé(e),Consulting,Assistant de Direction,3,12,6,2,2,4,22,3,Infra & Cloud,Frequent,3,3,4,3,2,4,1,2,3,Oui,14.000000000000002,671,0.333,2733.49,2.75,1,4,0,0,0,0,Assistant de Direction | N2,0.571,0.5
37,M,2996,Marié(e),Consulting,Assistant de Direction,7,8,6,4,0,2,4,1,Infra & Cloud,Occasionnel,1,3,3,3,1,3,4,3,3,Oui,15.0,391,0.667,2995.97,3.25,3,4,0,1,0,1,Assistant de Direction | N1,0.286,0.167
33,M,9998,Marié(e),Commercial,Cadre Commercial,6,8,5,4,0,2,5,1,Infra & Cloud,Frequent,1,2,2,3,2,4,1,4,3,Non,13.0,1150,0.8,4998.98,2.75,1,4,0,0,0,1,Cadre Commercial | N2,0.333,0.2
32,M,4078,Marié(e),Commercial,Cadre Commercial,0,4,3,2,3,3,2,1,Marketing,Occasionnel,1,2,3,3,2,2,1,2,3,Oui,13.0,469,0.667,2038.99,2.0,1,3,0,1,0,0,Cadre Commercial | N2,0.75,0.333
39,M,10920,Marié(e),Consulting,Manager,3,13,6,4,1,2,25,2,Infra & Cloud,Aucun,0,5,3,3,3,3,2,3,4,Non,21.0,1895,0.667,3639.99,2.75,2,3,1,0,0,0,Manager | N3,0.286,0.0
25,M,6232,Marié(e),Commercial,Cadre Commercial,2,6,3,2,0,3,18,1,Infra & Cloud,Occasionnel,1,2,1,4,2,3,2,2,3,Non,11.0,618,0.667,3115.98,2.0,1,3,-1,0,0,0,Cadre Commercial | N2,0.75,0.333
52,F,13247,Marié(e),Consulting,Tech Lead,2,24,5,3,1,3,28,2,Transformation Digitale,Frequent,0,2,4,4,4,3,2,2,3,Oui,11.0,1313,0.6,3311.74,2.75,2,4,-1,0,0,0,Tech Lead | N4,0.5,0.0
43,F,4081,Célibataire,Consulting,Assistant de Direction,1,20,20,7,0,3,6,3,Transformation Digitale,Occasionnel,1,8,1,2,2,3,1,1,3,Oui,14.000000000000002,501,0.35,2040.49,1.5,1,3,1,1,0,0,Assistant de Direction | N2,0.143,0.05
27,F,5769,Marié(e),Commercial,Cadre Commercial,1,6,6,2,0,3,10,3,Marketing,Occasionnel,4,4,4,2,2,4,4,3,3,Oui,11.0,572,0.333,2884.49,3.75,3,4,1,0,0,0,Cadre Commercial | N2,0.429,0.667
27,F,2394,Célibataire,Consulting,Assistant de Direction,1,8,8,2,0,2,17,4,Infra & Cloud,Occasionnel,7,7,4,3,1,3,4,3,3,Oui,13.0,275,0.25,2393.98,3.5,3,4,0,1,0,0,Assistant de Direction | N1,0.222,0.875
26,M,3904,Célibataire,Consulting,Assistant de Direction,0,5,4,3,0,2,2,1,Transformation Digitale,Occasionnel,1,1,1,2,1,4,4,3,3,Non,12.0,418,0.75,3903.96,3.0,1,4,1,0,0,0,Assistant de Direction | N1,0.4,0.25
42,F,16799,Marié(e),Ressources Humaines,Senior Manager,0,21,20,7,1,5,10,3,Ressources Humaines,Occasionnel,0,9,3,3,4,1,3,3,3,Non,14.000000000000002,2063,0.35,4199.74,2.5,1,3,0,0,0,0,Senior Manager | N4,0.238,0.0
52,F,2950,Marié(e),Consulting,Consultant,9,12,5,4,0,2,8,4,Autre,Occasionnel,0,4,3,3,1,1,3,1,3,Non,13.0,339,0.8,2949.97,2.0,1,3,0,0,0,1,Consultant | N1,0.333,0.0
37,F,3629,Célibataire,Consulting,Consultant,4,8,3,2,0,6,11,3,Transformation Digitale,Occasionnel,0,2,1,3,1,3,1,3,3,Non,18.0,554,0.667,3628.96,2.0,1,3,0,0,0,0,Consultant | N1,1.5,0.0
35,M,9362,Célibataire,Consulting,Tech Lead,2,10,2,2,0,2,18,2,Infra & Cloud,Frequent,2,2,3,3,3,4,3,3,3,Non,11.0,928,1.0,3120.66,3.25,3,4,0,0,0,0,Tech Lead | N3,0.667,1.0
25,M,3229,Marié(e),Consulting,Consultant,4,7,3,2,1,2,1,3,Entrepreunariat,Occasionnel,0,2,1,3,1,4,2,2,3,Non,11.0,320,0.667,3228.97,2.25,1,4,0,0,0,0,Consultant | N1,0.5,0.0
26,M,3578,Célibataire,Consulting,Consultant,0,8,7,7,0,2,7,3,Autre,Occasionnel,0,7,3,4,1,1,4,3,3,Non,12.0,383,1.0,3577.96,2.75,1,4,-1,0,0,0,Consultant | N1,0.25,0.0
29,M,7988,Célibataire,Ressources Humaines,Ressources Humaines,1,10,10,9,0,3,17,3,Autre,Occasionnel,0,9,2,2,3,1,1,2,3,Non,13.0,919,0.9,2662.66,1.5,1,2,1,0,0,0,Ressources Humaines | N3,0.273,0.0
49,M,4284,Célibataire,Consulting,Consultant,3,20,4,3,0,2,28,2,Infra & Cloud,Frequent,1,3,1,2,2,1,1,3,4,Non,20.0,714,0.75,2141.99,1.5,1,3,2,0,0,0,Consultant | N2,0.4,0.25
29,F,7553,Célibataire,Consulting,Manager,0,9,8,7,0,1,14,1,Autre,Frequent,7,7,3,3,3,4,1,3,3,Oui,12.0,809,0.875,2517.66,2.75,1,4,0,0,0,0,Manager | N3,0.111,0.875
54,F,17328,Célibataire,Consulting,Directeur Technique,6,29,20,7,0,3,1,3,Transformation Digitale,Occasionnel,12,7,4,3,4,4,4,2,3,Non,19.0,2767,0.35,4331.99,3.5,2,4,0,0,0,1,Directeur Technique | N4,0.143,0.6
58,F,19701,Marié(e),Consulting,Directeur Technique,3,32,9,8,1,3,1,3,Transformation Digitale,Occasionnel,1,5,4,3,5,1,3,3,4,Oui,21.0,3419,0.889,3940.19,2.75,1,4,1,0,0,0,Directeur Technique | N5,0.3,0.111
55,M,14732,Divorcé(e),Consulting,Directeur Technique,2,31,7,7,2,4,1,4,Transformation Digitale,Occasionnel,0,0,2,4,4,4,4,4,3,Non,13.0,1695,1.0,3682.99,3.5,2,4,-1,0,0,0,Directeur Technique | N4,0.5,0.0
36,F,9278,Célibataire,Commercial,Cadre Commercial,3,15,5,4,0,3,3,4,Marketing,Occasionnel,0,1,1,3,2,2,4,3,3,Oui,16.0,1280,0.8,4638.98,2.5,1,4,0,0,0,0,Cadre Commercial | N2,0.5,0.0
31,F,1359,Célibataire,Commercial,Représentant Commercial,1,1,1,0,0,3,1,4,Infra & Cloud,Frequent,0,0,2,1,1,3,2,3,3,Non,12.0,146,0.0,1358.99,2.5,2,3,2,0,0,0,Représentant Commercial | N1,1.5,0.0
30,F,4779,Divorcé(e),Commercial,Cadre Commercial,7,8,3,2,2,3,7,4,Marketing,Occasionnel,0,2,4,3,2,1,2,3,3,Non,14.000000000000002,587,0.667,2389.49,2.5,1,4,0,0,0,1,Cadre Commercial | N2,0.75,0.0
31,F,16422,Célibataire,Consulting,Directeur Technique,3,9,3,2,0,3,8,5,Infra & Cloud,Occasionnel,1,0,1,3,4,2,3,4,3,Non,11.0,1627,0.667,4105.49,2.5,1,4,0,0,0,0,Directeur Technique | N4,0.75,0.333
34,M,2996,Divorcé(e),Consulting,Assistant de Direction,5,10,4,3,2,2,1,4,Autre,Frequent,1,3,4,3,1,1,3,3,3,Non,14.000000000000002,368,0.75,2995.97,2.75,1,4,0,0,0,1,Assistant de Direction | N1,0.4,0.25
31,F,1261,Célibataire,Consulting,Assistant de Direction,1,1,1,0,0,3,8,3,Infra & Cloud,Occasionnel,0,0,1,2,1,2,3,4,3,Non,12.0,135,0.0,1260.99,2.5,1,4,1,0,0,0,Assistant de Direction | N1,1.5,0.0
27,M,2099,Marié(e),Consulting,Consultant,0,6,5,0,0,3,11,1,Infra & Cloud,Occasionnel,1,4,2,3,1,1,2,4,3,Non,14.000000000000002,258,0.0,2098.98,2.25,1,4,0,0,0,0,Consultant | N1,0.5,0.2
36,M,5810,Célibataire,Consulting,Consultant,1,10,10,4,0,2,4,4,Infra & Cloud,Occasionnel,1,8,1,2,2,4,3,2,3,Non,16.0,801,0.4,2904.99,2.5,1,4,1,0,0,0,Consultant | N2,0.182,0.1
36,F,5647,Marié(e),Commercial,Cadre Commercial,4,11,3,2,2,3,16,4,Marketing,Occasionnel,0,2,3,2,2,1,1,2,3,Non,13.0,650,0.667,2823.49,1.75,1,3,1,0,0,0,Cadre Commercial | N2,0.75,0.0
47,M,3420,Marié(e),Consulting,Assistant de Direction,7,17,6,5,1,2,1,3,Entrepreunariat,Occasionnel,1,2,1,3,1,4,3,2,3,Non,12.0,366,0.833,3419.97,2.5,1,4,0,0,0,1,Assistant de Direction | N1,0.286,0.167
25,M,4400,Marié(e),Commercial,Représentant Commercial,3,6,3,2,0,2,9,2,Infra & Cloud,Occasionnel,2,2,1,2,1,1,1,3,3,Non,12.0,471,0.667,4399.96,1.5,1,3,1,0,0,0,Représentant Commercial | N1,0.5,0.667
37,M,3500,Célibataire,Consulting,Consultant,0,7,6,5,0,2,5,2,Entrepreunariat,Aucun,1,3,3,4,1,3,1,1,3,Non,14.000000000000002,430,0.833,3499.97,2.0,1,3,-1,0,0,0,Consultant | N1,0.286,0.167
56,F,2066,Marié(e),Consulting,Assistant de Direction,2,5,3,2,1,3,1,2,Infra & Cloud,Occasionnel,1,0,1,3,1,1,4,4,4,Non,22.0,373,0.667,2065.98,2.5,1,4,1,0,0,0,Assistant de Direction | N1,0.75,0.333
47,F,17169,Marié(e),Consulting,Directeur Technique,3,26,20,17,2,2,2,4,Transformation Digitale,Occasionnel,5,6,1,3,4,3,2,4,3,Non,19.0,2741,0.85,4292.24,2.5,1,4,0,0,0,0,Directeur Technique | N4,0.095,0.25
24,F,4162,Marié(e),Commercial,Cadre Commercial,1,5,5,4,2,3,4,1,Transformation Digitale,Occasionnel,0,3,4,3,2,3,3,3,3,Oui,12.0,446,0.8,2080.99,3.25,3,4,0,1,0,0,Cadre Commercial | N2,0.5,0.0
32,M,9204,Marié(e),Commercial,Cadre Commercial,4,7,4,3,1,3,7,5,Marketing,Occasionnel,0,3,4,3,2,4,3,2,3,Non,12.0,986,0.75,4601.98,3.25,2,4,0,0,0,0,Cadre Commercial | N2,0.6,0.0
34,F,3294,Marié(e),Consulting,Consultant,5,7,5,4,1,2,1,3,Infra & Cloud,Occasionnel,0,2,4,2,1,2,1,2,3,Non,17.0,479,0.8,3293.97,2.25,1,4,1,0,0,1,Consultant | N1,0.333,0.0
41,M,2127,Marié(e),Consulting,Assistant de Direction,2,7,4,2,0,5,5,5,Transformation Digitale,Occasionnel,0,3,2,4,1,3,1,2,3,Oui,12.0,228,0.5,2126.98,2.0,1,3,-1,1,0,0,Assistant de Direction | N1,1.0,0.0
40,M,3975,Divorcé(e),Consulting,Consultant,3,11,8,7,2,2,9,4,Autre,Aucun,0,7,3,3,2,3,3,4,3,Non,11.0,394,0.875,1987.49,3.25,3,4,0,0,0,0,Consultant | N2,0.222,0.0
31,M,10793,Divorcé(e),Commercial,Cadre Commercial,1,13,13,7,1,5,8,2,Infra & Cloud,Occasionnel,9,9,1,3,3,4,1,3,3,Non,18.0,1646,0.538,3597.65,2.25,1,4,0,0,0,0,Cadre Commercial | N3,0.357,0.692
46,M,10096,Divorcé(e),Commercial,Cadre Commercial,4,28,7,7,1,1,9,3,Marketing,Occasionnel,4,3,1,3,3,4,1,4,3,Non,11.0,1001,1.0,3365.32,2.5,1,4,0,0,0,0,Cadre Commercial | N3,0.125,0.571
39,F,3646,Célibataire,Consulting,Consultant,2,11,1,0,0,2,2,3,Infra & Cloud,Aucun,0,0,1,2,1,1,2,4,4,Oui,23.0,682,0.0,3645.96,2.0,1,4,2,1,0,0,Consultant | N1,1.0,0.0
31,F,7446,Célibataire,Consulting,Tech Lead,1,10,10,8,0,2,1,5,Infra & Cloud,Frequent,4,7,3,4,3,2,1,3,3,Non,11.0,738,0.8,2481.99,2.25,1,3,-1,0,0,0,Tech Lead | N3,0.182,0.4
45,M,10851,Divorcé(e),Consulting,Manager,2,24,7,7,1,2,20,3,Transformation Digitale,Occasionnel,0,7,2,1,3,1,2,3,3,Oui,18.0,1655,1.0,3616.99,2.0,1,3,2,0,0,0,Manager | N3,0.25,0.0
31,F,2109,Célibataire,Ressources Humaines,Ressources Humaines,9,8,3,2,0,3,8,2,Transformation Digitale,Occasionnel,0,2,4,4,1,2,4,3,3,Non,18.0,322,0.667,2108.98,3.25,2,4,-1,0,0,1,Ressources Humaines | N1,0.75,0.0
31,M,3722,Marié(e),Consulting,Consultant,6,7,2,2,1,2,2,3,Infra & Cloud,Frequent,2,2,2,3,1,4,3,1,3,Oui,13.0,428,1.0,3721.96,2.5,1,4,0,1,0,1,Consultant | N1,0.667,1.0
45,M,9380,Marié(e),Consulting,Tech Lead,4,10,3,1,2,4,29,3,Entrepreunariat,Occasionnel,1,2,2,3,3,4,4,4,3,Oui,18.0,1431,0.333,3126.66,3.5,2,4,0,0,0,0,Tech Lead | N3,1.0,0.333
48,M,5486,Divorcé(e),Commercial,Cadre Commercial,4,15,2,2,3,3,7,3,Marketing,Occasionnel,2,2,3,3,2,1,1,3,3,Non,11.0,544,1.0,2742.99,2.0,1,3,0,0,0,0,Cadre Commercial | N2,1.0,1.0
34,F,2742,Marié(e),Ressources Humaines,Ressources Humaines,1,2,2,2,0,0,9,4,Entrepreunariat,Occasionnel,2,2,1,3,1,3,4,3,3,Non,15.0,358,1.0,2741.97,2.75,1,4,0,0,0,0,Ressources Humaines | N1,0.0,1.0
40,M,13757,Divorcé(e),Consulting,Directeur Technique,2,16,9,8,1,5,8,1,Transformation Digitale,Aucun,4,8,4,2,3,2,3,3,3,Non,11.0,1363,0.889,4585.65,3.0,2,4,1,0,0,0,Directeur Technique | N3,0.5,0.444
28,M,8463,Célibataire,Commercial,Cadre Commercial,0,6,5,4,0,4,5,3,Transformation Digitale,Occasionnel,1,3,4,3,2,1,4,3,3,Non,18.0,1291,0.8,4231.48,3.0,1,4,0,0,0,0,Cadre Commercial | N2,0.667,0.2
44,M,3162,Célibataire,Consulting,Consultant,3,7,5,2,0,5,5,3,Infra & Cloud,Aucun,0,3,3,2,1,3,4,3,3,Non,14.000000000000002,388,0.4,3161.97,3.25,3,4,1,0,0,0,Consultant | N1,0.833,0.0
53,M,16598,Célibataire,Consulting,Directeur Technique,4,35,9,8,0,2,2,3,Transformation Digitale,Occasionnel,8,8,4,4,4,2,2,2,3,Non,12.0,1778,0.889,4149.49,2.5,2,4,-1,0,0,0,Directeur Technique | N4,0.2,0.889
49,M,6651,Marié(e),Consulting,Manager,2,20,3,2,1,0,5,4,Entrepreunariat,Occasionnel,1,2,1,3,2,3,2,2,3,Non,14.000000000000002,817,0.667,3325.48,2.0,1,3,0,0,0,0,Manager | N2,0.0,0.333
40,M,2345,Divorcé(e),Consulting,Assistant de Direction,2,8,3,1,1,3,2,3,Transformation Digitale,Occasionnel,1,2,3,3,1,3,3,4,3,Non,14.000000000000002,288,0.333,2344.98,3.25,3,4,0,0,0,0,Assistant de Direction | N1,0.75,0.333
44,M,3420,Célibataire,Consulting,Assistant de Direction,1,6,5,2,0,3,20,3,Infra & Cloud,Occasionnel,1,3,4,3,1,2,3,2,3,Non,13.0,393,0.4,3419.97,2.75,2,4,0,0,0,0,Assistant de Direction | N1,0.5,0.2
33,M,4373,Marié(e),Commercial,Cadre Commercial,0,5,4,3,2,2,7,3,Transformation Digitale,Frequent,0,3,4,3,2,1,1,3,3,Non,14.000000000000002,537,0.75,2186.49,2.25,1,4,0,0,0,0,Cadre Commercial | N2,0.4,0.0
34,M,4759,Célibataire,Commercial,Cadre Commercial,3,15,13,9,0,2,3,3,Autre,Occasionnel,3,12,4,1,2,1,4,3,3,Non,18.0,726,0.692,2379.49,3.0,1,4,2,0,0,0,Cadre Commercial | N2,0.143,0.231
30,M,5301,Marié(e),Commercial,Cadre Commercial,8,4,2,1,2,2,16,1,Infra & Cloud,Occasionnel,2,2,4,3,2,3,3,2,3,Non,15.0,691,0.5,2650.49,3.0,2,4,0,0,1,1,Cadre Commercial | N2,0.667,1.0
42,F,3673,Célibataire,Consulting,Consultant,1,12,12,9,0,3,9,2,Transformation Digitale,Frequent,5,8,1,3,1,4,3,3,3,Non,13.0,423,0.75,3672.96,2.75,1,4,0,0,0,0,Consultant | N1,0.231,0.417
44,F,4768,Marié(e),Commercial,Cadre Commercial,7,11,1,0,1,4,1,5,Marketing,Frequent,0,0,1,3,2,3,3,2,3,Non,12.0,511,0.0,2383.99,2.25,1,3,0,0,0,1,Cadre Commercial | N2,2.0,0.0
30,M,1274,Divorcé(e),Consulting,Assistant de Direction,1,1,1,0,2,2,7,3,Entrepreunariat,Aucun,0,0,3,3,1,3,2,2,3,Non,13.0,147,0.0,1273.99,2.5,2,3,0,0,1,0,Assistant de Direction | N1,1.0,0.0
57,M,4900,Marié(e),Consulting,Assistant de Direction,0,13,12,9,1,2,1,2,Infra & Cloud,Occasionnel,2,8,2,4,2,3,1,2,4,Non,24.0,948,0.75,2449.99,2.0,1,3,0,0,0,0,Assistant de Direction | N2,0.154,0.167
49,M,10466,Divorcé(e),Consulting,Manager,3,29,8,7,2,3,7,4,Infra & Cloud,Occasionnel,0,7,3,3,3,2,2,3,3,Non,14.000000000000002,1285,0.875,3488.66,2.5,2,3,0,0,0,0,Manager | N3,0.333,0.0
34,M,17007,Divorcé(e),Consulting,Directeur Technique,7,16,14,8,2,3,15,3,Transformation Digitale,Frequent,6,9,2,3,4,1,4,2,3,Non,14.000000000000002,2089,0.571,4251.74,2.25,1,4,0,0,0,1,Directeur Technique | N4,0.2,0.429
28,M,2909,Marié(e),Commercial,Représentant Commercial,3,5,3,2,1,3,1,3,Entrepreunariat,Frequent,1,2,1,3,1,3,4,4,3,Non,15.0,379,0.667,2908.97,3.0,1,4,0,0,0,0,Représentant Commercial | N1,0.75,0.333
29,F,5765,Célibataire,Commercial,Cadre Commercial,5,7,5,3,0,4,13,3,Entrepreunariat,Frequent,0,0,1,3,2,2,1,1,3,Non,11.0,571,0.6,2882.49,1.25,1,2,0,0,0,1,Cadre Commercial | N2,0.667,0.0
34,F,4599,Célibataire,Commercial,Cadre Commercial,0,16,15,9,0,2,24,4,Transformation Digitale,Occasionnel,10,10,1,2,2,2,3,4,4,Oui,23.0,860,0.6,2299.49,2.5,1,4,2,1,0,0,Cadre Commercial | N2,0.125,0.667
35,M,2404,Marié(e),Commercial,Représentant Commercial,1,1,1,0,1,3,7,1,Infra & Cloud,Occasionnel,0,0,4,3,1,3,1,3,3,Non,13.0,277,0.0,2403.98,2.75,1,4,0,0,0,0,Représentant Commercial | N1,1.5,0.0
24,M,3172,Célibataire,Consulting,Consultant,2,4,0,0,0,2,9,3,Transformation Digitale,Frequent,0,0,2,3,1,1,3,2,3,Oui,11.0,314,0.0,3171.97,2.0,1,3,0,1,1,0,Consultant | N1,2.0,0.0
24,F,2033,Marié(e),Commercial,Représentant Commercial,1,1,1,0,1,2,13,2,Infra & Cloud,Aucun,0,0,4,3,1,2,3,3,3,Non,13.0,234,0.0,2032.98,3.0,2,4,0,0,1,0,Représentant Commercial | N1,1.0,0.0
44,M,10209,Célibataire,Consulting,Tech Lead,5,16,2,2,0,2,2,1,Transformation Digitale,Frequent,2,2,2,3,3,3,2,2,3,Oui,18.0,1557,1.0,3402.99,2.25,2,3,0,0,0,1,Tech Lead | N3,0.667,1.0
29,M,8620,Divorcé(e),Commercial,Cadre Commercial,1,10,10,7,2,3,19,3,Infra & Cloud,Occasionnel,0,4,3,2,2,3,3,3,3,Non,14.000000000000002,1059,0.7,4309.98,3.0,3,3,1,0,0,0,Cadre Commercial | N2,0.273,0.0
30,M,2064,Divorcé(e),Ressources Humaines,Ressources Humaines,0,6,5,3,1,3,1,3,Infra & Cloud,Occasionnel,1,3,3,3,1,3,1,4,4,Non,21.0,358,0.6,2063.98,2.75,1,4,1,0,0,0,Ressources Humaines | N1,0.5,0.2
55,M,4035,Marié(e),Consulting,Manager,0,4,3,2,0,2,4,4,Infra & Cloud,Occasionnel,1,2,4,3,2,3,2,3,3,Oui,16.0,557,0.667,2017.49,3.0,2,4,0,1,0,0,Manager | N2,0.5,0.333
33,F,3838,Marié(e),Consulting,Consultant,8,8,5,4,0,5,4,4,Transformation Digitale,Occasionnel,0,2,1,2,1,2,4,3,3,Non,11.0,380,0.8,3837.96,2.5,1,4,1,0,0,1,Consultant | N1,0.833,0.0
47,F,4591,Marié(e),Commercial,Cadre Commercial,3,11,5,4,1,4,14,3,Transformation Digitale,Occasionnel,1,2,3,3,2,3,3,2,3,Oui,17.0,667,0.8,2295.49,2.75,2,3,0,1,0,0,Cadre Commercial | N2,0.667,0.2
28,M,2561,Célibataire,Consulting,Consultant,7,8,0,0,0,2,2,2,Transformation Digitale,Frequent,0,0,3,2,1,1,3,2,3,Non,11.0,254,0.0,2560.97,2.25,1,3,1,0,1,1,Consultant | N1,2.0,0.0
28,M,1563,Divorcé(e),Consulting,Assistant de Direction,1,1,1,0,1,2,1,3,Infra & Cloud,Occasionnel,0,0,1,2,1,3,4,1,3,Non,14.000000000000002,192,0.0,1562.98,2.25,1,4,1,0,1,0,Assistant de Direction | N1,1.0,0.0
28,M,4898,Célibataire,Commercial,Cadre Commercial,0,5,4,2,0,5,7,3,Infra & Cloud,Frequent,1,3,3,3,2,1,4,3,3,Non,14.000000000000002,602,0.5,2448.99,2.75,1,4,0,0,0,0,Cadre Commercial | N2,1.0,0.25
49,F,4789,Marié(e),Consulting,Consultant,4,10,3,2,1,3,3,2,Transformation Digitale,Occasionnel,1,2,3,2,2,1,1,3,4,Non,25.0,958,0.667,2394.49,2.0,1,3,2,0,0,0,Consultant | N2,0.75,0.333
29,F,3180,Marié(e),Consulting,Consultant,0,4,3,2,3,3,2,1,Infra & Cloud,Frequent,0,2,4,3,1,2,3,3,3,Non,13.0,366,0.667,3179.97,3.0,2,4,0,0,0,0,Consultant | N1,0.75,0.0
28,M,6549,Marié(e),Consulting,Tech Lead,1,8,8,6,2,2,29,1,Infra & Cloud,Occasionnel,1,7,3,1,2,2,2,2,3,Non,14.000000000000002,804,0.75,3274.48,2.25,2,3,2,0,0,0,Tech Lead | N2,0.222,0.125
33,M,6388,Célibataire,Consulting,Manager,2,14,0,0,0,6,8,5,Infra & Cloud,Occasionnel,0,0,4,3,2,3,1,3,3,Oui,17.0,928,0.0,3193.98,2.75,1,4,0,0,0,0,Manager | N2,6.0,0.0
32,M,11244,Célibataire,Consulting,Senior Manager,2,10,5,2,0,5,10,3,Transformation Digitale,Occasionnel,0,0,3,3,3,4,2,4,4,Non,25.0,2249,0.4,3747.99,3.25,2,4,1,0,0,0,Senior Manager | N3,0.833,0.0
54,F,16032,Divorcé(e),Consulting,Senior Manager,3,26,14,9,1,2,11,4,Transformation Digitale,Frequent,1,12,2,3,4,4,1,3,4,Non,20.0,2672,0.643,4007.99,2.5,1,4,1,0,0,0,Senior Manager | N4,0.133,0.071
29,M,2362,Célibataire,Consulting,Assistant de Direction,6,11,9,7,0,2,1,4,Entrepreunariat,Occasionnel,0,7,1,2,1,1,3,1,3,Non,13.0,272,0.778,2361.98,1.5,1,3,1,0,0,1,Assistant de Direction | N1,0.2,0.0
44,M,16328,Marié(e),Consulting,Directeur Technique,3,24,20,6,1,1,28,3,Infra & Cloud,Occasionnel,14,17,4,3,4,1,3,4,3,Non,13.0,1878,0.3,4081.99,3.0,1,4,0,0,0,0,Directeur Technique | N4,0.048,0.7
39,F,8376,Célibataire,Consulting,Tech Lead,4,9,2,0,0,3,6,3,Infra & Cloud,Occasionnel,2,2,2,3,3,2,4,3,3,Non,18.0,1278,0.0,2791.99,2.75,2,4,0,0,0,0,Tech Lead | N3,1.0,1.0
46,F,16606,Marié(e),Commercial,Senior Manager,8,23,13,12,1,2,3,3,Infra & Cloud,Occasionnel,5,1,3,3,4,2,4,4,3,Non,12.0,1779,0.923,4151.49,3.25,2,4,0,0,0,1,Senior Manager | N4,0.143,0.385
35,F,8606,Célibataire,Consulting,Manager,1,11,11,8,0,3,16,3,Infra & Cloud,Occasionnel,3,3,4,2,3,2,4,1,3,Non,19.0,1374,0.727,2868.66,2.75,1,4,1,0,0,0,Manager | N3,0.25,0.273
23,M,2272,Célibataire,Consulting,Consultant,0,5,4,3,0,2,20,1,Infra & Cloud,Occasionnel,1,2,1,3,2,3,2,3,3,Non,14.000000000000002,279,0.75,1135.99,2.25,1,3,0,0,0,0,Consultant | N2,0.4,0.25
40,M,2018,Célibataire,Consulting,Consultant,3,15,5,4,0,3,9,4,Infra & Cloud,Occasionnel,1,0,4,3,1,1,2,1,3,Non,14.000000000000002,248,0.8,2017.98,2.0,1,4,0,0,0,0,Consultant | N1,0.5,0.2
34,M,7083,Marié(e),Commercial,Cadre Commercial,1,10,10,9,0,3,1,3,Entrepreunariat,Occasionnel,8,6,4,2,3,3,4,3,3,Oui,14.000000000000002,870,0.9,2360.99,3.5,3,4,1,0,0,0,Cadre Commercial | N3,0.273,0.8
31,F,4084,Célibataire,Consulting,Assistant de Direction,1,7,7,2,0,2,3,3,Infra & Cloud,Frequent,7,7,4,3,1,3,1,1,3,Non,12.0,438,0.286,4083.96,2.25,1,4,0,0,0,0,Assistant de Direction | N1,0.25,1.0
50,M,14411,Célibataire,Consulting,Directeur Technique,1,32,32,6,0,2,22,5,Transformation Digitale,Frequent,13,9,3,1,4,4,4,3,3,Oui,13.0,1658,0.187,3602.74,3.5,3,4,2,0,0,0,Directeur Technique | N4,0.061,0.406
34,M,2308,Marié(e),Commercial,Représentant Commercial,0,12,11,10,1,4,7,2,Entrepreunariat,Occasionnel,5,7,2,3,1,3,2,3,4,Oui,25.0,462,0.909,2307.98,2.5,2,3,1,1,0,0,Représentant Commercial | N1,0.333,0.455
42,M,4841,Marié(e),Consulting,Consultant,4,4,1,0,1,3,2,3,Transformation Digitale,Occasionnel,0,0,3,2,1,2,2,3,3,Non,14.000000000000002,595,0.0,4840.95,2.5,2,3,1,0,0,0,Consultant | N1,1.5,0.0
37,M,4285,Marié(e),Consulting,Assistant de Direction,1,10,10,8,0,2,13,3,Transformation Digitale,Occasionnel,3,7,1,3,2,4,1,3,3,Non,17.0,623,0.8,2142.49,2.25,1,4,0,0,0,0,Assistant de Direction | N2,0.182,0.3
29,F,9715,Marié(e),Consulting,Manager,3,9,7,7,1,3,8,1,Autre,Occasionnel,0,7,3,1,2,1,3,3,3,Non,13.0,1118,1.0,4857.48,2.5,1,3,2,0,0,0,Manager | N2,0.375,0.0
33,M,4320,Célibataire,Consulting,Tech Lead,1,5,5,3,0,2,25,3,Infra & Cloud,Occasionnel,0,2,4,2,2,2,4,3,3,Non,13.0,497,0.6,2159.99,3.25,2,4,1,0,0,0,Tech Lead | N2,0.333,0.0
45,M,2132,Marié(e),Consulting,Assistant de Direction,4,8,5,4,1,3,28,3,Entrepreunariat,Occasionnel,0,3,4,3,1,4,4,3,4,Non,20.0,355,0.8,2131.98,3.75,3,4,1,0,0,0,Assistant de Direction | N1,0.5,0.0
42,M,10124,Marié(e),Consulting,Manager,2,24,20,8,1,3,2,3,Infra & Cloud,Frequent,13,9,4,3,3,4,3,1,3,Oui,14.000000000000002,1243,0.4,3374.66,3.0,1,4,0,0,0,0,Manager | N3,0.143,0.65
40,M,5473,Marié(e),Commercial,Cadre Commercial,0,9,8,4,0,5,9,2,Transformation Digitale,Occasionnel,7,1,1,3,2,1,4,4,3,Non,12.0,586,0.5,2736.49,2.5,1,4,0,0,0,0,Cadre Commercial | N2,0.556,0.875
33,M,5207,Marié(e),Consulting,Consultant,1,15,15,14,1,3,28,4,Infra & Cloud,Occasionnel,5,7,2,3,2,3,2,3,3,Oui,12.0,558,0.933,2603.49,2.5,2,3,0,0,0,0,Consultant | N2,0.188,0.333
40,M,16437,Célibataire,Ressources Humaines,Senior Manager,1,21,21,7,0,2,6,2,Transformation Digitale,Occasionnel,7,7,3,3,4,4,4,3,4,Oui,21.0,2853,0.333,4109.24,3.5,3,4,1,0,0,0,Senior Manager | N4,0.091,0.333
24,M,2296,Divorcé(e),Consulting,Consultant,0,2,1,1,3,3,21,2,Entrepreunariat,Occasionnel,0,0,3,2,1,1,2,3,3,Non,14.000000000000002,282,1.0,2295.98,2.25,1,3,1,0,1,0,Consultant | N1,1.5,0.0
40,M,4069,Divorcé(e),Consulting,Manager,3,8,2,2,0,2,8,2,Infra & Cloud,Aucun,2,2,4,3,2,4,3,3,3,Oui,18.0,621,1.0,2034.49,3.5,3,4,0,1,0,0,Manager | N2,0.667,1.0
45,M,7441,Divorcé(e),Consulting,Manager,1,10,10,8,3,4,1,4,Entrepreunariat,Occasionnel,7,7,1,3,3,2,1,3,3,Non,12.0,797,0.8,2480.33,1.75,1,3,0,0,0,0,Manager | N3,0.364,0.7
35,F,2430,Marié(e),Commercial,Représentant Commercial,0,6,5,3,2,5,28,4,Infra & Cloud,Occasionnel,4,2,2,2,1,3,1,3,4,Non,23.0,454,0.6,2429.98,2.25,1,3,2,0,0,0,Représentant Commercial | N1,0.833,0.8
32,F,5878,Marié(e),Consulting,Assistant de Direction,3,12,7,1,1,2,5,2,Infra & Cloud,Occasionnel,2,5,4,2,2,2,1,3,3,Non,12.0,630,0.143,2938.99,2.5,1,4,1,0,0,0,Assistant de Direction | N2,0.25,0.286
36,M,2644,Célibataire,Commercial,Représentant Commercial,3,7,3,2,0,3,2,4,Infra & Cloud,Occasionnel,1,2,3,3,1,4,4,2,4,Oui,21.0,459,0.667,2643.97,3.25,2,4,1,1,0,0,Représentant Commercial | N1,0.75,0.333
48,F,6439,Divorcé(e),Commercial,Cadre Commercial,8,18,8,7,1,2,16,4,Infra & Cloud,Occasionnel,7,7,3,3,2,3,3,3,3,Non,14.000000000000002,791,0.875,3219.48,3.0,3,3,0,0,0,1,Cadre Commercial | N2,0.222,0.875
29,M,2451,Marié(e),Consulting,Assistant de Direction,6,5,1,0,2,2,9,3,Infra & Cloud,Occasionnel,0,0,3,4,1,3,1,2,3,Non,18.0,374,0.0,2450.98,2.25,1,3,-1,0,1,1,Assistant de Direction | N1,1.0,0.0
33,M,6392,Marié(e),Commercial,Cadre Commercial,2,8,2,2,1,6,8,4,Infra & Cloud,Occasionnel,2,2,1,3,2,1,4,1,3,Non,13.0,735,1.0,3195.98,1.75,1,4,0,0,0,0,Cadre Commercial | N2,2.0,1.0
30,M,9714,Marié(e),Commercial,Cadre Commercial,1,10,10,8,1,4,1,3,Infra & Cloud,Occasionnel,6,7,2,2,2,1,4,3,3,Non,11.0,963,0.8,4856.98,2.5,1,4,1,0,0,0,Cadre Commercial | N2,0.364,0.6
38,M,6077,Marié(e),Ressources Humaines,Ressources Humaines,3,10,6,3,0,2,10,4,Ressources Humaines,Frequent,1,2,3,3,2,3,3,3,3,Non,11.0,602,0.5,3038.48,3.0,3,3,0,0,0,0,Ressources Humaines | N2,0.286,0.167
35,M,2450,Célibataire,Consulting,Consultant,1,3,3,0,0,3,1,3,Transformation Digitale,Occasionnel,1,2,4,2,1,1,2,3,3,Non,19.0,391,0.0,2449.98,2.5,1,4,1,0,0,0,Consultant | N1,0.75,0.333
30,M,9250,Marié(e),Commercial,Cadre Commercial,3,9,4,2,1,3,29,4,Entrepreunariat,Occasionnel,1,3,3,3,3,2,2,3,3,Non,12.0,991,0.5,3083.32,2.5,2,3,0,0,0,0,Cadre Commercial | N3,0.6,0.25
35,F,2074,Divorcé(e),Consulting,Consultant,1,1,1,0,1,2,2,3,Infra & Cloud,Occasionnel,0,0,1,3,1,1,4,3,3,Oui,12.0,222,0.0,2073.98,2.25,1,4,0,1,0,0,Consultant | N1,1.0,0.0
53,F,10169,Marié(e),Consulting,Tech Lead,0,34,33,7,1,4,2,5,Entrepreunariat,Occasionnel,1,9,3,2,3,4,2,3,3,Non,16.0,1403,0.212,3389.66,3.0,2,4,1,0,0,0,Tech Lead | N3,0.118,0.03
38,M,4855,Marié(e),Consulting,Tech Lead,4,7,5,2,2,2,2,3,Transformation Digitale,Occasionnel,1,4,3,3,2,2,1,3,3,Non,11.0,481,0.4,2427.49,2.25,1,3,0,0,0,0,Tech Lead | N2,0.333,0.2
32,M,4087,Marié(e),Consulting,Assistant de Direction,4,9,6,5,1,3,1,4,Entrepreunariat,Aucun,1,2,4,3,2,1,2,2,3,Non,14.000000000000002,502,0.833,2043.49,2.25,1,4,0,0,0,0,Assistant de Direction | N2,0.429,0.167
48,F,2367,Marié(e),Consulting,Assistant de Direction,8,10,8,2,1,3,15,4,Autre,Occasionnel,7,6,3,3,1,1,4,2,3,Non,12.0,254,0.25,2366.98,2.5,1,4,0,0,0,1,Assistant de Direction | N1,0.333,0.875
34,M,2972,Célibataire,Consulting,Assistant de Direction,1,1,1,0,0,4,7,4,Transformation Digitale,Occasionnel,0,0,1,3,1,4,3,1,3,Non,13.0,342,0.0,2971.97,2.25,1,4,0,0,0,0,Assistant de Direction | N1,2.0,0.0
55,M,19586,Marié(e),Commercial,Senior Manager,1,36,36,6,1,3,26,5,Marketing,Occasionnel,2,13,3,2,5,4,3,3,4,Non,21.0,3399,0.167,3917.19,3.25,3,4,2,0,0,0,Senior Manager | N5,0.081,0.056
34,M,5484,Marié(e),Consulting,Assistant de Direction,9,9,2,2,1,3,1,4,Infra & Cloud,Occasionnel,2,1,2,3,2,4,2,2,3,Non,17.0,797,1.0,2741.99,2.5,2,4,0,0,0,1,Assistant de Direction | N2,1.0,1.0
26,F,2061,Marié(e),Consulting,Assistant de Direction,1,1,1,0,0,5,3,3,Infra & Cloud,Occasionnel,0,0,1,3,1,4,1,3,4,Non,21.0,358,0.0,2060.98,2.25,1,4,1,0,1,0,Assistant de Direction | N1,2.5,0.0
38,M,9924,Marié(e),Commercial,Cadre Commercial,0,10,9,8,1,3,14,3,Infra & Cloud,Occasionnel,7,7,3,3,2,2,4,3,3,Non,11.0,983,0.889,4961.98,3.0,2,4,0,0,0,0,Cadre Commercial | N2,0.3,0.778
38,F,4198,Célibataire,Commercial,Cadre Commercial,2,8,3,2,0,5,16,3,Infra & Cloud,Occasionnel,1,2,2,3,2,2,2,4,3,Non,12.0,450,0.667,2098.99,2.5,2,4,0,0,0,0,Cadre Commercial | N2,1.25,0.333
36,F,6815,Célibataire,Commercial,Cadre Commercial,6,15,1,0,0,5,1,4,Infra & Cloud,Occasionnel,0,0,2,3,2,3,1,3,3,Non,13.0,784,0.0,3407.48,2.25,1,3,0,0,0,1,Cadre Commercial | N2,2.5,0.0
29,M,4723,Célibataire,Consulting,Consultant,1,10,10,9,0,3,3,1,Transformation Digitale,Occasionnel,1,5,2,3,1,1,4,3,3,Oui,18.0,720,0.9,4722.95,2.5,1,4,0,1,0,0,Consultant | N1,0.273,0.1
35,F,6142,Célibataire,Consulting,Manager,3,10,5,2,0,4,10,4,Transformation Digitale,Occasionnel,0,4,1,3,2,3,3,3,3,Oui,16.0,847,0.4,3070.98,2.5,1,3,0,0,0,0,Manager | N2,0.667,0.0
39,M,8237,Marié(e),Commercial,Cadre Commercial,2,11,7,6,1,3,6,3,Transformation Digitale,Occasionnel,7,6,4,4,3,3,1,3,3,Non,11.0,816,0.857,2745.66,2.75,1,4,-1,0,0,0,Cadre Commercial | N3,0.375,1.0
29,M,8853,Divorcé(e),Consulting,Manager,1,6,6,4,1,0,2,1,Infra & Cloud,Frequent,1,3,1,3,2,4,4,4,3,Non,19.0,1414,0.667,4426.48,3.25,1,4,0,0,0,0,Manager | N2,0.0,0.167
50,M,19331,Marié(e),Commercial,Senior Manager,4,27,1,0,1,2,9,3,Marketing,Occasionnel,0,0,3,3,5,3,3,3,3,Oui,16.0,2666,0.0,3866.19,3.0,3,3,0,0,0,0,Senior Manager | N5,1.0,0.0
23,M,2073,Marié(e),Consulting,Assistant de Direction,2,4,2,2,1,2,10,3,Entrepreunariat,Occasionnel,2,2,4,4,1,3,4,3,3,Non,16.0,286,1.0,2072.98,3.5,3,4,-1,0,1,0,Assistant de Direction | N1,0.667,1.0
36,M,5562,Marié(e),Consulting,Consultant,3,9,3,2,1,3,6,4,Infra & Cloud,Frequent,0,2,1,4,2,1,4,3,3,Oui,13.0,640,0.667,2780.99,2.25,1,4,-1,0,0,0,Consultant | N2,0.75,0.0
42,M,19613,Célibataire,Consulting,Senior Manager,8,24,1,0,0,2,9,2,Autre,Occasionnel,0,1,4,2,5,4,4,3,4,Non,22.0,3537,0.0,3922.59,3.75,3,4,2,0,0,1,Senior Manager | N5,1.0,0.0
35,M,3407,Marié(e),Consulting,Consultant,1,10,10,9,2,3,28,3,Infra & Cloud,Occasionnel,6,8,2,4,2,3,4,2,3,Non,17.0,495,0.9,1703.49,2.75,2,4,-1,0,0,0,Consultant | N2,0.273,0.6
34,M,5063,Marié(e),Consulting,Manager,1,8,8,2,1,3,10,4,Entrepreunariat,Frequent,7,7,4,2,2,3,2,2,3,Non,14.000000000000002,622,0.25,2531.49,2.75,2,4,1,0,0,0,Manager | N2,0.333,0.875
40,F,4639,Marié(e),Commercial,Cadre Commercial,1,5,5,4,1,2,14,2,Infra & Cloud,Occasionnel,1,2,4,3,2,1,3,3,3,Non,15.0,605,0.8,2319.49,2.75,1,4,0,0,0,0,Cadre Commercial | N2,0.333,0.2
43,M,4876,Divorcé(e),Consulting,Consultant,5,8,6,4,1,0,27,3,Entrepreunariat,Occasionnel,0,2,4,4,1,2,3,3,3,Non,12.0,522,0.667,4875.95,3.0,2,4,-1,0,0,1,Consultant | N1,0.0,0.0
35,M,2690,Marié(e),Consulting,Consultant,1,1,1,0,1,5,7,2,Infra & Cloud,Occasionnel,0,1,3,2,1,4,4,2,3,Non,18.0,410,0.0,2689.97,3.25,2,4,1,0,0,0,Consultant | N1,2.5,0.0
46,M,17567,Célibataire,Commercial,Senior Manager,1,27,26,0,0,5,1,4,Infra & Cloud,Occasionnel,0,12,4,4,4,1,2,1,3,Non,15.0,2291,0.0,4391.74,2.0,1,4,-1,0,0,0,Senior Manager | N4,0.185,0.0
28,M,2408,Marié(e),Consulting,Consultant,1,1,1,1,3,3,24,3,Transformation Digitale,Occasionnel,0,0,3,3,1,2,3,3,3,Oui,17.0,350,1.0,2407.98,2.75,2,3,0,1,1,0,Consultant | N1,1.5,0.0
22,F,2814,Marié(e),Consulting,Assistant de Direction,1,4,4,2,0,2,26,2,Autre,Aucun,1,3,2,2,1,3,2,2,3,Oui,14.000000000000002,346,0.5,2813.97,2.25,2,3,1,1,0,0,Assistant de Direction | N1,0.4,0.25
50,M,11245,Marié(e),Consulting,Manager,2,32,30,8,1,3,20,5,Transformation Digitale,Frequent,12,13,2,3,4,3,3,3,3,Oui,15.0,1467,0.267,2811.24,2.75,2,3,0,0,0,0,Manager | N4,0.097,0.4
32,F,3312,Marié(e),Consulting,Assistant de Direction,3,6,3,2,2,3,5,4,Autre,Occasionnel,0,2,2,4,1,4,4,3,3,Non,17.0,481,0.667,3311.97,3.25,2,4,-1,0,0,0,Assistant de Direction | N1,0.75,0.0
44,F,19049,Divorcé(e),Consulting,Directeur Technique,0,23,22,7,1,4,7,3,Transformation Digitale,Occasionnel,1,10,2,3,5,4,4,2,3,Oui,14.000000000000002,2339,0.318,3809.79,3.0,2,4,0,0,0,0,Directeur Technique | N5,0.174,0.045
30,M,2141,Marié(e),Consulting,Assistant de Direction,1,6,6,4,1,3,7,3,Transformation Digitale,Occasionnel,1,1,2,2,1,2,2,2,3,Non,12.0,229,0.667,2140.98,2.0,2,2,1,0,0,0,Assistant de Direction | N1,0.429,0.167
45,F,5769,Célibataire,Consulting,Consultant,1,10,10,7,0,3,5,5,Transformation Digitale,Occasionnel,1,4,3,1,2,1,1,3,3,Oui,14.000000000000002,708,0.7,2884.49,2.0,1,3,2,0,0,0,Consultant | N2,0.273,0.1
45,M,4385,Marié(e),Commercial,Cadre Commercial,1,10,10,7,1,2,26,3,Marketing,Aucun,4,5,1,2,2,1,1,3,3,Non,15.0,572,0.7,2192.49,1.5,1,3,1,0,0,0,Cadre Commercial | N2,0.182,0.4
31,M,5332,Célibataire,Commercial,Cadre Commercial,7,10,5,2,0,3,2,4,Autre,Frequent,0,3,4,3,2,1,4,3,3,Non,13.0,613,0.4,2665.99,3.0,1,4,0,0,0,1,Cadre Commercial | N2,0.5,0.0
36,F,4663,Marié(e),Consulting,Tech Lead,9,7,3,2,2,2,12,4,Infra & Cloud,Occasionnel,1,1,3,3,2,3,2,3,3,Oui,12.0,500,0.667,2331.49,2.75,2,3,0,1,0,1,Tech Lead | N2,0.5,0.333
34,M,4724,Divorcé(e),Consulting,Tech Lead,1,9,9,7,1,3,10,4,Infra & Cloud,Frequent,7,2,3,4,2,4,1,3,3,Non,13.0,543,0.778,2361.99,2.75,1,4,-1,0,0,0,Tech Lead | N2,0.3,0.778
49,F,3211,Marié(e),Consulting,Consultant,1,10,9,6,1,3,25,4,Infra & Cloud,Occasionnel,1,4,3,3,1,1,4,2,3,Non,14.000000000000002,394,0.667,3210.97,2.5,1,4,0,0,0,0,Consultant | N1,0.3,0.111
39,M,5377,Marié(e),Consulting,Tech Lead,2,10,7,7,3,3,10,5,Transformation Digitale,Occasionnel,7,7,2,3,2,1,4,3,3,Non,13.0,619,1.0,2688.49,2.5,1,4,0,0,0,0,Tech Lead | N2,0.375,1.0
27,M,4066,Divorcé(e),Consulting,Consultant,1,7,7,7,2,3,19,3,Autre,Occasionnel,0,7,4,2,1,1,1,3,3,Non,11.0,403,1.0,4065.96,2.25,1,4,1,0,0,0,Consultant | N1,0.375,0.0
35,M,5208,Marié(e),Consulting,Assistant de Direction,1,16,16,15,0,2,18,5,Infra & Cloud,Occasionnel,1,10,2,4,2,1,4,3,3,Non,11.0,516,0.937,2603.99,2.5,1,4,-1,0,0,0,Assistant de Direction | N2,0.118,0.062
28,F,4877,Divorcé(e),Consulting,Tech Lead,0,6,5,3,1,5,27,3,Transformation Digitale,Occasionnel,0,0,2,1,2,1,2,2,4,Non,21.0,846,0.6,2438.49,1.75,1,2,3,0,0,0,Tech Lead | N2,0.833,0.0
21,M,3117,Célibataire,Consulting,Assistant de Direction,1,3,2,2,0,2,5,1,Transformation Digitale,Occasionnel,2,2,3,3,1,4,3,3,3,Non,18.0,475,1.0,3116.97,3.25,3,4,0,0,1,0,Assistant de Direction | N1,0.667,1.0
18,F,1569,Célibataire,Commercial,Représentant Commercial,1,0,0,0,0,2,3,2,Transformation Digitale,Frequent,0,0,2,3,1,4,3,4,3,Oui,12.0,168,0.0,1568.98,3.25,2,4,0,1,1,0,Représentant Commercial | N1,2.0,0.0
47,F,19658,Marié(e),Ressources Humaines,Senior Manager,3,27,5,2,1,2,26,4,Infra & Cloud,Occasionnel,1,0,4,3,5,3,3,3,3,Non,11.0,1948,0.4,3931.59,3.25,3,4,0,0,0,0,Senior Manager | N5,0.333,0.2
39,M,3069,Divorcé(e),Consulting,Consultant,0,11,10,8,1,3,3,2,Transformation Digitale,Occasionnel,0,7,3,2,2,3,4,3,3,Non,15.0,400,0.8,1534.49,3.25,3,4,1,0,0,0,Consultant | N2,0.273,0.0
40,F,10435,Marié(e),Consulting,Tech Lead,1,18,18,15,2,2,15,3,Infra & Cloud,Occasionnel,14,12,1,2,3,3,4,3,3,Non,13.0,1200,0.833,3478.32,2.75,1,4,1,0,0,0,Tech Lead | N3,0.105,0.778
35,F,4148,Marié(e),Consulting,Manager,1,15,14,11,1,5,8,4,Infra & Cloud,Aucun,2,9,3,3,2,3,4,3,3,Non,12.0,444,0.786,2073.99,3.25,3,4,0,0,0,0,Manager | N2,0.333,0.143
37,M,5768,Marié(e),Consulting,Tech Lead,3,9,4,3,3,2,19,3,Infra & Cloud,Occasionnel,0,2,3,3,2,3,1,2,3,Non,17.0,838,0.75,2883.99,2.25,1,3,0,0,0,0,Tech Lead | N2,0.4,0.0
39,F,5042,Célibataire,Consulting,Tech Lead,0,10,9,2,0,2,4,3,Transformation Digitale,Frequent,3,8,1,3,2,3,4,1,3,Non,13.0,580,0.222,2520.99,2.25,1,4,0,0,0,0,Tech Lead | N2,0.2,0.333
45,F,5770,Divorcé(e),Consulting,Tech Lead,1,10,10,7,2,3,2,2,Autre,Occasionnel,3,9,4,2,2,4,1,3,3,Non,19.0,921,0.7,2884.99,3.0,1,4,1,0,0,0,Tech Lead | N2,0.273,0.3
38,F,7756,Marié(e),Consulting,Tech Lead,3,10,5,4,1,6,2,2,Transformation Digitale,Occasionnel,0,2,4,2,3,3,4,4,3,Oui,19.0,1238,0.8,2585.32,3.75,3,4,1,0,0,0,Tech Lead | N3,1.0,0.0
35,M,10306,Marié(e),Commercial,Cadre Commercial,9,15,13,12,0,3,10,3,Transformation Digitale,Occasionnel,6,0,4,2,3,1,3,3,3,Non,17.0,1497,0.923,3435.32,2.75,1,4,1,0,0,1,Cadre Commercial | N3,0.214,0.462
37,F,3936,Marié(e),Consulting,Assistant de Direction,1,8,8,4,1,2,10,3,Transformation Digitale,Occasionnel,7,7,2,3,1,2,1,1,3,Non,11.0,390,0.5,3935.96,1.5,1,2,0,0,0,0,Assistant de Direction | N1,0.222,0.875
40,F,7945,Célibataire,Consulting,Tech Lead,6,18,4,2,0,2,16,3,Infra & Cloud,Occasionnel,3,3,3,3,3,4,4,2,3,Oui,15.0,1036,0.5,2648.32,3.25,2,4,0,0,0,1,Tech Lead | N3,0.4,0.75
44,M,5743,Marié(e),Ressources Humaines,Ressources Humaines,4,14,10,7,0,3,1,5,Ressources Humaines,Frequent,0,2,1,3,2,4,3,3,3,Oui,11.0,569,0.7,2871.49,2.75,1,4,0,0,0,0,Ressources Humaines | N2,0.273,0.0
48,M,15202,Marié(e),Consulting,Senior Manager,2,23,2,2,1,3,4,5,Transformation Digitale,Frequent,2,2,3,2,4,4,2,3,4,Non,25.0,3040,1.0,3800.49,3.0,2,4,2,0,0,0,Senior Manager | N4,1.0,1.0
35,M,5440,Divorcé(e),Commercial,Cadre Commercial,6,7,2,2,2,2,15,2,Transformation Digitale,Occasionnel,2,2,1,1,2,4,4,2,3,Oui,14.000000000000002,668,1.0,2719.99,2.75,1,4,2,0,0,1,Cadre Commercial | N2,0.667,1.0
24,F,3760,Célibataire,Consulting,Assistant de Direction,1,6,6,3,0,2,2,1,Entrepreunariat,Frequent,1,3,1,3,1,4,3,3,3,Oui,13.0,433,0.5,3759.96,2.75,1,4,0,1,0,0,Assistant de Direction | N1,0.286,0.167
27,F,3517,Marié(e),Consulting,Assistant de Direction,7,5,3,2,0,0,8,3,Transformation Digitale,Occasionnel,0,2,2,4,1,3,1,3,3,Non,17.0,511,0.667,3516.96,2.25,1,3,-1,0,0,1,Assistant de Direction | N1,0.0,0.0
27,M,2580,Célibataire,Consulting,Assistant de Direction,2,6,4,2,0,0,2,3,Transformation Digitale,Frequent,1,2,4,3,1,4,3,2,3,Non,13.0,297,0.5,2579.97,3.25,2,4,0,0,0,0,Assistant de Direction | N1,0.0,0.25
40,M,2166,Célibataire,Consulting,Consultant,3,10,4,2,0,3,7,3,Infra & Cloud,Occasionnel,0,3,1,3,1,1,2,1,3,Oui,14.000000000000002,266,0.5,2165.98,1.25,1,2,0,1,0,0,Consultant | N1,0.6,0.0
29,M,5869,Célibataire,Commercial,Cadre Commercial,9,8,5,2,0,2,10,3,Transformation Digitale,Occasionnel,1,4,3,2,2,3,3,3,3,Non,11.0,582,0.4,2934.49,3.0,3,3,1,0,0,1,Cadre Commercial | N2,0.333,0.2
36,F,8008,Marié(e),Consulting,Manager,4,9,3,2,2,6,5,4,Infra & Cloud,Occasionnel,0,2,2,3,3,1,3,3,3,Non,12.0,858,0.667,2669.32,2.25,1,3,0,0,0,0,Manager | N3,1.5,0.0
25,M,5206,Divorcé(e),Consulting,Tech Lead,1,7,7,7,2,6,2,1,Infra & Cloud,Frequent,0,7,4,4,2,3,3,3,3,Non,17.0,756,1.0,2602.99,3.25,3,4,-1,0,0,0,Tech Lead | N2,0.75,0.0
39,M,5295,Marié(e),Consulting,Tech Lead,4,7,5,4,0,3,12,3,Transformation Digitale,Occasionnel,1,0,4,3,2,2,3,3,4,Non,21.0,919,0.8,2647.49,3.0,2,4,1,0,0,0,Tech Lead | N2,0.5,0.2
49,F,16413,Marié(e),Consulting,Directeur Technique,3,27,4,2,2,2,22,4,Autre,Occasionnel,1,2,1,3,4,2,2,3,3,Non,16.0,2264,0.5,4103.24,2.0,1,3,0,0,0,0,Directeur Technique | N4,0.4,0.25
50,F,13269,Divorcé(e),Consulting,Directeur Technique,5,19,14,11,3,3,17,5,Infra & Cloud,Occasionnel,1,11,4,2,3,1,3,3,3,Non,15.0,1731,0.786,4422.99,2.75,1,4,1,0,0,1,Directeur Technique | N3,0.2,0.071
20,F,2783,Célibataire,Commercial,Représentant Commercial,1,2,2,2,0,3,2,3,Transformation Digitale,Occasionnel,2,2,3,3,1,3,1,3,3,Non,19.0,444,1.0,2782.97,2.5,1,3,0,0,1,0,Représentant Commercial | N1,1.0,1.0
34,F,5433,Divorcé(e),Consulting,Assistant de Direction,1,11,11,8,1,2,3,3,Infra & Cloud,Occasionnel,7,9,4,3,2,2,3,3,3,Non,12.0,582,0.727,2716.49,3.0,2,4,0,0,0,0,Assistant de Direction | N2,0.167,0.636
36,M,2013,Célibataire,Consulting,Consultant,2,15,4,3,0,4,7,3,Infra & Cloud,Occasionnel,1,3,1,3,1,2,3,3,3,Non,11.0,199,0.75,2012.98,2.25,1,3,0,0,0,0,Consultant | N1,0.8,0.25
49,F,13966,Marié(e),Consulting,Manager,2,30,15,11,1,3,6,1,Infra & Cloud,Occasionnel,2,12,3,2,4,3,2,3,3,Oui,19.0,2230,0.733,3491.49,2.75,2,3,1,0,0,0,Manager | N4,0.188,0.133
36,F,4374,Marié(e),Consulting,Tech Lead,0,4,3,2,0,6,1,4,Transformation Digitale,Aucun,1,2,4,2,2,3,3,3,3,Non,15.0,571,0.667,2186.99,3.25,3,4,1,0,0,0,Tech Lead | N2,1.5,0.333
36,M,6842,Divorcé(e),Consulting,Manager,6,13,5,4,1,3,3,2,Infra & Cloud,Occasionnel,0,4,4,4,2,1,1,3,4,Non,20.0,1140,0.8,3420.98,2.25,1,4,0,0,0,1,Manager | N2,0.5,0.0
54,F,17426,Marié(e),Consulting,Senior Manager,3,36,10,8,1,6,22,5,Transformation Digitale,Occasionnel,4,7,2,3,4,3,3,3,4,Non,25.0,3485,0.8,4356.49,2.75,2,3,1,0,0,0,Senior Manager | N4,0.545,0.4
43,M,17603,Marié(e),Consulting,Directeur Technique,1,14,14,10,1,3,15,2,Infra & Cloud,Occasionnel,6,11,3,2,4,3,1,3,4,Non,24.0,3407,0.714,4400.74,2.5,1,3,2,0,0,0,Directeur Technique | N4,0.2,0.429
35,M,4581,Célibataire,Commercial,Cadre Commercial,3,13,11,9,0,2,12,4,Autre,Frequent,6,7,4,3,2,4,1,4,4,Oui,24.0,887,0.818,2290.49,3.25,1,4,1,1,0,0,Cadre Commercial | N2,0.167,0.545
38,M,4735,Marié(e),Consulting,Assistant de Direction,7,19,13,11,2,4,1,3,Infra & Cloud,Frequent,2,9,4,3,2,4,4,4,3,Non,15.0,618,0.846,2367.49,4.0,4,4,0,0,0,1,Assistant de Direction | N2,0.286,0.154
29,M,4187,Divorcé(e),Commercial,Cadre Commercial,1,10,10,0,1,3,5,3,Transformation Digitale,Occasionnel,0,9,1,2,2,2,2,2,3,Oui,13.0,482,0.0,2093.49,1.75,1,2,1,1,0,0,Cadre Commercial | N2,0.273,0.0
33,M,5505,Divorcé(e),Commercial,Cadre Commercial,1,6,6,2,2,5,2,4,Transformation Digitale,Occasionnel,0,4,4,3,2,4,3,3,3,Non,14.000000000000002,676,0.333,2752.49,3.5,3,4,0,0,0,0,Cadre Commercial | N2,0.714,0.0
32,M,5470,Divorcé(e),Consulting,Assistant de Direction,0,10,9,5,2,4,2,3,Transformation Digitale,Occasionnel,1,6,4,3,2,2,3,2,3,Non,13.0,629,0.556,2734.99,2.75,2,4,0,0,0,0,Assistant de Direction | N2,0.4,0.111
31,F,5476,Marié(e),Commercial,Cadre Commercial,1,10,10,0,2,2,5,4,Infra & Cloud,Occasionnel,0,2,1,3,2,4,1,3,3,Non,11.0,543,0.0,2737.99,2.25,1,4,0,0,0,0,Cadre Commercial | N2,0.182,0.0
49,F,2587,Divorcé(e),Consulting,Consultant,4,17,2,2,1,2,16,3,Transformation Digitale,Occasionnel,2,2,4,3,1,1,2,2,3,Oui,16.0,357,1.0,2586.97,2.25,1,4,0,1,0,0,Consultant | N1,0.667,1.0
38,F,2440,Célibataire,Consulting,Consultant,1,4,4,3,0,3,2,3,Transformation Digitale,Frequent,3,3,4,2,1,2,2,3,4,Non,22.0,440,0.75,2439.98,2.75,2,4,2,0,0,0,Consultant | N1,0.6,0.75
47,F,15972,Divorcé(e),Commercial,Senior Manager,6,29,3,2,3,2,2,4,Infra & Cloud,Occasionnel,1,2,2,4,4,2,3,3,3,Non,14.000000000000002,1961,0.667,3992.99,2.5,2,3,-1,0,0,1,Senior Manager | N4,0.5,0.333
49,M,15379,Célibataire,Consulting,Senior Manager,4,23,8,7,0,2,1,3,Infra & Cloud,Occasionnel,0,0,3,3,4,3,1,3,3,Non,14.000000000000002,1889,0.875,3844.74,2.5,1,3,0,0,0,0,Senior Manager | N4,0.222,0.0
41,M,7082,Célibataire,Commercial,Cadre Commercial,3,21,2,0,0,2,23,2,Infra & Cloud,Occasionnel,0,2,4,3,3,3,4,3,3,Oui,16.0,977,0.0,2360.66,3.5,3,4,0,0,0,0,Cadre Commercial | N3,0.667,0.0
20,M,2728,Célibataire,Commercial,Représentant Commercial,1,2,2,2,0,3,9,1,Infra & Cloud,Occasionnel,0,2,4,3,1,1,1,3,3,Non,11.0,270,1.0,2727.97,2.25,1,4,0,0,1,0,Représentant Commercial | N1,1.0,0.0
33,F,5368,Divorcé(e),Commercial,Cadre Commercial,1,7,6,5,1,2,16,3,Infra & Cloud,Aucun,1,2,3,3,2,4,3,3,4,Oui,25.0,1074,0.833,2683.99,3.25,3,4,1,0,0,0,Cadre Commercial | N2,0.286,0.167
36,M,5347,Marié(e),Consulting,Manager,6,10,3,2,2,2,26,4,Infra & Cloud,Occasionnel,0,2,1,3,2,3,2,2,3,Non,14.000000000000002,657,0.667,2673.49,2.0,1,3,0,0,0,1,Manager | N2,0.5,0.0
44,F,3195,Divorcé(e),Ressources Humaines,Ressources Humaines,4,8,2,2,3,2,1,3,Infra & Cloud,Occasionnel,2,2,3,3,1,4,1,3,3,Oui,18.0,487,1.0,3194.97,2.75,1,4,0,1,0,0,Ressources Humaines | N1,0.667,1.0
23,M,3989,Célibataire,Consulting,Consultant,1,5,5,4,0,2,8,1,Transformation Digitale,Occasionnel,1,2,4,2,1,3,1,3,3,Oui,11.0,395,0.8,3988.96,2.75,1,4,1,1,0,0,Consultant | N1,0.333,0.2
38,F,3306,Marié(e),Consulting,Consultant,7,7,0,0,1,5,4,2,Transformation Digitale,Occasionnel,0,0,4,3,1,3,4,2,3,Non,19.0,528,0.0,3305.97,3.25,2,4,0,0,0,1,Consultant | N1,5.0,0.0
53,M,7005,Marié(e),Consulting,Manager,3,11,4,3,0,2,24,4,Transformation Digitale,Occasionnel,1,2,2,4,3,4,3,3,3,Non,15.0,914,0.75,2334.99,3.0,2,4,-1,0,0,0,Manager | N3,0.4,0.25
48,F,2655,Marié(e),Commercial,Représentant Commercial,2,19,9,7,2,3,7,2,Transformation Digitale,Frequent,7,7,4,3,1,3,3,3,3,Oui,11.0,263,0.778,2654.97,3.25,3,4,0,1,0,0,Représentant Commercial | N1,0.3,0.778
32,M,1393,Célibataire,Consulting,Consultant,1,1,1,0,0,2,2,4,Infra & Cloud,Occasionnel,0,0,4,3,1,2,1,3,3,Non,12.0,149,0.0,1392.99,2.5,1,4,0,0,0,0,Consultant | N1,1.0,0.0
26,M,2570,Célibataire,Consulting,Consultant,1,7,7,7,0,5,7,3,Transformation Digitale,Aucun,5,7,4,3,1,4,3,3,4,Non,20.0,428,1.0,2569.97,3.5,3,4,1,0,0,0,Consultant | N1,0.625,0.714
55,M,3537,Divorcé(e),Consulting,Assistant de Direction,5,8,4,2,1,1,22,3,Entrepreunariat,Occasionnel,1,2,1,2,1,2,4,3,3,Non,12.0,379,0.5,3536.96,2.5,1,4,1,0,0,1,Assistant de Direction | N1,0.2,0.25
34,M,3986,Marié(e),Consulting,Consultant,1,15,15,10,1,3,5,2,Transformation Digitale,Occasionnel,4,13,2,2,2,4,3,4,3,Non,14.000000000000002,490,0.667,1992.99,3.25,2,4,1,0,0,0,Consultant | N2,0.188,0.267
60,M,10883,Divorcé(e),Consulting,Manager,3,19,1,0,1,2,1,4,Transformation Digitale,Occasionnel,0,0,3,1,3,4,3,4,4,Non,20.0,1814,0.0,3627.65,3.5,3,4,3,0,0,0,Manager | N3,1.0,0.0
33,M,2028,Marié(e),Consulting,Consultant,1,14,14,11,3,6,21,3,Transformation Digitale,Occasionnel,2,13,2,4,1,2,4,3,3,Non,18.0,309,0.786,2027.98,2.75,2,4,-1,0,0,0,Consultant | N1,0.4,0.143
37,M,9525,Divorcé(e),Commercial,Cadre Commercial,1,6,6,3,2,2,1,4,Transformation Digitale,Frequent,1,3,3,1,2,4,3,2,3,Non,14.000000000000002,1170,0.5,4762.48,3.0,2,4,2,0,0,0,Cadre Commercial | N2,0.286,0.167
34,F,2929,Marié(e),Consulting,Assistant de Direction,1,10,10,9,0,3,19,3,Infra & Cloud,Occasionnel,8,7,2,2,1,4,2,3,3,Non,12.0,314,0.9,2928.97,2.75,2,4,1,0,0,0,Assistant de Direction | N1,0.273,0.8
23,M,2275,Divorcé(e),Commercial,Représentant Commercial,1,3,3,2,1,2,7,3,Infra & Cloud,Occasionnel,0,2,3,3,1,4,2,3,4,Oui,21.0,395,0.667,2274.98,3.0,2,4,1,1,0,0,Représentant Commercial | N1,0.5,0.0
44,F,7879,Marié(e),Consulting,Manager,1,9,8,7,1,2,2,3,Infra & Cloud,Occasionnel,6,7,3,4,3,4,2,3,3,Oui,19.0,1258,0.875,2626.32,3.0,2,4,-1,0,0,0,Manager | N3,0.222,0.75
35,M,4930,Célibataire,Consulting,Assistant de Direction,0,6,5,4,0,2,2,4,Transformation Digitale,Frequent,1,4,1,2,1,4,3,4,3,Oui,14.000000000000002,605,0.8,4929.95,3.0,1,4,1,0,0,0,Assistant de Direction | N1,0.333,0.2
43,M,7847,Marié(e),Commercial,Cadre Commercial,1,10,10,9,1,3,2,3,Transformation Digitale,Occasionnel,8,8,4,3,2,4,1,3,3,Oui,17.0,1140,0.9,3923.48,3.0,1,4,0,0,0,0,Cadre Commercial | N2,0.273,0.8
24,M,4401,Marié(e),Consulting,Assistant de Direction,1,5,5,3,1,1,9,3,Transformation Digitale,Occasionnel,0,4,3,4,1,3,4,3,3,Non,16.0,607,0.6,4400.96,3.25,3,4,-1,0,0,0,Assistant de Direction | N1,0.167,0.0
41,M,9241,Célibataire,Commercial,Cadre Commercial,1,10,10,8,0,3,6,3,Marketing,Occasionnel,8,7,4,3,3,3,2,3,3,Non,12.0,990,0.8,3080.32,3.0,2,4,0,0,0,0,Cadre Commercial | N3,0.273,0.8
29,F,2974,Marié(e),Consulting,Consultant,9,9,5,3,1,2,9,4,Transformation Digitale,Occasionnel,1,2,4,3,1,3,3,3,3,Non,17.0,432,0.6,2973.97,3.25,3,4,0,0,0,1,Consultant | N1,0.333,0.2
36,F,4502,Célibataire,Commercial,Représentant Commercial,3,17,13,7,0,2,2,4,Infra & Cloud,Occasionnel,6,7,3,3,2,4,3,2,3,Non,15.0,587,0.538,2250.99,3.0,2,4,0,0,0,0,Représentant Commercial | N2,0.143,0.462
45,M,10748,Marié(e),Consulting,Manager,3,25,23,15,1,3,1,1,Infra & Cloud,Aucun,14,4,3,2,3,3,4,2,4,Non,23.0,2010,0.652,3582.65,3.0,2,4,2,0,0,0,Manager | N3,0.125,0.609
24,M,1555,Marié(e),Ressources Humaines,Ressources Humaines,1,1,1,0,1,2,22,1,Ressources Humaines,Occasionnel,0,0,4,1,1,3,3,3,3,Non,11.0,154,0.0,1554.98,3.25,3,4,2,0,1,0,Ressources Humaines | N1,1.0,0.0
47,M,12936,Marié(e),Commercial,Cadre Commercial,7,25,23,5,0,3,9,3,Infra & Cloud,Frequent,14,10,3,1,4,3,3,1,3,Non,11.0,1282,0.217,3233.99,2.5,1,3,2,0,0,1,Cadre Commercial | N4,0.125,0.609
26,M,2305,Marié(e),Consulting,Consultant,1,3,3,2,3,3,17,4,Transformation Digitale,Occasionnel,0,2,4,1,1,3,3,4,3,Non,15.0,301,0.667,2304.98,3.5,3,4,2,0,0,0,Consultant | N1,0.75,0.0
45,F,16704,Célibataire,Consulting,Directeur Technique,1,21,21,6,0,2,28,2,Entrepreunariat,Occasionnel,8,6,4,2,4,2,3,3,3,Non,11.0,1655,0.286,4175.99,3.0,2,4,1,0,0,0,Directeur Technique | N4,0.091,0.381
32,M,3433,Marié(e),Consulting,Assistant de Direction,6,10,5,2,1,3,10,3,Infra & Cloud,Frequent,1,3,1,3,1,3,1,2,3,Non,13.0,395,0.4,3432.97,1.75,1,3,0,0,0,1,Assistant de Direction | N1,0.5,0.2
31,M,3477,Marié(e),Consulting,Consultant,1,6,5,2,1,2,2,4,Infra & Cloud,Occasionnel,0,3,2,3,1,3,4,4,3,Non,14.000000000000002,427,0.4,3476.97,3.25,2,4,0,0,0,0,Consultant | N1,0.333,0.0
41,M,6430,Marié(e),Ressources Humaines,Ressources Humaines,6,10,3,2,1,4,4,3,Ressources Humaines,Aucun,1,2,3,1,2,2,2,3,3,Non,19.0,1027,0.667,3214.98,2.5,2,3,2,0,0,1,Ressources Humaines | N2,1.0,0.333
40,F,6516,Marié(e),Consulting,Tech Lead,2,18,1,0,1,3,8,2,Infra & Cloud,Occasionnel,0,0,2,3,2,1,2,3,3,Oui,16.0,899,0.0,3257.98,2.0,1,3,0,0,0,0,Tech Lead | N2,1.5,0.0
24,M,3907,Divorcé(e),Consulting,Consultant,1,6,6,2,3,2,29,1,Transformation Digitale,Occasionnel,1,2,2,3,1,1,2,4,3,Non,13.0,449,0.333,3906.96,2.25,1,4,0,0,0,0,Consultant | N1,0.286,0.167
46,M,5562,Célibataire,Consulting,Manager,6,19,10,7,0,3,13,4,Infra & Cloud,Occasionnel,0,9,3,3,2,2,4,3,3,Non,14.000000000000002,683,0.7,2780.99,3.0,2,4,0,0,0,1,Manager | N2,0.273,0.0
35,M,6883,Marié(e),Consulting,Tech Lead,2,17,7,7,1,3,27,4,Infra & Cloud,Occasionnel,0,7,4,3,2,3,2,3,3,Non,16.0,949,1.0,3441.48,3.0,2,4,0,0,0,0,Tech Lead | N2,0.375,0.0
30,M,2862,Marié(e),Consulting,Assistant de Direction,1,10,10,0,1,2,16,1,Infra & Cloud,Occasionnel,0,8,2,3,1,4,2,2,3,Non,12.0,307,0.0,2861.97,2.5,2,4,0,0,0,0,Assistant de Direction | N1,0.182,0.0
47,M,4978,Marié(e),Commercial,Cadre Commercial,7,4,1,0,1,3,2,4,Marketing,Aucun,0,0,3,3,2,2,4,1,3,Non,11.0,493,0.0,2488.99,2.5,1,4,0,0,0,1,Cadre Commercial | N2,1.5,0.0
46,M,10368,Divorcé(e),Commercial,Cadre Commercial,4,13,10,6,1,5,2,3,Infra & Cloud,Occasionnel,0,3,3,3,3,4,2,2,3,Oui,12.0,1111,0.6,3455.99,2.75,2,4,0,0,0,0,Cadre Commercial | N3,0.455,0.0
36,M,6134,Divorcé(e),Commercial,Cadre Commercial,5,16,2,2,3,3,13,5,Marketing,Occasionnel,2,2,2,2,2,1,2,3,3,Oui,13.0,706,1.0,3066.98,2.0,1,3,1,0,0,1,Cadre Commercial | N2,1.0,1.0
32,M,6735,Célibataire,Commercial,Cadre Commercial,6,10,0,0,0,2,1,2,Infra & Cloud,Occasionnel,0,0,1,1,2,2,2,3,3,Non,15.0,878,0.0,3367.48,2.0,1,3,2,0,0,1,Cadre Commercial | N2,2.0,0.0
23,F,3295,Célibataire,Consulting,Consultant,1,3,3,2,0,3,4,1,Transformation Digitale,Occasionnel,1,2,3,3,1,2,3,1,3,Non,13.0,379,0.667,3294.97,2.25,1,3,0,0,0,0,Consultant | N1,0.75,0.333
31,F,5238,Célibataire,Consulting,Tech Lead,2,9,5,4,0,3,24,1,Entrepreunariat,Frequent,1,4,4,3,2,4,4,2,4,Non,20.0,873,0.8,2618.99,3.5,2,4,1,0,0,0,Tech Lead | N2,0.5,0.2
39,M,6472,Marié(e),Consulting,Consultant,1,9,9,8,1,2,1,3,Infra & Cloud,Aucun,5,8,4,3,2,4,4,3,3,Oui,15.0,844,0.889,3235.98,3.75,3,4,0,0,0,0,Consultant | N2,0.2,0.556
32,M,9610,Marié(e),Commercial,Cadre Commercial,3,10,4,3,1,2,19,3,Infra & Cloud,Occasionnel,0,2,4,1,3,3,3,1,3,Non,13.0,1106,0.75,3203.32,2.75,1,4,2,0,0,0,Cadre Commercial | N3,0.4,0.0
40,M,19833,Célibataire,Commercial,Senior Manager,1,21,21,8,0,3,7,4,Transformation Digitale,Occasionnel,12,8,2,3,5,2,2,2,3,Non,14.000000000000002,2436,0.381,3966.59,2.0,2,2,0,0,0,0,Senior Manager | N5,0.136,0.571
45,F,9756,Marié(e),Ressources Humaines,Ressources Humaines,4,9,5,0,2,2,4,3,Infra & Cloud,Occasionnel,0,3,3,1,3,3,3,4,4,Non,21.0,1693,0.0,3251.99,3.25,3,4,3,0,0,0,Ressources Humaines | N3,0.333,0.0
30,F,4968,Célibataire,Consulting,Assistant de Direction,0,10,9,7,0,2,2,4,Entrepreunariat,Frequent,0,7,4,2,1,1,4,3,3,Non,16.0,685,0.778,4967.95,3.0,1,4,1,0,0,0,Assistant de Direction | N1,0.2,0.0
24,M,2145,Marié(e),Ressources Humaines,Ressources Humaines,0,3,2,2,1,2,10,3,Transformation Digitale,Frequent,2,1,1,3,1,4,4,3,3,Non,14.000000000000002,263,1.0,2144.98,3.0,1,4,0,0,1,0,Ressources Humaines | N1,0.667,1.0
30,F,2180,Divorcé(e),Ressources Humaines,Ressources Humaines,6,6,4,2,1,0,8,3,Ressources Humaines,Frequent,1,2,3,2,1,4,3,2,3,Non,11.0,216,0.5,2179.98,3.0,2,4,1,0,0,1,Ressources Humaines | N1,0.0,0.25
31,M,8346,Marié(e),Commercial,Cadre Commercial,1,6,5,2,1,3,5,3,Entrepreunariat,Occasionnel,0,2,1,3,2,3,3,3,3,Non,19.0,1333,0.4,4172.98,2.5,1,3,0,0,0,0,Cadre Commercial | N2,0.5,0.0
27,F,3445,Célibataire,Consulting,Assistant de Direction,1,6,6,2,0,5,8,3,Transformation Digitale,Occasionnel,1,4,3,3,1,4,3,2,3,Non,11.0,341,0.333,3444.97,3.0,2,4,0,0,0,0,Assistant de Direction | N1,0.714,0.167
29,F,2760,Célibataire,Commercial,Représentant Commercial,1,2,2,2,0,3,9,3,Marketing,Occasionnel,2,2,2,1,1,2,3,3,3,Non,13.0,318,1.0,2759.97,2.5,2,3,2,0,1,0,Représentant Commercial | N1,1.0,1.0
29,M,6294,Célibataire,Consulting,Manager,8,10,3,2,0,5,1,3,Infra & Cloud,Frequent,0,2,4,4,2,3,4,4,3,Oui,12.0,674,0.667,3146.98,3.75,3,4,-1,0,0,1,Manager | N2,1.25,0.0
30,M,7140,Divorcé(e),Commercial,Cadre Commercial,2,12,7,7,1,2,15,2,Marketing,Occasionnel,1,7,3,2,3,1,1,3,3,Non,11.0,708,1.0,2379.99,2.0,1,3,1,0,0,0,Cadre Commercial | N3,0.25,0.143
34,M,2932,Marié(e),Consulting,Assistant de Direction,0,6,5,0,3,3,2,4,Transformation Digitale,Occasionnel,1,2,4,4,1,4,1,3,3,Oui,14.000000000000002,360,0.0,2931.97,3.0,1,4,-1,1,0,0,Assistant de Direction | N1,0.5,0.2
33,F,5147,Célibataire,Commercial,Cadre Commercial,8,13,11,7,0,2,2,3,Marketing,Aucun,1,7,4,3,2,2,4,2,3,Non,15.0,671,0.636,2573.49,3.0,2,4,0,0,0,1,Cadre Commercial | N2,0.167,0.091
49,F,4507,Célibataire,Commercial,Cadre Commercial,3,8,5,1,0,1,11,4,Marketing,Occasionnel,0,4,4,3,2,4,3,4,3,Non,12.0,483,0.2,2253.49,3.75,3,4,0,0,0,0,Cadre Commercial | N2,0.167,0.0
33,F,8564,Célibataire,Commercial,Cadre Commercial,2,11,0,0,0,2,16,3,Infra & Cloud,Occasionnel,0,0,1,3,3,1,3,2,4,Oui,20.0,1427,0.0,2854.66,1.75,1,3,1,0,0,0,Cadre Commercial | N3,2.0,0.0
38,F,2468,Marié(e),Consulting,Consultant,4,9,6,1,1,4,2,2,Transformation Digitale,Frequent,0,5,3,2,1,2,2,2,3,Non,14.000000000000002,303,0.167,2467.98,2.25,2,3,1,0,0,0,Consultant | N1,0.571,0.0
31,M,8161,Marié(e),Commercial,Cadre Commercial,2,10,1,0,3,2,16,4,Marketing,Occasionnel,0,0,1,3,3,3,1,3,3,Non,13.0,939,0.0,2720.32,2.0,1,3,0,0,0,0,Cadre Commercial | N3,1.0,0.0
29,F,2109,Divorcé(e),Consulting,Assistant de Direction,1,1,1,0,1,2,4,3,Entrepreunariat,Occasionnel,0,0,4,2,1,1,3,3,3,Non,13.0,243,0.0,2108.98,2.75,1,4,1,0,1,0,Assistant de Direction | N1,1.0,0.0
30,M,5294,Marié(e),Consulting,Manager,3,10,7,0,1,3,16,3,Infra & Cloud,Occasionnel,1,7,3,4,2,3,3,3,3,Non,16.0,730,0.0,2646.99,3.0,3,3,-1,0,0,0,Manager | N2,0.375,0.143
32,M,2718,Célibataire,Consulting,Assistant de Direction,2,12,7,7,0,3,5,4,Entrepreunariat,Aucun,0,7,2,3,1,2,2,3,3,Non,14.000000000000002,334,1.0,2717.97,2.25,2,3,0,0,0,0,Assistant de Direction | N1,0.375,0.0
38,M,5811,Marié(e),Consulting,Manager,3,15,1,0,1,2,18,3,Transformation Digitale,Occasionnel,1,0,2,1,2,4,3,3,3,Oui,16.0,802,0.0,2905.49,3.0,2,4,2,0,0,0,Manager | N2,1.0,1.0
43,M,2437,Marié(e),Consulting,Assistant de Direction,9,6,1,0,1,4,17,3,Entrepreunariat,Frequent,0,0,3,2,1,3,4,3,3,Oui,16.0,336,0.0,2436.98,3.25,3,4,1,1,0,1,Assistant de Direction | N1,2.0,0.0
42,M,2766,Divorcé(e),Consulting,Consultant,8,7,5,3,3,6,12,3,Transformation Digitale,Occasionnel,0,4,2,3,1,2,2,2,4,Non,22.0,499,0.6,2765.97,2.0,2,2,1,0,0,1,Consultant | N1,1.0,0.0
55,M,19038,Marié(e),Consulting,Directeur Technique,8,34,1,0,3,2,2,3,Transformation Digitale,Occasionnel,0,0,3,2,5,1,2,3,3,Non,12.0,2040,0.0,3807.59,2.25,1,3,1,0,0,1,Directeur Technique | N5,1.0,0.0
33,M,3055,Divorcé(e),Consulting,Assistant de Direction,5,11,9,8,2,2,4,3,Entrepreunariat,Aucun,1,7,4,3,2,2,4,2,3,Non,15.0,398,0.889,1527.49,3.0,2,4,0,0,0,1,Assistant de Direction | N2,0.2,0.111
41,M,2289,Divorcé(e),Consulting,Consultant,1,5,5,3,2,2,9,4,Infra & Cloud,Occasionnel,0,4,3,3,1,1,2,3,4,Non,20.0,382,0.6,2288.98,2.25,1,3,1,0,0,0,Consultant | N1,0.333,0.0
34,M,4001,Divorcé(e),Commercial,Cadre Commercial,1,15,15,14,1,3,10,3,Infra & Cloud,Aucun,0,7,4,3,2,3,3,3,3,Oui,14.000000000000002,491,0.933,2000.49,3.25,3,4,0,1,0,0,Cadre Commercial | N2,0.188,0.0
53,F,12965,Marié(e),Consulting,Tech Lead,4,27,3,2,3,2,1,4,Transformation Digitale,Aucun,0,2,1,2,4,3,4,2,4,Oui,20.0,2161,0.667,3241.24,2.5,1,4,2,0,0,0,Tech Lead | N4,0.5,0.0
43,M,3539,Célibataire,Ressources Humaines,Ressources Humaines,0,10,9,7,0,5,2,3,Infra & Cloud,Occasionnel,1,8,2,3,1,4,2,3,3,Non,13.0,407,0.778,3538.96,2.75,2,4,0,0,0,0,Ressources Humaines | N1,0.5,0.111
34,F,6029,Célibataire,Commercial,Cadre Commercial,5,6,2,2,0,3,3,2,Infra & Cloud,Occasionnel,2,2,4,1,2,4,1,3,3,Non,12.0,646,1.0,3014.48,3.0,1,4,2,0,0,1,Cadre Commercial | N2,1.0,1.0
21,M,2679,Célibataire,Commercial,Représentant Commercial,1,1,1,0,0,3,7,1,Marketing,Occasionnel,1,0,2,3,1,2,2,3,3,Non,13.0,308,0.0,2678.97,2.25,2,3,0,0,1,0,Représentant Commercial | N1,1.5,1.0
38,F,3702,Marié(e),Consulting,Consultant,1,5,5,4,1,3,6,2,Autre,Occasionnel,0,4,4,2,1,3,2,3,3,Non,11.0,367,0.8,3701.96,3.0,2,4,1,0,0,0,Consultant | N1,0.5,0.0
22,F,2398,Marié(e),Consulting,Consultant,1,1,1,0,0,6,8,1,Transformation Digitale,Occasionnel,0,0,3,3,1,1,3,3,3,Oui,17.0,348,0.0,2397.98,2.5,1,3,0,1,1,0,Consultant | N1,3.0,0.0
31,F,5468,Marié(e),Commercial,Cadre Commercial,1,13,12,7,2,3,29,4,Marketing,Occasionnel,5,7,1,2,2,4,1,3,3,Non,14.000000000000002,672,0.583,2733.99,2.25,1,4,1,0,0,0,Cadre Commercial | N2,0.231,0.417
51,F,13116,Marié(e),Consulting,Senior Manager,2,15,2,2,0,2,3,3,Entrepreunariat,Occasionnel,2,2,1,3,3,3,4,3,3,Non,11.0,1300,1.0,4371.99,2.75,1,4,0,0,0,0,Senior Manager | N3,0.667,1.0
37,M,4189,Marié(e),Commercial,Cadre Commercial,1,5,5,2,2,2,9,2,Marketing,Occasionnel,0,3,2,2,2,2,1,3,3,Non,14.000000000000002,514,0.4,2094.49,2.0,1,3,1,0,0,0,Cadre Commercial | N2,0.333,0.0
46,M,19328,Divorcé(e),Consulting,Directeur Technique,7,24,2,1,1,3,2,4,Transformation Digitale,Occasionnel,2,2,3,3,5,4,3,3,3,Oui,17.0,2808,0.5,3865.59,3.25,3,4,0,0,0,1,Directeur Technique | N5,1.0,1.0
36,M,8321,Marié(e),Consulting,Manager,7,15,12,8,1,1,10,3,Infra & Cloud,Occasionnel,5,7,4,3,3,1,4,3,3,Oui,13.0,957,0.667,2773.66,3.0,1,4,0,0,0,1,Manager | N3,0.077,0.417
44,M,2342,Divorcé(e),Consulting,Assistant de Direction,1,6,5,3,3,2,1,2,Transformation Digitale,Frequent,2,3,3,3,1,2,3,2,3,Oui,12.0,251,0.6,2341.98,2.5,2,3,0,1,0,0,Assistant de Direction | N1,0.333,0.4
37,M,4071,Divorcé(e),Ressources Humaines,Ressources Humaines,2,19,10,0,0,4,8,2,Autre,Occasionnel,4,7,3,3,2,2,3,2,3,Non,13.0,468,0.0,2035.49,2.5,2,3,0,0,0,0,Ressources Humaines | N2,0.364,0.4
35,M,5813,Célibataire,Commercial,Cadre Commercial,1,10,10,7,0,2,27,3,Infra & Cloud,Occasionnel,7,7,3,3,2,4,4,3,3,Oui,18.0,887,0.7,2906.49,3.5,3,4,0,0,0,0,Cadre Commercial | N2,0.182,0.7
33,M,3143,Marié(e),Consulting,Assistant de Direction,6,14,10,8,1,1,8,4,Infra & Cloud,Occasionnel,7,6,4,4,1,1,2,3,3,Non,19.0,502,0.8,3142.97,2.5,1,4,-1,0,0,1,Assistant de Direction | N1,0.091,0.7
28,M,2044,Marié(e),Consulting,Assistant de Direction,1,5,5,3,1,6,1,3,Infra & Cloud,Occasionnel,0,3,3,3,1,4,3,4,3,Non,11.0,203,0.6,2043.98,3.5,3,4,0,0,0,0,Assistant de Direction | N1,1.0,0.0
39,M,13464,Célibataire,Consulting,Directeur Technique,7,9,4,3,0,3,10,1,Transformation Digitale,Occasionnel,2,2,3,3,3,3,3,3,4,Non,21.0,2337,0.75,4487.99,3.0,3,3,1,0,0,1,Directeur Technique | N3,0.6,0.5
46,M,7991,Célibataire,Commercial,Cadre Commercial,8,6,2,2,0,3,26,2,Infra & Cloud,Aucun,2,2,2,2,2,2,3,3,3,Non,15.0,1042,1.0,3995.48,2.5,2,3,1,0,0,1,Cadre Commercial | N2,1.0,1.0
40,F,3377,Marié(e),Consulting,Consultant,4,7,4,3,1,5,2,2,Infra & Cloud,Occasionnel,0,2,3,3,1,1,4,2,3,Non,17.0,491,0.75,3376.97,2.5,1,4,0,0,0,0,Consultant | N1,1.0,0.0
42,M,5538,Marié(e),Consulting,Manager,5,10,0,0,2,2,13,3,Transformation Digitale,Occasionnel,0,0,2,4,2,1,3,2,3,Non,18.0,845,0.0,2768.99,2.0,1,3,-1,0,0,1,Manager | N2,2.0,0.0
35,M,5762,Divorcé(e),Consulting,Tech Lead,2,15,7,7,1,6,2,2,Transformation Digitale,Aucun,1,7,2,3,2,4,3,3,3,Non,14.000000000000002,708,1.0,2880.99,3.0,2,4,0,0,0,0,Tech Lead | N2,0.75,0.143
38,M,2592,Divorcé(e),Ressources Humaines,Ressources Humaines,5,13,11,10,3,3,2,3,Ressources Humaines,Aucun,3,8,1,3,1,2,4,3,3,Non,13.0,298,0.909,2591.97,2.5,1,4,0,0,0,1,Ressources Humaines | N1,0.25,0.273
34,M,5346,Marié(e),Consulting,Consultant,4,11,7,1,1,3,9,4,Infra & Cloud,Frequent,0,7,4,3,2,1,3,2,3,Non,17.0,777,0.143,2672.99,2.5,1,4,0,0,0,0,Consultant | N2,0.375,0.0
37,M,4213,Célibataire,Consulting,Tech Lead,1,10,10,3,0,4,10,4,Transformation Digitale,Occasionnel,0,8,4,3,2,1,2,1,3,Non,15.0,550,0.3,2106.49,2.0,1,4,0,0,0,0,Tech Lead | N2,0.364,0.0
39,M,4127,Divorcé(e),Commercial,Cadre Commercial,2,7,2,1,1,6,20,3,Infra & Cloud,Frequent,2,2,3,3,2,4,4,3,3,Non,18.0,630,0.5,2063.49,3.5,3,4,0,0,0,0,Cadre Commercial | N2,2.0,1.0
43,M,2438,Célibataire,Consulting,Assistant de Direction,4,7,3,2,0,2,9,3,Infra & Cloud,Aucun,1,2,1,3,1,3,3,2,3,Non,13.0,280,0.667,2437.98,2.25,1,3,0,0,0,0,Assistant de Direction | N1,0.5,0.333
41,M,6870,Célibataire,Consulting,Manager,3,11,3,2,0,3,5,3,Infra & Cloud,Occasionnel,1,2,2,4,2,2,1,1,3,Non,12.0,736,0.667,3434.98,1.5,1,2,-1,0,0,0,Manager | N2,0.75,0.333
41,F,10447,Divorcé(e),Commercial,Cadre Commercial,0,23,22,14,1,3,4,1,Marketing,Occasionnel,13,5,3,3,3,3,4,4,3,Oui,13.0,1202,0.636,3482.32,3.5,3,4,0,0,0,0,Cadre Commercial | N3,0.13,0.591
30,F,9667,Célibataire,Consulting,Tech Lead,9,9,7,7,0,3,10,3,Transformation Digitale,Occasionnel,0,2,1,3,3,3,2,3,3,Non,14.000000000000002,1187,1.0,3222.32,2.25,1,3,0,0,0,1,Tech Lead | N3,0.375,0.0
26,F,2148,Marié(e),Ressources Humaines,Ressources Humaines,0,6,5,1,0,3,20,2,Transformation Digitale,Occasionnel,1,4,4,3,1,2,3,3,3,Oui,11.0,213,0.2,2147.98,3.0,2,4,0,1,0,0,Ressources Humaines | N1,0.5,0.2
46,F,8926,Marié(e),Consulting,Manager,4,13,9,7,1,2,21,2,Transformation Digitale,Occasionnel,3,7,4,3,2,2,4,4,4,Non,22.0,1610,0.778,4462.98,3.5,2,4,1,0,0,0,Manager | N2,0.2,0.333
40,F,6513,Divorcé(e),Consulting,Manager,4,12,5,3,1,3,1,3,Infra & Cloud,Occasionnel,0,3,3,3,2,4,4,3,3,Non,17.0,946,0.6,3256.48,3.5,3,4,0,0,0,0,Manager | N2,0.5,0.0
34,M,6799,Marié(e),Commercial,Cadre Commercial,1,10,10,8,2,5,8,2,Entrepreunariat,Occasionnel,4,8,2,4,2,3,3,3,4,Non,21.0,1180,0.8,3399.48,2.75,2,3,0,0,0,0,Cadre Commercial | N2,0.455,0.4
58,M,16291,Divorcé(e),Commercial,Senior Manager,4,37,16,9,1,0,2,3,Transformation Digitale,Aucun,14,14,2,3,4,2,4,2,4,Non,22.0,2938,0.562,4072.74,2.5,2,4,1,0,0,0,Senior Manager | N4,0.0,0.875
35,M,2705,Marié(e),Consulting,Consultant,0,6,5,4,1,2,23,4,Transformation Digitale,Occasionnel,0,3,2,1,1,3,2,4,3,Non,16.0,373,0.8,2704.97,2.75,2,4,2,0,0,0,Consultant | N1,0.333,0.0
47,F,10333,Divorcé(e),Consulting,Tech Lead,8,28,22,11,1,4,4,3,Infra & Cloud,Occasionnel,14,10,3,2,3,2,3,3,3,Oui,12.0,1107,0.5,3444.32,2.75,2,3,1,0,0,1,Tech Lead | N3,0.174,0.636
40,F,4448,Divorcé(e),Consulting,Manager,2,15,7,4,1,3,12,3,Infra & Cloud,Occasionnel,7,7,2,3,2,1,2,3,3,Non,12.0,477,0.571,2223.99,2.0,1,3,0,0,0,0,Manager | N2,0.375,1.0
54,F,6854,Marié(e),Consulting,Assistant de Direction,4,14,7,1,1,2,7,4,Transformation Digitale,Occasionnel,1,7,4,3,2,4,2,2,3,Non,15.0,894,0.143,3426.98,3.0,2,4,0,0,0,0,Assistant de Direction | N2,0.25,0.143
31,F,9637,Marié(e),Commercial,Cadre Commercial,2,9,3,2,2,3,7,4,Marketing,Frequent,2,2,1,3,3,1,4,3,3,Non,14.000000000000002,1183,0.667,3212.32,2.25,1,4,0,0,0,0,Cadre Commercial | N3,0.75,0.667
28,F,3591,Marié(e),Consulting,Assistant de Direction,1,3,3,2,1,3,1,3,Transformation Digitale,Occasionnel,1,2,3,3,1,1,3,3,4,Non,25.0,718,0.667,3590.96,2.5,1,3,1,0,0,0,Assistant de Direction | N1,0.75,0.333
38,F,5405,Marié(e),Commercial,Représentant Commercial,2,20,4,2,2,4,2,4,Marketing,Occasionnel,0,3,2,1,2,4,1,2,4,Oui,20.0,901,0.5,2702.49,2.25,1,4,3,0,0,0,Représentant Commercial | N2,0.8,0.0
26,M,4684,Célibataire,Commercial,Cadre Commercial,1,5,5,3,0,4,10,3,Transformation Digitale,Occasionnel,1,2,3,3,2,4,1,3,3,Non,13.0,539,0.6,2341.99,2.75,1,4,0,0,0,0,Cadre Commercial | N2,0.667,0.2
58,M,15787,Marié(e),Consulting,Directeur Technique,2,23,2,2,0,3,15,4,Infra & Cloud,Frequent,2,2,1,3,4,3,2,3,3,Oui,14.000000000000002,1939,1.0,3946.74,2.25,1,3,0,0,0,0,Directeur Technique | N4,1.0,1.0
18,F,1514,Célibataire,Consulting,Assistant de Direction,1,0,0,0,0,4,14,3,Transformation Digitale,Aucun,0,0,2,3,1,3,3,1,3,Non,16.0,209,0.0,1513.98,2.25,1,3,0,0,1,0,Assistant de Direction | N1,4.0,0.0
31,M,2956,Marié(e),Ressources Humaines,Ressources Humaines,0,2,1,0,0,4,18,5,Ressources Humaines,Occasionnel,0,0,4,4,1,1,3,3,3,Non,17.0,430,0.0,2955.97,2.75,1,4,-1,0,0,0,Ressources Humaines | N1,2.0,0.0
29,M,2335,Divorcé(e),Ressources Humaines,Ressources Humaines,4,4,2,2,3,3,13,3,Ressources Humaines,Occasionnel,2,0,1,2,1,1,4,3,3,Oui,15.0,305,1.0,2334.98,2.25,1,4,1,1,1,0,Ressources Humaines | N1,1.0,1.0
45,F,5154,Marié(e),Commercial,Cadre Commercial,4,10,8,7,2,3,2,4,Infra & Cloud,Aucun,5,7,3,3,2,3,2,4,4,Non,22.0,929,0.875,2576.99,3.0,2,4,1,0,0,0,Cadre Commercial | N2,0.333,0.625
36,F,6962,Marié(e),Consulting,Assistant de Direction,4,15,1,0,1,2,2,4,Autre,Occasionnel,0,0,4,3,2,2,4,3,4,Oui,22.0,1255,0.0,3480.98,3.25,2,4,1,0,0,0,Assistant de Direction | N2,1.0,0.0
43,M,5675,Marié(e),Commercial,Cadre Commercial,1,7,7,7,1,5,2,4,Infra & Cloud,Frequent,7,7,1,3,2,4,3,3,4,Non,20.0,946,1.0,2837.49,2.75,1,4,1,0,0,0,Cadre Commercial | N2,0.625,1.0
27,F,2379,Célibataire,Consulting,Consultant,0,6,5,4,0,3,5,2,Infra & Cloud,Frequent,0,2,4,3,1,4,3,2,3,Oui,14.000000000000002,292,0.8,2378.98,3.25,2,4,0,1,0,0,Consultant | N1,0.5,0.0
29,M,3812,Marié(e),Consulting,Consultant,1,11,11,8,0,3,20,1,Transformation Digitale,Frequent,3,10,4,3,1,4,2,4,3,Non,13.0,439,0.727,3811.96,3.5,2,4,0,0,0,0,Consultant | N1,0.25,0.273
32,M,4648,Célibataire,Commercial,Cadre Commercial,8,4,0,0,0,2,10,4,Marketing,Frequent,0,0,4,3,2,4,3,4,3,Non,13.0,535,0.0,2323.99,3.75,3,4,0,0,0,1,Cadre Commercial | N2,2.0,0.0
42,M,2936,Marié(e),Consulting,Assistant de Direction,3,10,6,3,2,1,10,4,Entrepreunariat,Aucun,3,3,3,3,1,3,2,2,4,Non,22.0,529,0.5,2935.97,2.5,2,3,1,0,0,0,Assistant de Direction | N1,0.143,0.5
47,F,2105,Célibataire,Consulting,Consultant,4,7,2,2,0,2,9,4,Infra & Cloud,Occasionnel,2,0,2,3,1,3,3,3,3,Non,12.0,226,1.0,2104.98,2.75,2,3,0,0,0,0,Consultant | N1,0.667,1.0
46,M,8578,Divorcé(e),Consulting,Tech Lead,3,12,9,8,1,4,2,2,Infra & Cloud,Occasionnel,4,7,4,3,3,4,3,2,3,Non,14.000000000000002,1053,0.889,2859.32,3.25,2,4,0,0,0,0,Tech Lead | N3,0.4,0.444
28,M,2706,Divorcé(e),Ressources Humaines,Ressources Humaines,1,3,3,2,1,2,1,2,Infra & Cloud,Aucun,2,2,3,3,1,4,2,3,3,Non,15.0,353,0.667,2705.97,3.0,2,4,0,0,0,0,Ressources Humaines | N1,0.5,0.667
29,M,6384,Divorcé(e),Consulting,Manager,8,11,7,0,2,3,29,1,Infra & Cloud,Occasionnel,1,6,4,1,2,3,4,3,3,Non,17.0,928,0.0,3191.98,3.5,3,4,2,0,0,1,Manager | N2,0.375,0.143
42,M,3968,Célibataire,Consulting,Consultant,4,8,0,0,0,3,8,3,Infra & Cloud,Occasionnel,0,0,4,3,1,3,4,3,3,Non,13.0,456,0.0,3967.96,3.5,3,4,0,0,0,0,Consultant | N1,3.0,0.0
32,M,9907,Célibataire,Commercial,Cadre Commercial,7,7,2,2,0,3,2,4,Marketing,Occasionnel,2,2,3,2,2,2,3,2,3,Oui,12.0,1061,1.0,4953.48,2.5,2,3,1,0,0,1,Cadre Commercial | N2,1.0,1.0
46,F,13225,Divorcé(e),Commercial,Cadre Commercial,2,25,19,17,1,5,3,3,Entrepreunariat,Occasionnel,2,8,1,4,4,1,4,3,3,Non,12.0,1417,0.895,3306.24,2.25,1,4,-1,0,0,0,Cadre Commercial | N4,0.25,0.105
27,F,3540,Marié(e),Commercial,Représentant Commercial,1,9,9,8,1,5,23,1,Transformation Digitale,Occasionnel,5,8,2,2,2,3,4,3,4,Non,21.0,614,0.889,1769.99,3.0,2,4,2,0,0,0,Représentant Commercial | N2,0.5,0.556
29,M,2804,Marié(e),Ressources Humaines,Ressources Humaines,1,1,1,0,0,3,6,1,Transformation Digitale,Occasionnel,0,0,4,2,1,2,4,3,3,Non,11.0,278,0.0,2803.97,3.25,2,4,1,0,1,0,Ressources Humaines | N1,1.5,0.0
43,F,19392,Marié(e),Consulting,Senior Manager,7,21,16,12,0,2,6,3,Transformation Digitale,Occasionnel,6,14,1,2,5,3,4,3,3,Non,13.0,2231,0.75,3878.39,2.75,1,4,1,0,0,1,Senior Manager | N5,0.118,0.375
48,M,19665,Marié(e),Consulting,Directeur Technique,4,29,22,10,0,3,10,3,Infra & Cloud,Occasionnel,12,9,4,2,5,2,4,3,3,Non,12.0,2107,0.455,3932.99,3.25,2,4,1,0,0,0,Directeur Technique | N5,0.13,0.545
29,M,2439,Célibataire,Consulting,Assistant de Direction,1,1,1,0,0,3,24,2,Infra & Cloud,Frequent,1,0,4,2,1,4,2,2,4,Oui,24.0,472,0.0,2438.98,3.0,2,4,2,1,1,0,Assistant de Direction | N1,1.5,1.0
46,F,7314,Marié(e),Commercial,Cadre Commercial,5,14,8,7,3,2,10,3,Infra & Cloud,Occasionnel,0,7,3,3,3,2,3,3,4,Non,21.0,1269,0.875,2437.99,2.75,2,3,1,0,0,1,Cadre Commercial | N3,0.222,0.0
27,F,4774,Marié(e),Consulting,Assistant de Direction,0,8,7,6,1,2,15,3,Infra & Cloud,Frequent,7,3,4,2,1,1,4,2,3,Non,19.0,762,0.857,4773.95,2.75,1,4,1,0,0,0,Assistant de Direction | N1,0.25,1.0
39,M,3902,Divorcé(e),Consulting,Assistant de Direction,8,7,2,2,3,2,19,4,Autre,Occasionnel,2,2,4,3,2,4,2,3,3,Non,14.000000000000002,479,1.0,1950.99,3.25,2,4,0,0,0,1,Assistant de Direction | N2,0.667,1.0
55,M,2662,Marié(e),Consulting,Assistant de Direction,8,19,5,2,1,2,2,4,Entrepreunariat,Occasionnel,0,4,2,2,1,4,2,4,4,Non,20.0,444,0.4,2661.97,3.0,2,4,2,0,0,1,Assistant de Direction | N1,0.333,0.0
28,F,2856,Marié(e),Commercial,Représentant Commercial,1,1,1,0,1,3,3,3,Transformation Digitale,Occasionnel,0,0,2,3,1,2,4,3,3,Non,19.0,456,0.0,2855.97,2.75,2,4,0,0,1,0,Représentant Commercial | N1,1.5,0.0
30,M,1081,Célibataire,Commercial,Représentant Commercial,1,1,1,0,0,3,9,3,Transformation Digitale,Occasionnel,0,0,2,3,1,4,3,2,3,Non,13.0,124,0.0,1080.99,2.75,2,4,0,0,1,0,Représentant Commercial | N1,1.5,0.0
22,M,2472,Célibataire,Consulting,Assistant de Direction,1,1,1,0,0,2,7,1,Infra & Cloud,Occasionnel,0,0,4,3,1,2,1,3,4,Oui,23.0,462,0.0,2471.98,2.5,1,4,1,1,1,0,Assistant de Direction | N1,1.0,0.0
36,F,5673,Marié(e),Commercial,Cadre Commercial,1,10,10,9,1,4,10,4,Entrepreunariat,Occasionnel,1,7,2,2,2,3,1,3,3,Oui,13.0,653,0.9,2836.49,2.25,1,3,1,0,0,0,Cadre Commercial | N2,0.364,0.1
31,M,4197,Divorcé(e),Consulting,Consultant,1,10,10,8,1,2,20,3,Infra & Cloud,Occasionnel,0,2,2,3,2,3,1,3,3,Non,11.0,416,0.8,2098.49,2.25,1,3,0,0,0,0,Consultant | N2,0.182,0.0
34,M,9713,Marié(e),Commercial,Cadre Commercial,2,9,5,3,3,3,4,3,Infra & Cloud,Occasionnel,1,0,3,3,3,4,4,3,3,Oui,13.0,1117,0.6,3237.66,3.5,3,4,0,0,0,0,Cadre Commercial | N3,0.5,0.2
29,M,2062,Célibataire,Consulting,Consultant,3,11,3,2,0,2,7,3,Infra & Cloud,Occasionnel,1,2,4,3,1,1,2,3,3,Non,14.000000000000002,253,0.667,2061.98,2.5,1,4,0,0,0,0,Consultant | N1,0.5,0.333
37,M,4284,Marié(e),Consulting,Assistant de Direction,5,16,5,3,1,2,7,4,Transformation Digitale,Occasionnel,0,4,4,3,2,1,3,3,4,Oui,22.0,773,0.6,2141.99,2.75,1,4,1,1,0,1,Assistant de Direction | N2,0.333,0.0
35,F,4788,Marié(e),Consulting,Tech Lead,0,4,3,2,0,2,16,2,Autre,Occasionnel,0,2,4,2,2,2,4,3,3,Oui,11.0,474,0.667,2393.99,3.25,2,4,1,1,0,0,Tech Lead | N2,0.5,0.0
45,F,5906,Marié(e),Consulting,Tech Lead,0,10,9,8,2,2,25,2,Infra & Cloud,Occasionnel,3,8,2,2,2,4,4,2,3,Non,13.0,679,0.889,2952.99,3.0,2,4,1,0,0,0,Tech Lead | N2,0.2,0.333
36,M,3886,Célibataire,Ressources Humaines,Ressources Humaines,1,10,10,1,0,2,2,1,Ressources Humaines,Frequent,0,8,2,2,2,4,4,2,4,Non,21.0,674,0.1,1942.99,3.0,2,4,2,0,0,0,Ressources Humaines | N2,0.182,0.0
40,M,16823,Divorcé(e),Consulting,Senior Manager,2,22,19,7,1,3,1,4,Infra & Cloud,Occasionnel,11,16,1,3,4,1,1,3,3,Non,11.0,1667,0.368,4205.74,1.5,1,3,0,0,0,0,Senior Manager | N4,0.15,0.579
26,F,2933,Marié(e),Consulting,Assistant de Direction,1,1,1,0,1,3,1,2,Infra & Cloud,Occasionnel,1,0,2,2,1,3,3,2,3,Oui,13.0,337,0.0,2932.97,2.5,2,3,1,1,1,0,Assistant de Direction | N1,1.5,1.0
27,F,6500,Célibataire,Commercial,Cadre Commercial,0,9,8,7,0,5,2,2,Transformation Digitale,Occasionnel,0,7,1,4,2,3,2,2,3,Non,14.000000000000002,798,0.875,3249.98,2.0,1,3,-1,0,0,0,Cadre Commercial | N2,0.556,0.0
48,F,17174,Divorcé(e),Consulting,Senior Manager,3,24,22,17,1,3,22,3,Transformation Digitale,Frequent,4,7,4,3,4,4,2,3,3,Non,11.0,1702,0.773,4293.49,3.25,2,4,0,0,0,0,Senior Manager | N4,0.13,0.182
44,M,5033,Marié(e),Consulting,Manager,2,10,2,0,1,5,1,4,Infra & Cloud,Occasionnel,2,2,2,4,2,1,4,3,3,Non,15.0,656,0.0,2516.49,2.5,1,4,-1,0,0,0,Manager | N2,1.667,1.0
34,M,2307,Marié(e),Consulting,Assistant de Direction,1,5,5,2,1,2,16,4,Entrepreunariat,Aucun,3,0,4,1,1,1,2,3,4,Oui,23.0,431,0.4,2306.98,2.5,1,4,3,1,0,0,Assistant de Direction | N1,0.333,0.6
56,M,2587,Célibataire,Consulting,Consultant,1,5,4,2,0,3,24,2,Infra & Cloud,Occasionnel,1,0,1,3,1,4,4,3,3,Non,16.0,357,0.5,2586.97,3.0,1,4,0,0,0,0,Consultant | N1,0.6,0.25
36,M,5507,Marié(e),Commercial,Cadre Commercial,2,12,4,2,2,1,17,2,Marketing,Occasionnel,1,3,3,2,2,2,3,1,3,Non,16.0,760,0.5,2753.49,2.25,1,3,1,0,0,0,Cadre Commercial | N2,0.2,0.25
41,F,4393,Marié(e),Commercial,Cadre Commercial,5,14,5,4,1,3,8,3,Marketing,Occasionnel,1,4,3,3,2,2,3,3,4,Non,21.0,762,0.8,2196.49,2.75,2,3,1,0,0,1,Cadre Commercial | N2,0.5,0.2
42,M,13348,Marié(e),Consulting,Directeur Technique,9,18,13,7,1,3,6,3,Transformation Digitale,Occasionnel,5,7,3,3,3,1,2,4,3,Non,13.0,1536,0.538,4449.32,2.5,1,4,0,0,0,1,Directeur Technique | N3,0.214,0.385
31,F,6583,Divorcé(e),Commercial,Cadre Commercial,2,8,5,2,1,2,10,2,Transformation Digitale,Occasionnel,1,4,3,3,2,4,4,3,3,Oui,11.0,652,0.4,3291.48,3.5,3,4,0,0,0,0,Cadre Commercial | N2,0.333,0.2
34,F,8103,Marié(e),Commercial,Cadre Commercial,3,9,4,2,0,3,3,1,Transformation Digitale,Occasionnel,0,1,4,2,2,4,3,2,3,Oui,12.0,868,0.5,4051.48,3.25,2,4,1,0,0,0,Cadre Commercial | N2,0.6,0.0
31,F,3978,Divorcé(e),Consulting,Consultant,8,4,2,2,1,0,4,3,Transformation Digitale,Occasionnel,2,2,1,4,1,3,2,2,3,Non,12.0,426,1.0,3977.96,2.0,1,3,-1,0,0,1,Consultant | N1,0.0,1.0
26,M,2544,Marié(e),Consulting,Consultant,0,8,7,7,1,3,6,3,Autre,Frequent,7,7,3,4,1,4,1,3,3,Non,18.0,388,1.0,2543.97,2.75,1,4,-1,0,0,0,Consultant | N1,0.375,1.0
45,M,5399,Célibataire,Consulting,Manager,4,12,4,2,0,3,1,4,Transformation Digitale,Frequent,0,3,2,3,2,3,3,3,3,Non,12.0,578,0.5,2699.49,2.75,2,3,0,0,0,0,Manager | N2,0.6,0.0
33,M,5487,Célibataire,Commercial,Cadre Commercial,1,10,10,4,0,2,10,4,Marketing,Occasionnel,0,9,2,3,2,3,2,2,3,Non,14.000000000000002,674,0.4,2743.49,2.25,2,3,0,0,0,0,Cadre Commercial | N2,0.182,0.0
28,M,6834,Marié(e),Commercial,Cadre Commercial,1,7,7,7,1,2,1,2,Infra & Cloud,Frequent,0,7,3,2,2,4,3,3,3,Oui,12.0,732,1.0,3416.98,3.25,3,4,1,0,0,0,Cadre Commercial | N2,0.25,0.0
29,M,1091,Célibataire,Commercial,Représentant Commercial,1,1,1,0,0,3,24,3,Entrepreunariat,Frequent,0,0,3,4,1,1,4,3,3,Non,17.0,159,0.0,1090.99,2.75,1,4,-1,0,1,0,Représentant Commercial | N1,1.5,0.0
39,F,5736,Marié(e),Commercial,Cadre Commercial,6,10,3,2,1,1,21,4,Infra & Cloud,Aucun,1,2,1,1,2,3,3,3,3,Non,19.0,916,0.667,2867.99,2.5,1,3,2,0,0,1,Cadre Commercial | N2,0.25,0.333
27,M,2226,Marié(e),Consulting,Assistant de Direction,1,6,5,3,1,3,2,4,Entrepreunariat,Occasionnel,1,2,2,3,1,2,3,2,3,Non,11.0,221,0.6,2225.98,2.25,2,3,0,0,0,0,Assistant de Direction | N1,0.5,0.2
34,M,5747,Marié(e),Consulting,Assistant de Direction,1,16,15,10,0,3,22,4,Autre,Frequent,6,11,3,2,2,4,2,3,3,Oui,15.0,750,0.667,2873.49,3.0,2,4,1,0,0,0,Assistant de Direction | N2,0.188,0.4
28,F,9854,Célibataire,Commercial,Cadre Commercial,3,6,2,0,0,0,13,2,Marketing,Occasionnel,2,2,4,3,2,3,4,3,3,Oui,11.0,977,0.0,4926.98,3.5,3,4,0,0,1,0,Cadre Commercial | N2,0.0,1.0
47,M,5467,Marié(e),Consulting,Assistant de Direction,8,16,8,7,1,4,14,4,Entrepreunariat,Aucun,1,7,3,3,2,2,3,4,3,Non,18.0,834,0.875,2733.49,3.0,2,4,0,0,0,1,Assistant de Direction | N2,0.444,0.125
56,F,5380,Marié(e),Commercial,Cadre Commercial,4,6,0,0,1,3,11,5,Marketing,Occasionnel,0,0,4,2,2,1,3,3,3,Non,16.0,742,0.0,2689.99,2.75,1,4,1,0,0,0,Cadre Commercial | N2,3.0,0.0
39,M,5151,Marié(e),Consulting,Tech Lead,1,10,10,0,1,3,9,2,Transformation Digitale,Occasionnel,7,9,1,3,2,1,4,3,4,Non,25.0,1030,0.0,2575.49,2.25,1,4,1,0,0,0,Tech Lead | N2,0.273,0.7
38,F,2133,Divorcé(e),Consulting,Assistant de Direction,1,20,20,11,1,3,8,3,Transformation Digitale,Frequent,0,7,4,2,2,2,3,3,3,Oui,16.0,294,0.55,1066.49,3.0,2,4,1,1,0,0,Assistant de Direction | N2,0.143,0.0
58,F,17875,Marié(e),Commercial,Senior Manager,4,29,1,0,1,2,21,3,Infra & Cloud,Occasionnel,0,0,4,3,4,4,3,2,3,Oui,13.0,2056,0.0,4468.74,3.25,2,4,0,0,0,0,Senior Manager | N4,1.0,0.0
32,F,2432,Célibataire,Consulting,Assistant de Direction,3,8,4,1,0,2,5,2,Infra & Cloud,Frequent,0,3,1,4,1,3,1,3,3,Oui,14.000000000000002,299,0.25,2431.98,2.0,1,3,-1,1,0,0,Assistant de Direction | N1,0.4,0.0
38,M,4771,Divorcé(e),Consulting,Assistant de Direction,2,10,5,2,2,0,9,2,Infra & Cloud,Occasionnel,0,3,2,3,1,4,4,4,3,Non,19.0,762,0.4,4770.95,3.5,2,4,0,0,0,0,Assistant de Direction | N1,0.0,0.0
49,M,19161,Marié(e),Consulting,Directeur Technique,3,28,5,4,0,3,2,1,Infra & Cloud,Frequent,4,3,2,3,5,4,4,3,3,Non,15.0,2499,0.8,3832.19,3.25,2,4,0,0,0,0,Directeur Technique | N5,0.5,0.8
42,M,5087,Divorcé(e),Commercial,Cadre Commercial,3,14,0,0,2,4,12,4,Marketing,Occasionnel,0,0,2,3,2,4,3,3,3,Oui,12.0,545,0.0,2543.49,3.0,2,4,0,0,0,0,Cadre Commercial | N2,4.0,0.0
27,F,2863,Marié(e),Ressources Humaines,Ressources Humaines,1,1,1,0,0,2,22,3,Ressources Humaines,Frequent,0,0,1,2,1,2,1,3,3,Non,12.0,307,0.0,2862.97,1.75,1,3,1,0,1,0,Ressources Humaines | N1,1.0,0.0
35,M,5561,Marié(e),Commercial,Cadre Commercial,0,6,5,3,1,2,18,4,Transformation Digitale,Occasionnel,0,4,2,3,2,1,4,1,3,Non,16.0,767,0.6,2780.49,2.0,1,4,0,0,0,0,Cadre Commercial | N2,0.333,0.0
28,M,2144,Célibataire,Consulting,Assistant de Direction,1,5,5,3,0,3,16,3,Transformation Digitale,Aucun,1,4,3,3,1,3,3,2,3,Non,14.000000000000002,263,0.6,2143.98,2.75,2,3,0,0,0,0,Assistant de Direction | N1,0.5,0.2
31,M,3065,Divorcé(e),Consulting,Assistant de Direction,1,4,4,2,1,3,3,2,Transformation Digitale,Aucun,2,3,3,3,1,1,4,4,3,Oui,13.0,353,0.5,3064.97,3.0,1,4,0,1,0,0,Assistant de Direction | N1,0.6,0.5
36,M,2810,Marié(e),Consulting,Consultant,1,5,5,4,0,3,9,4,Infra & Cloud,Aucun,0,2,1,4,1,2,2,3,4,Non,22.0,507,0.8,2809.97,2.0,1,3,0,0,0,0,Consultant | N1,0.5,0.0
34,M,9888,Célibataire,Commercial,Cadre Commercial,1,14,14,8,0,3,1,3,Marketing,Occasionnel,2,1,1,3,3,4,1,2,4,Non,21.0,1716,0.571,3295.99,2.0,1,4,1,0,0,0,Cadre Commercial | N3,0.2,0.143
34,M,8628,Divorcé(e),Commercial,Cadre Commercial,1,9,8,7,1,2,13,4,Transformation Digitale,Occasionnel,1,1,4,3,3,3,3,2,3,Non,18.0,1316,0.875,2875.99,3.0,2,4,0,0,0,0,Cadre Commercial | N3,0.222,0.125
26,M,2867,Célibataire,Consulting,Consultant,0,8,7,7,0,6,1,3,Transformation Digitale,Occasionnel,7,6,3,3,1,1,4,2,3,Non,13.0,330,1.0,2866.97,2.5,1,4,0,0,0,0,Consultant | N1,0.75,1.0
29,M,5373,Marié(e),Consulting,Manager,0,6,5,3,1,5,1,3,Infra & Cloud,Occasionnel,0,2,1,3,2,1,1,2,3,Non,12.0,576,0.6,2686.49,1.25,1,2,0,0,0,0,Manager | N2,0.833,0.0
32,F,6667,Divorcé(e),Consulting,Manager,5,9,5,1,1,6,15,4,Transformation Digitale,Aucun,1,2,3,3,2,4,2,3,3,Non,18.0,1017,0.2,3333.48,3.0,2,4,0,0,0,1,Manager | N2,1.0,0.2
31,M,5003,Marié(e),Consulting,Assistant de Direction,1,10,10,8,0,6,1,3,Infra & Cloud,Frequent,8,7,4,1,2,1,2,3,4,Non,21.0,868,0.8,2501.49,2.5,1,4,3,0,0,0,Assistant de Direction | N2,0.545,0.8
28,M,2367,Divorcé(e),Consulting,Consultant,5,6,4,1,1,2,17,3,Entrepreunariat,Occasionnel,0,3,3,2,1,4,1,2,3,Non,12.0,254,0.25,2366.98,2.5,1,4,1,0,0,1,Consultant | N1,0.4,0.0
38,M,2858,Célibataire,Commercial,Représentant Commercial,4,20,1,0,0,3,1,3,Infra & Cloud,Occasionnel,0,0,1,2,1,1,1,2,3,Non,14.000000000000002,351,0.0,2857.97,1.25,1,2,1,0,0,0,Représentant Commercial | N1,1.5,0.0
35,F,5204,Marié(e),Commercial,Cadre Commercial,1,10,10,8,0,2,7,4,Infra & Cloud,Occasionnel,0,9,3,3,2,4,4,3,3,Oui,11.0,516,0.8,2601.99,3.5,3,4,0,0,0,0,Cadre Commercial | N2,0.182,0.0
27,M,4105,Célibataire,Commercial,Cadre Commercial,1,7,7,7,0,5,9,3,Marketing,Occasionnel,0,7,4,3,2,4,1,3,3,Non,14.000000000000002,504,1.0,2052.49,3.0,1,4,0,0,0,0,Cadre Commercial | N2,0.625,0.0
32,M,9679,Célibataire,Consulting,Tech Lead,8,8,1,0,0,1,5,4,Infra & Cloud,Occasionnel,0,0,4,2,2,4,2,3,4,Non,24.0,1873,0.0,4839.48,3.25,2,4,2,0,0,1,Tech Lead | N2,0.5,0.0
31,M,5617,Marié(e),Commercial,Cadre Commercial,1,10,10,7,0,4,26,4,Marketing,Frequent,0,8,1,3,2,4,3,3,3,Oui,11.0,557,0.7,2808.49,2.75,1,4,0,0,0,0,Cadre Commercial | N2,0.364,0.0
53,M,10448,Célibataire,Commercial,Cadre Commercial,6,15,2,2,0,2,24,4,Infra & Cloud,Occasionnel,2,2,1,3,3,1,2,2,3,Oui,13.0,1202,1.0,3482.66,1.5,1,2,0,0,0,1,Cadre Commercial | N3,0.667,1.0
54,F,2897,Marié(e),Consulting,Assistant de Direction,3,9,4,3,2,6,9,2,Infra & Cloud,Occasionnel,2,3,1,3,2,3,3,2,3,Non,11.0,287,0.75,1448.49,2.25,1,3,0,0,0,0,Assistant de Direction | N2,1.2,0.5
33,M,5968,Divorcé(e),Consulting,Manager,1,9,9,7,3,2,7,2,Infra & Cloud,Frequent,2,8,4,3,2,3,3,3,4,Non,20.0,995,0.778,2983.99,3.25,3,4,1,0,0,0,Manager | N2,0.2,0.222
43,M,7510,Marié(e),Consulting,Manager,1,10,10,9,1,1,11,3,Infra & Cloud,Occasionnel,0,9,1,3,3,3,2,3,3,Non,17.0,1091,0.9,2503.32,2.25,1,3,0,0,0,0,Manager | N3,0.091,0.0
38,M,2991,Marié(e),Ressources Humaines,Ressources Humaines,0,7,6,2,1,2,1,4,Autre,Frequent,1,2,4,3,1,2,2,3,3,Oui,11.0,296,0.333,2990.97,2.75,2,4,0,1,0,0,Ressources Humaines | N1,0.286,0.167
55,M,19636,Marié(e),Ressources Humaines,Senior Manager,4,35,10,9,1,0,26,4,Ressources Humaines,Occasionnel,1,4,3,4,5,2,1,3,3,Oui,18.0,2995,0.9,3927.19,2.25,1,3,-1,0,0,0,Senior Manager | N5,0.0,0.1
31,F,1129,Divorcé(e),Consulting,Consultant,1,1,1,0,3,4,2,1,Transformation Digitale,Occasionnel,0,0,4,1,1,4,3,3,3,Oui,11.0,112,0.0,1128.99,3.5,3,4,2,1,0,0,Consultant | N1,2.0,0.0
39,M,13341,Célibataire,Commercial,Cadre Commercial,0,21,20,8,0,3,15,4,Marketing,Occasionnel,11,10,2,3,4,1,1,3,3,Non,12.0,1429,0.4,3335.24,1.75,1,3,0,0,0,0,Cadre Commercial | N4,0.143,0.55
42,M,4332,Célibataire,Consulting,Assistant de Direction,1,20,20,9,0,2,23,2,Infra & Cloud,Aucun,3,7,4,2,2,3,4,3,3,Non,12.0,464,0.45,2165.99,3.5,3,4,1,0,0,0,Assistant de Direction | N2,0.095,0.15
31,F,11031,Marié(e),Consulting,Directeur Technique,4,13,11,7,1,2,10,3,Transformation Digitale,Aucun,4,8,3,3,3,3,3,4,4,Non,20.0,1838,0.636,3676.99,3.25,3,4,1,0,0,0,Directeur Technique | N3,0.167,0.364
54,F,4440,Célibataire,Consulting,Tech Lead,6,9,5,2,0,3,10,3,Transformation Digitale,Occasionnel,1,4,3,3,2,1,4,3,3,Oui,19.0,709,0.4,2219.99,2.75,1,4,0,1,0,1,Tech Lead | N2,0.5,0.2
24,M,4617,Célibataire,Consulting,Manager,1,4,4,3,0,2,1,2,Infra & Cloud,Occasionnel,1,2,2,2,2,3,2,2,3,Non,12.0,495,0.75,2308.49,2.25,2,3,1,0,0,0,Manager | N2,0.4,0.25
23,M,2647,Célibataire,Consulting,Consultant,1,5,5,2,0,6,12,2,Autre,Occasionnel,1,4,4,3,1,4,3,4,3,Non,13.0,305,0.4,2646.97,3.75,3,4,0,0,0,0,Consultant | N1,1.0,0.2
40,F,6323,Marié(e),Consulting,Consultant,1,10,10,9,1,2,11,3,Entrepreunariat,Frequent,9,4,4,3,2,3,1,4,3,Non,11.0,627,0.9,3161.48,3.0,1,4,0,0,0,0,Consultant | N2,0.182,0.9
40,F,5677,Marié(e),Commercial,Cadre Commercial,3,15,11,8,1,4,2,2,Marketing,Occasionnel,5,10,2,3,2,2,3,3,3,Non,14.000000000000002,697,0.727,2838.49,2.5,2,3,0,0,0,0,Cadre Commercial | N2,0.333,0.455
25,F,2187,Marié(e),Ressources Humaines,Ressources Humaines,4,6,2,0,0,3,2,3,Ressources Humaines,Occasionnel,1,2,3,3,1,2,3,3,3,Non,14.000000000000002,269,0.0,2186.98,2.75,2,3,0,0,1,0,Ressources Humaines | N1,1.0,0.5
30,M,3748,Marié(e),Consulting,Consultant,1,12,12,8,0,6,1,2,Transformation Digitale,Occasionnel,1,7,4,3,1,2,3,2,3,Non,13.0,431,0.667,3747.96,2.75,2,4,0,0,0,0,Consultant | N1,0.462,0.083
25,M,3977,Divorcé(e),Consulting,Consultant,6,7,2,2,1,2,2,1,Autre,Occasionnel,0,2,4,3,1,3,3,2,3,Oui,19.0,635,1.0,3976.96,3.0,2,4,0,1,1,1,Consultant | N1,0.667,0.0
47,M,8633,Célibataire,Consulting,Manager,2,25,17,14,0,3,25,3,Transformation Digitale,Occasionnel,12,11,1,3,3,3,2,3,4,Non,23.0,1614,0.824,2877.66,2.25,1,3,1,0,0,0,Manager | N3,0.167,0.706
33,M,2008,Divorcé(e),Consulting,Consultant,1,1,1,1,3,2,1,2,Transformation Digitale,Aucun,0,0,2,2,1,3,3,2,3,Non,12.0,215,1.0,2007.98,2.5,2,3,1,0,0,0,Consultant | N1,1.0,0.0
38,M,4440,Marié(e),Commercial,Cadre Commercial,0,16,15,13,2,3,1,4,Infra & Cloud,Occasionnel,5,8,4,3,2,2,1,3,3,Non,15.0,579,0.867,2219.99,2.5,1,4,0,0,0,0,Cadre Commercial | N2,0.188,0.333
31,M,3067,Marié(e),Commercial,Représentant Commercial,0,3,2,2,1,1,2,2,Infra & Cloud,Occasionnel,1,2,1,3,1,3,3,3,3,Non,19.0,490,1.0,3066.97,2.5,1,3,0,0,0,0,Représentant Commercial | N1,0.333,0.5
38,M,5321,Marié(e),Consulting,Tech Lead,2,10,8,3,1,1,6,4,Infra & Cloud,Frequent,7,7,1,2,2,3,4,3,3,Non,11.0,527,0.375,2660.49,2.75,1,4,1,0,0,0,Tech Lead | N2,0.111,0.875
42,M,5410,Divorcé(e),Consulting,Assistant de Direction,6,9,4,3,1,3,18,4,Infra & Cloud,Occasionnel,1,2,4,3,2,1,3,2,3,Oui,17.0,786,0.75,2704.99,2.5,1,4,0,0,0,1,Assistant de Direction | N2,0.6,0.25
41,M,2782,Marié(e),Consulting,Assistant de Direction,3,12,5,3,1,3,1,3,Infra & Cloud,Occasionnel,1,0,4,3,1,4,1,3,4,Non,22.0,502,0.6,2781.97,3.0,1,4,1,0,0,0,Assistant de Direction | N1,0.5,0.2
47,F,11957,Marié(e),Consulting,Directeur Technique,0,14,13,8,2,3,1,1,Transformation Digitale,Aucun,5,12,3,3,3,2,1,1,3,Non,18.0,1824,0.615,3985.65,1.75,1,3,0,0,0,0,Directeur Technique | N3,0.214,0.385
35,M,2660,Marié(e),Consulting,Consultant,7,5,2,2,1,3,11,4,Transformation Digitale,Occasionnel,2,2,4,3,1,3,3,3,3,Oui,11.0,264,1.0,2659.97,3.25,3,4,0,1,0,1,Consultant | N1,1.0,1.0
22,M,3375,Célibataire,Consulting,Assistant de Direction,0,4,3,2,0,2,1,2,Infra & Cloud,Occasionnel,1,2,4,3,1,3,4,4,3,Non,12.0,362,0.667,3374.97,3.75,3,4,0,0,0,0,Assistant de Direction | N1,0.5,0.333
35,M,5098,Célibataire,Consulting,Assistant de Direction,1,10,10,7,0,5,9,4,Transformation Digitale,Occasionnel,0,8,2,3,2,3,2,3,3,Non,19.0,814,0.7,2548.99,2.5,2,3,0,0,0,0,Assistant de Direction | N2,0.455,0.0
33,F,4878,Marié(e),Consulting,Manager,0,10,9,7,1,6,15,2,Transformation Digitale,Occasionnel,8,1,2,3,2,4,1,3,3,Oui,13.0,561,0.778,2438.99,2.5,1,4,0,1,0,0,Manager | N2,0.6,0.889
32,F,2837,Célibataire,Consulting,Consultant,1,6,6,2,0,3,29,4,Infra & Cloud,Occasionnel,4,1,3,2,1,2,3,3,3,Non,13.0,326,0.333,2836.97,2.75,2,3,1,0,0,0,Consultant | N1,0.429,0.667
40,M,2406,Marié(e),Consulting,Consultant,8,8,1,0,2,3,1,4,Infra & Cloud,Occasionnel,0,0,1,3,1,4,3,2,3,Non,19.0,384,0.0,2405.98,2.5,1,4,0,0,0,1,Consultant | N1,1.5,0.0
32,M,2269,Marié(e),Commercial,Représentant Commercial,0,3,2,2,1,2,1,4,Transformation Digitale,Occasionnel,2,2,2,2,1,2,2,3,3,Non,14.000000000000002,279,1.0,2268.98,2.25,2,3,1,0,0,0,Représentant Commercial | N1,0.667,1.0
39,M,4108,Célibataire,Consulting,Assistant de Direction,7,18,7,7,0,2,24,1,Infra & Cloud,Occasionnel,1,7,1,3,2,4,1,3,3,Non,13.0,473,1.0,2053.99,2.25,1,4,0,0,0,1,Assistant de Direction | N2,0.25,0.143
38,F,13206,Marié(e),Consulting,Directeur Technique,3,20,18,16,1,3,10,3,Transformation Digitale,Occasionnel,1,11,2,1,3,3,1,3,3,Non,12.0,1415,0.889,4401.99,2.25,1,3,2,0,0,0,Directeur Technique | N3,0.158,0.056
32,F,10422,Marié(e),Commercial,Cadre Commercial,1,14,14,10,2,3,1,4,Marketing,Occasionnel,5,7,3,3,3,4,3,3,3,Non,19.0,1664,0.714,3473.99,3.25,3,4,0,0,0,0,Cadre Commercial | N3,0.2,0.357
37,F,13744,Marié(e),Consulting,Directeur Technique,1,16,16,11,1,2,10,3,Infra & Cloud,Occasionnel,6,8,3,4,3,4,1,3,4,Oui,25.0,2749,0.687,4581.32,2.75,1,4,0,0,0,0,Directeur Technique | N3,0.118,0.375
25,F,4907,Divorcé(e),Commercial,Cadre Commercial,0,6,5,3,1,3,8,2,Autre,Occasionnel,0,4,1,3,2,3,2,2,4,Oui,22.0,885,0.6,2453.49,2.0,1,3,1,1,0,0,Cadre Commercial | N2,0.5,0.0
52,M,3482,Divorcé(e),Commercial,Représentant Commercial,2,16,9,8,2,3,29,4,Infra & Cloud,Aucun,0,0,1,3,1,4,2,2,3,Non,15.0,454,0.889,3481.97,2.25,1,4,0,0,0,0,Représentant Commercial | N1,0.3,0.0
44,M,2436,Célibataire,Consulting,Assistant de Direction,6,6,4,3,0,2,1,3,Transformation Digitale,Occasionnel,1,2,2,3,1,4,3,3,3,Oui,12.0,261,0.75,2435.98,3.0,2,4,0,1,0,1,Assistant de Direction | N1,0.4,0.25
21,M,2380,Célibataire,Commercial,Représentant Commercial,1,2,2,2,0,6,5,1,Transformation Digitale,Occasionnel,1,2,3,3,1,1,4,3,3,Oui,11.0,236,1.0,2379.98,2.75,1,4,0,1,1,0,Représentant Commercial | N1,2.0,0.5
39,M,19431,Célibataire,Consulting,Senior Manager,2,21,6,0,0,3,9,3,Infra & Cloud,Aucun,1,3,4,3,5,4,3,2,3,Non,13.0,2235,0.0,3886.19,3.25,2,4,0,0,0,0,Senior Manager | N5,0.429,0.167
23,M,1790,Marié(e),Commercial,Représentant Commercial,1,1,1,0,1,3,9,3,Marketing,Frequent,1,0,4,3,1,1,1,2,3,Non,19.0,286,0.0,1789.98,2.0,1,4,0,0,1,0,Représentant Commercial | N1,1.5,1.0
36,F,7644,Marié(e),Commercial,Cadre Commercial,0,10,9,7,2,2,3,3,Transformation Digitale,Occasionnel,3,4,1,2,3,4,3,3,3,Non,19.0,1220,0.778,2547.99,2.75,1,4,1,0,0,0,Cadre Commercial | N3,0.2,0.333
36,F,5131,Divorcé(e),Consulting,Tech Lead,7,18,4,2,3,3,4,2,Infra & Cloud,Frequent,0,2,4,3,2,2,2,3,3,Non,13.0,590,0.5,2565.49,2.75,2,4,0,0,0,1,Tech Lead | N2,0.6,0.0
56,M,6306,Divorcé(e),Consulting,Manager,1,13,13,12,1,2,1,4,Infra & Cloud,Aucun,1,9,3,3,2,3,1,2,4,Non,21.0,1094,0.923,3152.98,2.25,1,3,1,0,0,0,Manager | N2,0.143,0.077
29,M,4787,Marié(e),Consulting,Assistant de Direction,9,4,2,2,3,3,1,4,Transformation Digitale,Occasionnel,2,2,1,3,1,4,2,4,3,Oui,14.000000000000002,588,1.0,4786.95,2.75,1,4,0,1,1,1,Assistant de Direction | N1,1.0,1.0
42,M,18880,Marié(e),Consulting,Senior Manager,5,24,22,6,0,2,2,3,Infra & Cloud,Occasionnel,4,14,1,3,5,3,1,2,3,Non,11.0,1871,0.273,3775.99,1.75,1,3,0,0,0,1,Senior Manager | N5,0.087,0.182
56,M,2339,Marié(e),Consulting,Consultant,8,14,10,9,1,4,7,2,Entrepreunariat,Occasionnel,9,8,4,3,1,3,4,1,3,Non,11.0,232,0.9,2338.98,3.0,1,4,0,0,0,1,Consultant | N1,0.364,0.9
41,F,13570,Marié(e),Consulting,Tech Lead,0,21,20,7,1,3,28,4,Infra & Cloud,Occasionnel,0,10,1,2,4,2,3,3,4,Non,23.0,2537,0.35,3392.49,2.25,1,3,2,0,0,0,Tech Lead | N4,0.143,0.0
34,F,6712,Marié(e),Commercial,Cadre Commercial,1,8,8,7,2,2,28,3,Marketing,Occasionnel,1,7,4,2,2,3,4,3,4,Non,21.0,1165,0.875,3355.98,3.5,3,4,2,0,0,0,Cadre Commercial | N2,0.222,0.125
36,M,5406,Divorcé(e),Commercial,Cadre Commercial,1,15,15,12,1,4,15,4,Marketing,Aucun,11,11,4,1,2,4,1,2,4,Non,24.0,1046,0.8,2702.99,2.75,1,4,3,0,0,0,Cadre Commercial | N2,0.25,0.733
41,M,8938,Divorcé(e),Commercial,Cadre Commercial,2,14,5,4,1,5,3,3,Infra & Cloud,Occasionnel,0,4,3,2,2,2,3,3,3,Non,11.0,886,0.8,4468.98,2.75,2,3,1,0,0,0,Cadre Commercial | N2,0.833,0.0
32,M,2439,Célibataire,Consulting,Assistant de Direction,1,4,4,2,0,4,2,3,Entrepreunariat,Occasionnel,1,2,4,3,1,1,4,3,3,Non,14.000000000000002,300,0.5,2438.98,3.0,1,4,0,0,0,0,Assistant de Direction | N1,0.8,0.25
35,F,8837,Célibataire,Ressources Humaines,Ressources Humaines,1,9,9,0,0,2,26,4,Infra & Cloud,Occasionnel,1,7,3,3,3,4,3,3,3,Oui,16.0,1219,0.0,2945.66,3.25,3,4,0,0,0,0,Ressources Humaines | N3,0.2,0.111
38,F,5343,Marié(e),Commercial,Cadre Commercial,1,10,10,7,1,1,10,2,Infra & Cloud,Occasionnel,1,9,1,3,2,4,3,3,3,Non,11.0,529,0.7,2671.49,2.75,1,4,0,0,0,0,Cadre Commercial | N2,0.091,0.1
50,M,6728,Divorcé(e),Commercial,Cadre Commercial,7,12,6,3,2,3,1,4,Infra & Cloud,Frequent,0,1,2,3,2,3,4,3,3,Non,12.0,721,0.5,3363.98,3.0,2,4,0,0,0,1,Cadre Commercial | N2,0.429,0.0
36,F,6652,Marié(e),Commercial,Cadre Commercial,4,8,6,3,1,2,11,4,Marketing,Occasionnel,0,0,2,2,2,4,1,2,3,Non,13.0,765,0.5,3325.98,2.25,1,4,1,0,0,0,Cadre Commercial | N2,0.286,0.0
45,F,4850,Célibataire,Commercial,Cadre Commercial,8,8,5,3,0,3,20,3,Infra & Cloud,Occasionnel,0,1,4,3,2,3,3,3,3,Non,15.0,633,0.6,2424.99,3.25,3,4,0,0,0,1,Cadre Commercial | N2,0.5,0.0
40,M,2809,Célibataire,Consulting,Assistant de Direction,2,8,2,2,0,2,2,4,Infra & Cloud,Occasionnel,2,2,3,2,1,3,4,3,3,Non,14.000000000000002,345,1.0,2808.97,3.25,3,4,1,0,0,0,Assistant de Direction | N1,0.667,1.0
35,M,5689,Marié(e),Consulting,Manager,1,10,10,2,2,2,18,4,Infra & Cloud,Frequent,0,2,3,3,2,3,4,4,3,Oui,14.000000000000002,699,0.2,2844.49,3.5,3,4,0,0,0,0,Manager | N2,0.182,0.0
40,F,2001,Marié(e),Consulting,Assistant de Direction,2,20,5,3,3,2,2,4,Transformation Digitale,Occasionnel,0,2,3,3,1,3,2,3,3,Non,14.000000000000002,246,0.6,2000.98,2.75,2,3,0,0,0,0,Assistant de Direction | N1,0.333,0.0
35,F,2977,Marié(e),Consulting,Assistant de Direction,1,4,4,3,1,5,1,4,Infra & Cloud,Occasionnel,1,1,3,1,1,4,4,3,3,Non,12.0,319,0.75,2976.97,3.5,3,4,2,0,0,0,Assistant de Direction | N1,1.0,0.25
29,M,4025,Marié(e),Consulting,Consultant,4,10,4,3,1,2,13,2,Autre,Occasionnel,0,3,4,2,2,2,1,3,3,Oui,13.0,463,0.75,2012.49,2.5,1,4,1,1,0,0,Consultant | N2,0.4,0.0
29,F,3785,Célibataire,Consulting,Assistant de Direction,1,5,5,4,0,3,28,4,Transformation Digitale,Occasionnel,0,4,4,2,1,1,2,1,3,Non,14.000000000000002,465,0.8,3784.96,2.0,1,4,1,0,0,0,Assistant de Direction | N1,0.5,0.0
50,M,10854,Divorcé(e),Commercial,Cadre Commercial,4,20,3,2,1,3,28,3,Marketing,Occasionnel,2,0,4,2,3,1,2,3,3,Oui,13.0,1249,0.667,3617.99,2.5,1,4,1,0,0,0,Cadre Commercial | N3,0.75,0.667
39,F,12031,Marié(e),Commercial,Cadre Commercial,0,21,20,9,1,2,24,1,Marketing,Occasionnel,9,6,2,2,4,4,1,2,3,Non,11.0,1192,0.45,3007.74,2.25,1,4,1,0,0,0,Cadre Commercial | N4,0.095,0.45
31,M,9936,Célibataire,Consulting,Tech Lead,0,10,9,4,0,2,5,3,Transformation Digitale,Aucun,1,7,2,3,2,1,2,3,3,Non,19.0,1586,0.444,4967.98,2.0,1,3,0,0,0,0,Tech Lead | N2,0.2,0.111
26,F,2966,Célibataire,Commercial,Représentant Commercial,0,5,4,2,0,2,5,3,Autre,Occasionnel,0,0,4,2,1,3,4,3,3,Non,18.0,452,0.5,2965.97,3.5,3,4,1,0,0,0,Représentant Commercial | N1,0.4,0.0
36,M,2571,Marié(e),Consulting,Consultant,4,17,5,2,1,3,23,2,Transformation Digitale,Frequent,0,3,3,4,2,4,3,3,3,Non,17.0,374,0.4,1285.49,3.25,3,4,-1,0,0,0,Consultant | N2,0.5,0.0
39,M,9991,Marié(e),Consulting,Manager,4,9,7,7,1,5,6,1,Transformation Digitale,Occasionnel,1,7,4,2,3,1,1,3,3,Non,15.0,1303,1.0,3330.32,2.25,1,4,1,0,0,0,Manager | N3,0.625,0.143
27,M,6142,Marié(e),Consulting,Tech Lead,1,6,6,2,1,0,4,3,Infra & Cloud,Occasionnel,0,3,2,4,2,2,2,3,4,Oui,20.0,1024,0.333,3070.98,2.25,2,3,0,0,0,0,Tech Lead | N2,0.0,0.0
49,M,5390,Marié(e),Commercial,Cadre Commercial,2,17,9,6,0,3,2,3,Transformation Digitale,Frequent,0,8,4,2,2,2,4,2,3,Non,14.000000000000002,662,0.667,2694.99,3.0,2,4,1,0,0,0,Cadre Commercial | N2,0.3,0.0
34,M,4404,Marié(e),Consulting,Consultant,2,6,4,3,0,3,8,3,Transformation Digitale,Occasionnel,1,2,2,4,2,3,1,4,3,Non,12.0,472,0.75,2201.99,2.5,1,4,-1,0,0,0,Consultant | N2,0.6,0.25
