age,genre,revenu_mensuel,statut_marital,departement,poste,nombre_experiences_precedentes,annee_experience_totale,annees_dans_l_entreprise,annees_dans_le_poste_actuel,nombre_participation_pee,nb_formations_suivies,distance_domicile_travail,niveau_education,domaine_etude,frequence_deplacement,annees_depuis_la_derniere_promotion,annes_sous_responsable_actuel,satisfaction_employee_environnement,note_evaluation_precedente,niveau_hierarchique_poste,satisfaction_employee_nature_travail,satisfaction_employee_equipe,satisfaction_employee_equilibre_pro_perso,note_evaluation_actuelle,heure_supplementaires,augementation_salaire_precedente,montant_augmentation_precedente,ratio_anciennete_carriere,inertie_poste,stagnation_promotion,revenu_par_annee_experience,revenu_par_niveau,satisfaction_globale,satisfaction_min,delta_performance,hs_et_salaire_bas,jeune_faible_anciennete,trajet_long,job_hopper
41,F,5993,Célibataire,Commercial,Cadre Commercial,8,8,6,4,0,0,1,2,Infra & Cloud,Occasionnel,0,5,2,3,2,4,1,1,3,Oui,11.0,594,0.75,0.667,0.0,665.89,2996.49,2.0,1,0,0,0,0,1
49,M,5130,Marié(e),Consulting,Assistant de Direction,1,10,10,7,1,3,8,1,Infra & Cloud,Frequent,1,7,3,2,2,2,4,3,4,Non,23.0,959,1.0,0.7,0.1,466.36,2564.99,3.0,2,2,0,0,0,0
37,M,2090,Célibataire,Consulting,Consultant,6,7,0,0,0,3,2,2,Autre,Occasionnel,0,0,4,2,1,3,2,3,3,Oui,15.0,273,0.0,0.0,0.0,261.25,2089.98,3.0,2,1,1,0,0,1
33,F,2909,Marié(e),Consulting,Assistant de Direction,1,8,8,7,0,3,3,4,Infra & Cloud,Frequent,3,0,4,3,1,3,3,3,3,Oui,11.0,288,1.0,0.875,0.375,323.22,2908.97,3.25,3,0,1,0,0,0
27,M,3468,Marié(e),Consulting,Consultant,9,6,2,2,1,3,2,1,Transformation Digitale,Occasionnel,2,2,1,3,1,2,4,3,3,Non,12.0,372,0.333,1.0,1.0,495.43,3467.97,2.5,1,0,0,1,0,1
32,M,3068,Célibataire,Consulting,Consultant,0,8,7,7,0,2,2,2,Infra & Cloud,Frequent,3,6,4,3,1,4,3,2,3,Non,13.0,353,0.875,1.0,0.429,340.89,3067.97,3.25,2,0,0,0,0,0
59,F,2670,Marié(e),Consulting,Consultant,4,12,1,0,3,3,3,3,Transformation Digitale,Occasionnel,0,0,3,4,1,1,1,2,4,Oui,20.0,445,0.083,0.0,0.0,205.38,2669.97,1.75,1,0,1,0,0,0
30,M,2693,Divorcé(e),Consulting,Consultant,1,1,1,0,1,2,24,1,Infra & Cloud,Occasionnel,0,0,4,3,1,3,2,3,4,Non,22.0,486,1.0,0.0,0.0,1346.5,2692.97,3.0,2,1,0,1,1,0
38,M,9526,Célibataire,Consulting,Tech Lead,0,10,9,7,0,2,23,3,Infra & Cloud,Frequent,1,8,4,2,3,3,2,3,4,Non,21.0,1653,0.9,0.778,0.111,866.0,3175.32,3.0,2,2,0,0,1,0
36,M,5237,Marié(e),Consulting,Manager,6,17,7,7,2,3,27,3,Transformation Digitale,Occasionnel,7,7,3,3,2,3,2,2,3,Non,13.0,602,0.412,1.0,1.0,290.94,2618.49,2.5,2,0,0,0,1,1
35,M,2426,Marié(e),Consulting,Consultant,0,6,5,4,1,5,16,3,Transformation Digitale,Occasionnel,0,3,1,4,1,2,3,3,3,Non,13.0,279,0.833,0.8,0.0,346.57,2425.98,2.25,1,-1,0,0,1,0
29,F,4193,Célibataire,Consulting,Consultant,0,10,9,5,0,3,15,2,Infra & Cloud,Occasionnel,0,8,4,2,2,3,4,3,3,Oui,12.0,449,0.9,0.556,0.0,381.18,2096.49,3.5,3,1,1,0,1,0
31,M,2911,Divorcé(e),Consulting,Assistant de Direction,1,5,5,2,1,1,26,1,Infra & Cloud,Occasionnel,4,3,1,3,1,3,4,2,3,Non,17.0,423,1.0,0.4,0.8,485.17,2910.97,2.5,1,0,0,0,1,0
34,M,2661,Divorcé(e),Consulting,Consultant,0,3,2,2,1,2,19,2,Transformation Digitale,Occasionnel,1,2,2,3,1,4,3,3,3,Non,11.0,264,0.667,1.0,0.5,665.25,2660.97,3.0,2,0,0,0,1,0
28,M,2028,Célibataire,Consulting,Consultant,5,6,4,2,0,4,24,3,Infra & Cloud,Occasionnel,0,3,3,2,1,3,2,3,3,Oui,14.000000000000002,249,0.667,0.5,0.0,289.71,2027.98,2.75,2,1,1,0,1,1
29,F,9980,Divorcé(e),Consulting,Tech Lead,1,10,10,9,1,1,21,4,Infra & Cloud,Occasionnel,8,8,2,4,3,1,3,3,3,Non,11.0,989,1.0,0.9,0.8,907.27,3326.66,2.25,1,-1,0,0,1,0
32,M,3298,Divorcé(e),Consulting,Assistant de Direction,0,7,6,2,2,5,5,2,Infra & Cloud,Occasionnel,0,5,1,4,1,2,4,2,3,Oui,12.0,353,0.857,0.333,0.0,412.25,3297.97,2.25,1,-1,1,0,0,0
22,M,2935,Divorcé(e),Consulting,Consultant,1,1,1,0,2,2,16,2,Transformation Digitale,Aucun,0,0,4,4,1,4,2,2,3,Oui,13.0,338,1.0,0.0,0.0,1467.5,2934.97,3.0,2,-1,1,1,1,0
53,F,15427,Marié(e),Commercial,Senior Manager,2,31,25,8,0,3,2,4,Infra & Cloud,Occasionnel,3,7,1,2,4,4,3,3,3,Non,16.0,2128,0.806,0.32,0.12,482.09,3856.74,2.75,1,1,0,0,0,0
38,M,3944,Célibataire,Consulting,Assistant de Direction,5,6,3,2,0,3,2,3,Infra & Cloud,Occasionnel,1,2,4,3,1,4,3,3,3,Oui,11.0,391,0.5,0.667,0.333,563.43,3943.96,3.5,3,0,1,0,0,1
24,F,4011,Divorcé(e),Consulting,Tech Lead,0,5,4,2,1,5,11,2,Autre,Aucun,1,3,1,4,2,3,4,2,3,Non,18.0,612,0.8,0.5,0.25,668.5,2005.49,2.5,1,-1,0,0,0,0
36,M,3407,Célibataire,Commercial,Représentant Commercial,7,10,5,3,0,4,9,4,Infra & Cloud,Occasionnel,0,3,3,2,1,1,2,3,4,Non,23.0,637,0.5,0.6,0.0,309.73,3406.97,2.25,1,2,0,0,0,1
34,F,11994,Célibataire,Consulting,Directeur Technique,0,13,12,6,0,4,7,4,Infra & Cloud,Occasionnel,2,11,1,3,3,2,3,3,3,Non,11.0,1189,0.923,0.5,0.167,856.71,3997.99,2.25,1,0,0,0,0,0
21,M,1232,Célibataire,Consulting,Assistant de Direction,1,0,0,0,0,6,15,2,Infra & Cloud,Occasionnel,0,0,3,3,1,4,4,3,3,Non,14.000000000000002,151,0.0,0.0,0.0,1232.0,1231.99,3.5,3,0,0,1,1,0
34,M,2960,Célibataire,Consulting,Assistant de Direction,2,8,4,2,0,2,6,1,Transformation Digitale,Occasionnel,1,3,2,3,1,1,3,3,3,Non,11.0,293,0.5,0.5,0.25,328.89,2959.97,2.25,1,0,0,0,0,0
53,F,19094,Divorcé(e),Consulting,Senior Manager,4,26,14,13,1,3,5,3,Autre,Occasionnel,4,8,3,3,5,3,4,2,3,Non,11.0,1892,0.538,0.929,0.286,707.19,3818.79,3.0,2,0,0,0,0,0
32,F,3919,Célibataire,Consulting,Assistant de Direction,1,10,10,2,0,5,16,1,Infra & Cloud,Frequent,6,7,2,1,1,1,2,3,4,Oui,22.0,707,1.0,0.2,0.6,356.27,3918.96,2.0,1,3,1,0,1,0
42,M,6825,Marié(e),Commercial,Cadre Commercial,0,10,9,7,1,2,8,4,Marketing,Occasionnel,4,2,3,3,2,2,4,3,3,Non,11.0,676,0.9,0.778,0.444,620.45,3412.48,3.0,2,0,0,0,0,0
44,F,10248,Marié(e),Consulting,Manager,3,24,22,6,1,4,7,4,Transformation Digitale,Occasionnel,5,17,1,2,3,4,4,3,3,Non,14.000000000000002,1259,0.917,0.273,0.227,409.92,3415.99,3.0,1,1,0,0,0,0
46,F,18947,Célibataire,Commercial,Senior Manager,3,22,2,2,0,2,2,4,Marketing,Occasionnel,2,1,2,3,5,1,4,2,3,Non,12.0,2030,0.091,1.0,1.0,823.78,3789.39,2.25,1,0,0,0,0,0
33,M,2496,Célibataire,Consulting,Consultant,4,7,1,1,0,3,2,3,Transformation Digitale,Occasionnel,0,0,3,3,1,4,4,3,3,Non,11.0,247,0.143,1.0,0.0,312.0,2495.98,3.5,3,0,0,0,0,0
44,M,6465,Marié(e),Consulting,Manager,2,9,4,2,0,5,10,4,Autre,Occasionnel,1,3,4,3,2,4,4,4,3,Oui,13.0,744,0.444,0.5,0.25,646.5,3232.48,4.0,4,0,0,0,0,0
30,M,2206,Célibataire,Consulting,Consultant,1,10,10,0,0,5,9,2,Transformation Digitale,Occasionnel,1,8,4,2,1,3,1,3,3,Non,13.0,254,1.0,0.0,0.1,200.55,2205.98,2.75,1,1,0,0,0,0
39,M,2086,Marié(e),Commercial,Représentant Commercial,3,19,1,0,1,6,5,3,Entrepreunariat,Occasionnel,0,0,4,3,2,4,3,4,3,Non,14.000000000000002,256,0.053,0.0,0.0,104.3,1042.99,3.75,3,0,0,0,0,0
24,M,2293,Marié(e),Consulting,Assistant de Direction,2,6,2,0,1,2,1,3,Transformation Digitale,Occasionnel,2,0,2,3,1,4,1,2,3,Oui,16.0,316,0.333,0.0,1.0,327.57,2292.98,2.25,1,0,1,1,0,0
43,F,2645,Divorcé(e),Consulting,Assistant de Direction,1,6,5,3,2,3,2,2,Transformation Digitale,Occasionnel,1,4,4,4,1,3,4,2,3,Non,12.0,283,0.833,0.6,0.2,377.86,2644.97,3.25,2,-1,0,0,0,0
50,M,2683,Marié(e),Commercial,Représentant Commercial,1,3,3,2,0,2,3,2,Marketing,Occasionnel,0,2,1,2,1,3,3,3,3,Oui,14.000000000000002,329,1.0,0.667,0.0,670.75,2682.97,2.5,1,1,1,0,0,0
35,F,2014,Marié(e),Commercial,Représentant Commercial,1,2,2,2,0,3,2,3,Marketing,Occasionnel,2,2,4,3,1,4,1,3,3,Non,13.0,232,1.0,1.0,1.0,671.33,2013.98,3.0,1,0,0,0,0,0
36,F,3419,Marié(e),Consulting,Assistant de Direction,9,6,1,1,1,3,5,4,Infra & Cloud,Occasionnel,0,0,2,2,1,1,4,4,3,Oui,14.000000000000002,420,0.167,1.0,0.0,488.43,3418.97,2.75,1,1,1,0,0,1
33,F,5376,Marié(e),Commercial,Cadre Commercial,2,10,5,3,2,3,1,3,Infra & Cloud,Frequent,1,3,3,4,2,1,1,3,3,Non,19.0,858,0.5,0.6,0.2,488.73,2687.99,2.0,1,-1,0,0,0,0
35,M,1951,Divorcé(e),Consulting,Consultant,1,1,1,0,1,3,4,2,Autre,Occasionnel,0,0,3,3,1,4,3,3,3,Non,12.0,209,1.0,0.0,0.0,975.5,1950.98,3.25,3,0,0,0,0,0
27,F,2341,Divorcé(e),Consulting,Consultant,1,1,1,0,1,6,2,4,Infra & Cloud,Occasionnel,0,0,4,3,1,1,4,3,3,Non,13.0,269,1.0,0.0,0.0,1170.5,2340.98,3.0,1,0,0,1,0,0
26,M,2293,Célibataire,Consulting,Consultant,1,1,1,0,0,2,25,3,Infra & Cloud,Occasionnel,0,1,1,1,1,3,3,2,3,Non,12.0,246,1.0,0.0,0.0,1146.5,2292.98,2.25,1,2,0,1,1,0
27,M,8726,Célibataire,Commercial,Cadre Commercial,1,9,9,8,0,0,8,3,Infra & Cloud,Frequent,1,7,4,3,3,3,4,3,3,Non,15.0,1138,1.0,0.889,0.111,872.6,2908.66,3.5,3,0,0,0,0,0
30,F,4011,Célibataire,Consulting,Consultant,1,12,12,8,0,2,1,2,Transformation Digitale,Frequent,3,7,3,3,2,4,4,3,4,Non,23.0,750,1.0,0.667,0.25,308.54,2005.49,3.5,3,1,0,0,0,0
41,F,19545,Marié(e),Consulting,Directeur Technique,1,23,22,15,0,0,12,3,Entrepreunariat,Occasionnel,15,8,2,3,5,3,4,3,3,Non,12.0,2094,0.957,0.682,0.682,814.38,3908.99,3.0,2,0,0,0,0,0
34,M,4568,Célibataire,Commercial,Cadre Commercial,0,10,9,5,0,2,23,4,Marketing,Aucun,8,7,2,3,2,3,3,3,4,Non,20.0,761,0.9,0.556,0.889,415.27,2283.99,2.75,2,1,0,0,1,0
37,M,3022,Marié(e),Consulting,Assistant de Direction,4,8,1,0,0,1,19,2,Infra & Cloud,Occasionnel,0,0,2,3,1,2,1,3,4,Non,21.0,524,0.125,0.0,0.0,335.78,3021.97,2.0,1,1,0,0,1,0
46,M,5772,Célibataire,Commercial,Cadre Commercial,4,14,9,6,0,4,5,4,Marketing,Frequent,0,8,1,3,2,4,3,3,4,Oui,21.0,1002,0.643,0.667,0.0,384.8,2885.99,2.75,1,1,0,0,0,0
35,M,2269,Marié(e),Consulting,Consultant,1,1,1,0,0,2,8,1,Infra & Cloud,Occasionnel,0,1,4,4,1,4,4,3,3,Non,19.0,362,1.0,0.0,0.0,1134.5,2268.98,3.75,3,-1,0,0,0,0
48,M,5381,Célibataire,Consulting,Consultant,9,23,1,0,0,2,1,2,Infra & Cloud,Occasionnel,0,0,1,2,3,3,4,3,3,Oui,13.0,619,0.043,0.0,0.0,224.21,1793.66,2.75,1,1,0,0,0,1
28,M,3441,Célibataire,Consulting,Consultant,1,2,2,2,0,3,5,4,Entrepreunariat,Occasionnel,2,2,3,3,1,3,3,2,3,Oui,13.0,396,1.0,1.0,1.0,1147.0,3440.97,2.75,2,0,1,1,0,0
44,F,5454,Divorcé(e),Commercial,Cadre Commercial,5,9,4,3,1,2,1,5,Marketing,Occasionnel,1,3,2,3,2,1,3,2,4,Oui,21.0,947,0.444,0.75,0.25,545.4,2726.99,2.0,1,1,0,0,0,1
35,M,9884,Marié(e),Consulting,Manager,2,10,4,0,1,3,11,2,Transformation Digitale,Aucun,2,3,3,2,3,1,3,3,3,Oui,13.0,1137,0.4,0.0,0.5,898.55,3294.66,2.5,1,1,0,0,0,0
26,F,4157,Marié(e),Commercial,Cadre Commercial,7,5,2,2,1,2,23,3,Marketing,Occasionnel,0,0,3,2,2,4,3,2,3,Oui,19.0,664,0.4,1.0,0.0,692.83,2078.49,3.0,2,1,1,1,1,1
33,F,13458,Célibataire,Consulting,Directeur Technique,1,15,15,14,0,1,1,2,Infra & Cloud,Frequent,8,12,1,3,3,4,3,3,3,Oui,12.0,1442,1.0,0.933,0.533,841.12,4485.99,2.75,1,0,0,0,0,0
35,M,9069,Marié(e),Commercial,Cadre Commercial,1,9,9,8,1,3,18,5,Infra & Cloud,Frequent,1,8,2,3,3,1,4,2,4,Non,22.0,1635,1.0,0.889,0.111,906.9,3022.99,2.25,1,1,0,0,1,0
35,F,4014,Marié(e),Consulting,Consultant,3,4,2,2,1,3,23,4,Transformation Digitale,Occasionnel,2,2,3,3,1,1,3,3,3,Oui,15.0,524,0.5,1.0,1.0,802.8,4013.96,2.5,1,0,1,0,1,0
31,M,5915,Divorcé(e),Consulting,Consultant,3,10,7,7,1,3,7,4,Infra & Cloud,Occasionnel,1,7,4,3,2,4,4,2,4,Non,22.0,1067,0.7,1.0,0.143,537.73,2957.49,3.5,2,1,0,0,0,0
37,M,5993,Divorcé(e),Consulting,Tech Lead,1,7,7,5,1,2,1,4,Infra & Cloud,Occasionnel,0,7,1,2,2,3,3,4,3,Non,18.0,914,1.0,0.714,0.0,749.12,2996.49,2.75,1,1,0,0,0,0
32,M,6162,Marié(e),Consulting,Tech Lead,1,9,9,8,1,3,1,3,Transformation Digitale,Occasionnel,7,8,1,3,2,4,2,3,4,Oui,22.0,1111,1.0,0.889,0.778,616.2,3080.98,2.5,1,1,0,0,0,0
38,F,2406,Célibataire,Consulting,Consultant,1,10,10,3,0,2,29,5,Infra & Cloud,Frequent,9,9,4,3,2,4,4,3,3,Non,11.0,238,1.0,0.3,0.9,218.73,1202.99,3.75,3,0,0,0,1,0
50,F,18740,Divorcé(e),Consulting,Directeur Technique,5,29,27,3,1,2,7,2,Transformation Digitale,Occasionnel,13,8,2,2,5,3,4,2,3,Oui,12.0,2008,0.931,0.111,0.481,624.67,3747.99,2.75,2,1,0,0,0,1
59,F,7637,Célibataire,Commercial,Cadre Commercial,7,28,21,16,0,3,25,3,Infra & Cloud,Occasionnel,7,9,1,3,3,1,4,2,3,Non,11.0,757,0.75,0.762,0.333,263.34,2545.66,2.0,1,0,0,0,1,1
36,F,10096,Divorcé(e),Consulting,Manager,1,17,17,14,3,2,8,3,Entrepreunariat,Occasionnel,12,8,3,3,3,3,2,3,3,Non,13.0,1161,1.0,0.824,0.706,560.89,3365.32,2.75,2,0,0,0,0,0
55,F,14756,Divorcé(e),Consulting,Senior Manager,2,21,5,0,3,2,8,3,Transformation Digitale,Occasionnel,0,2,4,3,4,3,3,3,3,Oui,14.000000000000002,1812,0.238,0.0,0.0,670.73,3688.99,3.25,3,0,0,0,0,0
36,M,6499,Célibataire,Consulting,Tech Lead,1,6,6,5,0,3,11,3,Infra & Cloud,Frequent,0,3,2,2,2,2,3,3,3,Non,13.0,748,1.0,0.833,0.0,928.43,3249.48,2.5,2,1,0,0,0,0
45,M,9724,Divorcé(e),Consulting,Assistant de Direction,2,25,1,0,1,2,7,3,Infra & Cloud,Occasionnel,0,0,2,3,3,1,3,3,3,Non,17.0,1413,0.04,0.0,0.0,374.0,3241.32,2.25,1,0,0,0,0,0
35,M,2194,Marié(e),Consulting,Assistant de Direction,4,5,3,2,1,2,1,3,Transformation Digitale,Frequent,1,2,2,3,1,1,4,2,3,Non,13.0,252,0.6,0.667,0.333,365.67,2193.98,2.25,1,0,0,0,0,0
36,M,3388,Marié(e),Consulting,Assistant de Direction,0,2,1,0,1,0,9,3,Transformation Digitale,Occasionnel,0,0,4,2,1,3,1,2,3,Oui,17.0,492,0.5,0.0,0.0,1129.33,3387.97,2.5,1,1,1,0,0,0
59,F,5473,Célibataire,Commercial,Cadre Commercial,7,20,4,3,0,2,1,1,Infra & Cloud,Frequent,1,3,1,2,2,3,4,2,3,Non,11.0,542,0.2,0.75,0.25,260.62,2736.49,2.5,1,1,0,0,0,1
29,M,2703,Marié(e),Consulting,Assistant de Direction,0,6,5,4,1,3,2,3,Infra & Cloud,Occasionnel,0,4,3,3,1,2,4,3,4,Non,23.0,505,0.833,0.8,0.0,386.14,2702.97,3.0,2,1,0,0,0,0
31,M,2501,Célibataire,Consulting,Assistant de Direction,1,1,1,1,0,4,1,4,Transformation Digitale,Occasionnel,1,0,3,3,1,2,2,3,3,Non,17.0,363,1.0,1.0,1.0,1250.5,2500.97,2.5,2,0,0,0,0,0
32,M,6220,Marié(e),Consulting,Assistant de Direction,1,10,10,4,2,3,1,3,Infra & Cloud,Occasionnel,0,9,2,3,2,2,2,3,3,Non,17.0,904,1.0,0.4,0.0,565.45,3109.98,2.25,2,0,0,0,0,0
36,F,3038,Marié(e),Consulting,Consultant,3,5,1,0,0,3,6,3,Infra & Cloud,Occasionnel,0,0,2,4,1,4,2,3,3,Non,12.0,326,0.2,0.0,0.0,506.33,3037.97,2.75,2,-1,0,0,0,0
31,F,4424,Célibataire,Consulting,Tech Lead,1,11,11,7,0,2,8,4,Infra & Cloud,Occasionnel,1,8,3,3,2,4,4,3,4,Non,23.0,827,1.0,0.636,0.091,368.67,2211.99,3.5,3,1,0,0,0,0
35,M,4312,Célibataire,Commercial,Cadre Commercial,0,16,15,13,0,2,1,4,Marketing,Occasionnel,2,8,3,2,2,1,2,3,3,Non,14.000000000000002,530,0.937,0.867,0.133,253.65,2155.99,2.25,1,1,0,0,0,0
45,M,13245,Marié(e),Consulting,Directeur Technique,4,17,0,0,0,3,6,4,Autre,Occasionnel,0,0,4,3,3,1,2,4,3,Oui,14.000000000000002,1627,0.0,0.0,0.0,735.83,4414.99,2.75,1,0,0,0,0,0
37,M,13664,Célibataire,Consulting,Directeur Technique,4,16,5,2,0,3,7,4,Transformation Digitale,Occasionnel,0,2,1,3,3,3,1,4,3,Non,13.0,1572,0.312,0.4,0.0,803.76,4554.65,2.25,1,0,0,0,0,0
46,M,5021,Divorcé(e),Ressources Humaines,Ressources Humaines,8,16,4,2,1,2,5,2,Transformation Digitale,Occasionnel,0,2,2,3,2,2,4,3,4,Oui,22.0,905,0.25,0.5,0.0,295.35,2510.49,2.75,2,1,0,0,0,1
30,M,5126,Marié(e),Consulting,Consultant,1,10,10,8,2,1,1,1,Infra & Cloud,Occasionnel,3,0,4,2,2,4,3,2,3,Oui,12.0,549,1.0,0.8,0.3,466.0,2562.99,3.25,2,1,0,0,0,0
35,M,2859,Célibataire,Consulting,Assistant de Direction,1,6,6,4,0,3,1,3,Transformation Digitale,Occasionnel,0,4,2,2,1,3,1,3,3,Non,18.0,436,1.0,0.667,0.0,408.43,2858.97,2.25,1,1,0,0,0,0
55,M,10239,Marié(e),Commercial,Cadre Commercial,3,24,1,0,1,4,1,2,Infra & Cloud,Occasionnel,1,0,1,3,3,4,4,3,3,Non,14.000000000000002,1257,0.042,0.0,1.0,409.56,3412.99,3.0,1,0,0,0,0,0
38,F,5329,Divorcé(e),Consulting,Assistant de Direction,7,17,13,11,3,3,6,3,Transformation Digitale,Aucun,1,9,2,1,2,4,4,3,3,Oui,12.0,571,0.765,0.846,0.077,296.06,2664.49,3.25,2,2,0,0,0,1
34,M,4325,Marié(e),Consulting,Tech Lead,1,5,5,2,0,2,1,2,Transformation Digitale,Occasionnel,1,3,1,3,2,2,3,3,3,Non,15.0,564,1.0,0.4,0.2,720.83,2162.49,2.25,1,0,0,0,0,0
56,M,7260,Célibataire,Consulting,Tech Lead,4,37,6,4,0,3,7,3,Infra & Cloud,Occasionnel,0,2,4,1,3,4,1,2,3,Non,11.0,719,0.162,0.667,0.0,191.05,2419.99,2.75,1,2,0,0,0,0
23,M,2322,Divorcé(e),Commercial,Représentant Commercial,3,3,0,0,1,3,2,1,Entrepreunariat,Occasionnel,0,0,3,3,1,1,3,3,3,Non,13.0,267,0.0,0.0,0.0,580.5,2321.98,2.5,1,0,0,1,0,0
51,M,2075,Marié(e),Consulting,Consultant,3,10,4,2,2,4,9,4,Infra & Cloud,Occasionnel,0,3,4,3,1,4,2,3,4,Non,23.0,388,0.4,0.5,0.0,188.64,2074.98,3.25,2,1,0,0,0,0
30,M,4152,Marié(e),Consulting,Manager,1,11,11,10,3,3,2,3,Infra & Cloud,Occasionnel,10,8,3,2,2,4,1,3,3,Non,19.0,663,1.0,0.909,0.909,346.0,2075.99,2.75,1,1,0,0,0,0
46,M,9619,Célibataire,Commercial,Cadre Commercial,1,9,9,8,0,3,9,2,Transformation Digitale,Occasionnel,4,7,3,2,3,4,4,3,3,Non,16.0,1327,1.0,0.889,0.444,961.9,3206.32,3.5,3,1,0,0,0,0
40,M,13503,Marié(e),Consulting,Manager,1,22,22,3,1,3,1,4,Infra & Cloud,Frequent,11,11,3,2,4,2,4,2,4,Non,22.0,2435,1.0,0.136,0.5,587.09,3375.74,2.75,2,2,0,0,0,0
51,M,5441,Célibataire,Commercial,Cadre Commercial,0,11,10,7,0,2,21,4,Marketing,Occasionnel,1,0,3,3,2,4,4,1,4,Oui,22.0,981,0.909,0.7,0.1,453.42,2720.49,3.0,1,1,0,0,1,0
30,F,5209,Divorcé(e),Commercial,Cadre Commercial,1,11,11,8,3,4,4,2,Transformation Digitale,Occasionnel,2,7,3,2,2,2,2,2,3,Oui,12.0,558,1.0,0.727,0.182,434.08,2604.49,2.25,2,1,0,0,0,0
46,M,10673,Marié(e),Consulting,Manager,2,21,10,9,1,5,1,3,Transformation Digitale,Frequent,9,5,3,2,3,1,3,2,3,Oui,13.0,1228,0.476,0.9,0.9,485.14,3557.65,2.25,1,1,0,0,0,0
32,M,5010,Célibataire,Commercial,Cadre Commercial,1,12,11,8,0,0,6,4,Transformation Digitale,Occasionnel,5,7,2,3,2,3,1,3,3,Non,16.0,691,0.917,0.727,0.455,385.38,2504.99,2.25,1,0,0,0,0,0
54,F,13549,Marié(e),Consulting,Directeur Technique,9,16,4,3,1,5,2,4,Entrepreunariat,Occasionnel,0,3,1,3,3,3,1,1,3,Non,12.0,1452,0.25,0.75,0.0,797.0,4516.32,1.5,1,0,0,0,0,1
24,F,4999,Marié(e),Commercial,Cadre Commercial,0,4,3,2,1,2,3,2,Autre,Occasionnel,0,2,1,3,2,3,1,2,4,Non,21.0,868,0.75,0.667,0.0,999.8,2499.49,1.75,1,1,0,0,0,0
28,M,4221,Marié(e),Commercial,Cadre Commercial,1,5,5,4,0,3,4,3,Transformation Digitale,Aucun,0,4,2,3,2,3,2,4,3,Non,15.0,551,1.0,0.8,0.0,703.5,2110.49,2.75,2,0,0,0,0,0
58,M,13872,Célibataire,Commercial,Cadre Commercial,0,38,37,10,0,1,10,4,Transformation Digitale,Occasionnel,1,8,4,3,4,3,3,2,3,Non,13.0,1596,0.974,0.27,0.027,355.69,3467.99,3.0,2,0,0,0,0,0
44,M,2042,Marié(e),Consulting,Consultant,4,17,3,2,1,3,23,3,Transformation Digitale,Aucun,1,2,2,3,2,2,3,4,3,Non,12.0,219,0.176,0.667,0.333,113.44,1020.99,2.75,2,0,0,0,1,0
37,M,2073,Divorcé(e),Ressources Humaines,Ressources Humaines,4,7,3,2,0,3,6,4,Ressources Humaines,Occasionnel,0,2,3,3,1,1,4,3,4,Oui,22.0,374,0.429,0.667,0.0,259.12,2072.98,2.75,1,1,1,0,0,0
32,M,2956,Célibataire,Consulting,Assistant de Direction,1,1,1,0,0,2,1,1,Infra & Cloud,Occasionnel,0,0,4,3,1,1,4,3,3,Non,13.0,340,1.0,0.0,0.0,1478.0,2955.97,3.0,1,0,0,0,0,0
20,F,2926,Célibataire,Consulting,Consultant,1,1,1,0,0,5,6,3,Infra & Cloud,Frequent,1,0,4,2,1,4,2,3,3,Oui,18.0,446,1.0,0.0,1.0,1463.0,2925.97,3.25,2,1,1,1,0,0
34,F,4809,Célibataire,Consulting,Assistant de Direction,1,16,16,13,0,3,6,4,Autre,Occasionnel,2,10,1,3,2,3,3,3,3,Non,14.000000000000002,591,1.0,0.812,0.125,282.88,2404.49,2.5,1,0,0,0,0,0
37,M,5163,Divorcé(e),Consulting,Manager,5,17,1,0,1,2,2,2,Infra & Cloud,Aucun,0,0,3,2,2,4,4,4,3,Non,14.000000000000002,634,0.059,0.0,0.0,286.83,2581.49,3.75,3,1,0,0,0,1
59,F,18844,Marié(e),Ressources Humaines,Senior Manager,9,30,3,2,1,3,2,4,Ressources Humaines,Aucun,2,2,3,2,5,4,4,3,4,Non,21.0,3270,0.1,0.667,0.667,607.87,3768.79,3.5,3,2,0,0,0,1
50,F,18172,Marié(e),Consulting,Directeur Technique,3,28,8,3,0,1,1,3,Infra & Cloud,Frequent,0,7,1,3,5,2,1,2,3,Oui,19.0,2901,0.286,0.375,0.0,626.62,3634.39,1.5,1,0,0,0,0,0
25,M,5744,Célibataire,Commercial,Cadre Commercial,1,6,6,4,0,1,5,3,Marketing,Occasionnel,0,3,3,2,2,3,4,3,3,Oui,11.0,569,1.0,0.667,0.0,820.57,2871.99,3.25,3,1,0,0,0,0
25,M,2889,Marié(e),Consulting,Assistant de Direction,1,2,2,2,2,2,7,1,Transformation Digitale,Occasionnel,2,1,4,2,1,4,3,3,3,Non,11.0,286,1.0,1.0,1.0,963.0,2888.97,3.5,3,1,0,1,0,0
22,F,2871,Célibataire,Consulting,Consultant,1,1,0,0,0,5,15,3,Transformation Digitale,Occasionnel,0,0,2,3,1,4,3,3,3,Non,15.0,374,0.0,0.0,0.0,1435.5,2870.97,3.0,2,0,0,1,1,0
51,F,7484,Célibataire,Consulting,Manager,3,23,13,12,0,1,1,4,Transformation Digitale,Frequent,12,8,1,2,3,1,3,2,4,Non,20.0,1247,0.565,0.923,0.923,311.83,2494.66,1.75,1,2,0,0,0,0
34,M,6074,Célibataire,Consulting,Consultant,1,9,9,7,0,3,7,3,Infra & Cloud,Frequent,0,6,1,1,2,3,4,3,4,Oui,24.0,1176,1.0,0.778,0.0,607.4,3036.98,2.75,1,3,0,0,0,0
54,F,17328,Célibataire,Ressources Humaines,Senior Manager,2,23,5,3,0,3,26,3,Ressources Humaines,Aucun,4,4,4,4,4,4,3,3,3,Oui,12.0,1857,0.217,0.6,0.8,722.0,4331.99,3.5,3,-1,0,0,1,0
24,M,2774,Marié(e),Consulting,Consultant,0,6,5,3,1,2,18,1,Infra & Cloud,Occasionnel,1,2,2,3,1,3,3,3,3,Non,12.0,297,0.833,0.6,0.2,396.29,2773.97,2.75,2,0,0,0,1,0
34,F,4505,Divorcé(e),Consulting,Assistant de Direction,6,12,1,0,1,3,6,4,Infra & Cloud,Occasionnel,0,0,3,2,2,2,3,3,3,Non,15.0,588,0.083,0.0,0.0,346.54,2252.49,2.75,2,1,0,0,0,1
37,M,7428,Célibataire,Commercial,Cadre Commercial,2,12,5,3,0,3,3,3,Infra & Cloud,Occasionnel,1,3,3,3,3,4,1,3,3,Non,12.0,796,0.417,0.6,0.2,571.38,2475.99,2.75,1,0,0,0,0,0
34,F,11631,Célibataire,Consulting,Senior Manager,2,14,11,10,0,6,5,3,Transformation Digitale,Occasionnel,5,8,3,2,3,1,4,3,3,Non,12.0,1246,0.786,0.909,0.455,775.4,3876.99,2.75,1,1,0,0,0,0
36,F,9738,Marié(e),Commercial,Cadre Commercial,0,10,9,7,1,6,11,2,Entrepreunariat,Frequent,2,8,2,3,3,4,3,3,3,Non,14.000000000000002,1196,0.9,0.778,0.222,885.27,3245.99,3.0,2,0,0,0,0,0
36,F,2835,Divorcé(e),Consulting,Consultant,5,7,1,0,1,2,3,2,Infra & Cloud,Occasionnel,0,0,1,3,1,4,1,3,4,Non,22.0,511,0.143,0.0,0.0,354.38,2834.97,2.25,1,1,0,0,0,1
43,M,16959,Marié(e),Commercial,Senior Manager,1,25,25,12,2,3,26,2,Infra & Cloud,Frequent,4,12,3,3,4,4,4,4,3,Oui,12.0,1817,1.0,0.48,0.16,652.27,4239.74,3.75,3,0,0,0,1,0
30,M,2613,Divorcé(e),Consulting,Assistant de Direction,1,10,10,7,3,2,23,3,Infra & Cloud,Frequent,0,9,1,1,1,3,3,2,4,Non,25.0,523,1.0,0.7,0.0,237.55,2612.97,2.25,1,3,0,0,1,0
33,M,6146,Marié(e),Commercial,Cadre Commercial,0,8,7,7,1,2,22,2,Marketing,Aucun,0,7,3,3,2,2,1,4,3,Non,13.0,707,0.875,1.0,0.0,682.89,3072.98,2.5,1,0,0,0,1,0
56,F,4963,Marié(e),Consulting,Assistant de Direction,9,7,5,4,3,2,14,4,Infra & Cloud,Occasionnel,4,3,2,3,1,2,1,3,3,Oui,18.0,757,0.714,0.8,0.8,620.38,4962.95,2.0,1,0,0,0,0,1
51,M,19537,Célibataire,Consulting,Directeur Technique,7,23,20,18,0,5,6,3,Infra & Cloud,Occasionnel,15,15,1,3,5,3,3,3,3,Non,13.0,2248,0.87,0.9,0.75,814.04,3907.39,2.5,1,0,0,0,0,1
31,M,6172,Marié(e),Commercial,Cadre Commercial,4,12,7,7,0,3,6,4,Infra & Cloud,Occasionnel,7,7,2,1,2,3,2,2,3,Oui,18.0,941,0.583,1.0,1.0,474.77,3085.98,2.25,2,2,0,0,0,0
26,F,2368,Marié(e),Consulting,Assistant de Direction,1,5,5,4,0,3,6,3,Autre,Occasionnel,4,3,3,2,1,2,3,2,3,Non,19.0,378,1.0,0.8,0.8,394.67,2367.98,2.5,2,1,0,0,0,0
58,F,10312,Marié(e),Consulting,Manager,1,40,40,10,1,3,23,4,Transformation Digitale,Occasionnel,15,6,4,3,3,4,4,2,3,Non,12.0,1105,1.0,0.25,0.375,251.51,3437.32,3.5,2,0,0,0,1,0
19,M,1675,Célibataire,Commercial,Représentant Commercial,1,0,0,0,0,2,22,1,Marketing,Occasionnel,0,0,4,3,1,3,4,2,3,Oui,19.0,267,0.0,0.0,0.0,1675.0,1674.98,3.25,2,0,1,1,1,0
22,M,2523,Marié(e),Consulting,Consultant,0,3,2,1,1,2,2,1,Entrepreunariat,Occasionnel,2,1,3,3,1,4,3,3,3,Non,14.000000000000002,310,0.667,0.5,1.0,630.75,2522.97,3.25,3,0,0,1,0,0
49,F,6567,Marié(e),Consulting,Tech Lead,1,16,15,11,0,2,20,4,Transformation Digitale,Occasionnel,5,11,3,3,2,1,3,2,3,Non,14.000000000000002,806,0.937,0.733,0.333,386.29,3283.48,2.25,1,0,0,0,1,0
43,F,4739,Célibataire,Consulting,Assistant de Direction,4,18,3,2,0,2,28,3,Transformation Digitale,Frequent,1,2,2,4,1,3,4,3,3,Non,12.0,508,0.167,0.667,0.333,249.42,4738.95,3.0,2,-1,0,0,1,0
50,F,9208,Célibataire,Commercial,Cadre Commercial,4,16,2,2,0,3,12,3,Marketing,Frequent,2,1,3,3,3,4,4,3,3,Non,11.0,913,0.125,1.0,1.0,541.65,3069.32,3.5,3,0,0,0,0,0
31,F,4559,Marié(e),Commercial,Cadre Commercial,3,4,2,2,1,2,20,3,Infra & Cloud,Occasionnel,2,2,2,1,2,3,3,3,3,Oui,11.0,452,0.5,1.0,1.0,911.8,2279.49,2.75,2,2,1,0,1,0
41,M,8189,Divorcé(e),Commercial,Cadre Commercial,3,12,9,7,1,2,9,1,Infra & Cloud,Occasionnel,0,7,3,3,3,3,3,3,3,Oui,13.0,942,0.75,0.778,0.0,629.92,2729.66,3.0,3,0,0,0,0,0
26,F,2942,Marié(e),Ressources Humaines,Ressources Humaines,1,8,8,7,1,3,25,1,Infra & Cloud,Occasionnel,5,7,3,3,1,3,4,3,4,Non,23.0,550,1.0,0.875,0.625,326.89,2941.97,3.25,3,1,0,0,1,0
36,M,4941,Divorcé(e),Consulting,Tech Lead,6,7,3,2,2,0,6,2,Transformation Digitale,Occasionnel,0,1,2,3,2,2,4,3,4,Non,20.0,824,0.429,0.667,0.0,617.62,2470.49,2.75,2,1,0,0,0,1
51,M,10650,Célibataire,Consulting,Tech Lead,2,18,4,2,0,2,8,4,Infra & Cloud,Frequent,0,3,1,1,3,4,4,3,3,Non,15.0,1389,0.222,0.5,0.0,560.53,3549.99,3.0,1,2,0,0,0,0
39,F,5902,Marié(e),Commercial,Cadre Commercial,4,17,15,11,1,1,4,4,Infra & Cloud,Occasionnel,5,9,4,2,2,3,3,4,3,Non,14.000000000000002,725,0.882,0.733,0.333,327.89,2950.99,3.5,3,1,0,0,0,0
25,M,8639,Marié(e),Commercial,Cadre Commercial,2,6,2,2,0,3,28,3,Infra & Cloud,Occasionnel,2,2,1,2,2,3,4,3,3,Non,18.0,1318,0.333,1.0,1.0,1234.14,4319.48,2.75,1,1,0,1,1,0
30,M,6347,Marié(e),Ressources Humaines,Ressources Humaines,0,12,11,9,0,2,9,3,Ressources Humaines,Occasionnel,4,7,3,3,2,4,4,1,3,Oui,19.0,1013,0.917,0.818,0.364,488.23,3173.48,3.0,1,0,0,0,0,0
32,F,4200,Célibataire,Consulting,Consultant,7,10,5,4,0,2,9,3,Transformation Digitale,Occasionnel,0,4,1,3,1,1,1,4,4,Non,22.0,757,0.5,0.8,0.0,381.82,4199.96,1.75,1,1,0,0,0,1
45,M,3452,Célibataire,Consulting,Assistant de Direction,5,9,6,5,0,2,29,3,Transformation Digitale,Occasionnel,0,3,3,3,1,4,2,2,3,Non,13.0,397,0.667,0.833,0.0,345.2,3451.97,2.75,2,0,0,0,1,1
38,F,4317,Célibataire,Consulting,Assistant de Direction,3,19,3,2,0,2,3,5,Entrepreunariat,Occasionnel,2,2,4,3,2,3,2,3,4,Oui,20.0,720,0.158,0.667,0.667,215.85,2158.49,3.0,2,1,1,0,0,0
30,F,2632,Célibataire,Consulting,Assistant de Direction,1,5,5,4,0,4,18,3,Infra & Cloud,Occasionnel,0,4,1,3,1,3,3,2,3,Non,14.000000000000002,323,1.0,0.8,0.0,438.67,2631.97,2.25,1,0,0,0,1,0
32,M,4668,Divorcé(e),Commercial,Cadre Commercial,0,9,8,7,3,2,9,2,Transformation Digitale,Frequent,0,7,4,1,2,4,4,4,3,Non,17.0,678,0.889,0.875,0.0,466.8,2333.99,4.0,4,2,0,0,0,0
30,F,3204,Divorcé(e),Consulting,Assistant de Direction,5,8,3,2,1,3,5,3,Entrepreunariat,Occasionnel,2,2,4,3,1,1,4,3,3,Non,14.000000000000002,393,0.375,0.667,0.667,356.0,3203.97,3.0,1,0,0,0,0,1
30,M,2720,Célibataire,Consulting,Consultant,0,6,5,3,0,3,2,1,Transformation Digitale,Occasionnel,1,2,2,2,1,4,4,3,3,Non,13.0,313,0.833,0.6,0.2,388.57,2719.97,3.25,2,1,0,0,0,0
41,M,17181,Divorcé(e),Consulting,Senior Manager,4,21,7,6,1,2,10,3,Infra & Cloud,Frequent,7,7,4,2,4,1,2,2,3,Non,13.0,1977,0.333,0.857,1.0,780.95,4295.24,2.25,1,1,0,0,0,0
41,M,2238,Marié(e),Consulting,Consultant,2,7,5,0,1,2,9,4,Infra & Cloud,Occasionnel,1,4,3,3,1,1,4,3,4,Non,21.0,388,0.714,0.0,0.2,279.75,2237.98,2.75,1,1,0,0,0,0
19,F,1483,Célibataire,Consulting,Consultant,1,1,1,0,0,3,3,1,Transformation Digitale,Occasionnel,0,0,2,3,1,2,4,3,3,Non,14.000000000000002,182,1.0,0.0,0.0,741.5,1482.99,2.75,2,0,0,1,0,0
40,F,5605,Divorcé(e),Consulting,Assistant de Direction,1,20,20,7,1,2,26,3,Transformation Digitale,Frequent,2,13,2,3,2,2,1,3,3,Non,11.0,555,1.0,0.35,0.1,266.9,2802.49,2.0,1,0,0,0,1,0
35,M,7295,Marié(e),Commercial,Cadre Commercial,1,10,10,8,2,3,1,5,Marketing,Occasionnel,0,6,3,3,3,2,1,3,3,Non,13.0,839,1.0,0.8,0.0,663.18,2431.66,2.25,1,0,0,0,0,0
53,M,2306,Marié(e),Commercial,Représentant Commercial,2,13,7,7,1,3,6,2,Marketing,Occasionnel,4,5,2,3,2,3,4,1,4,Oui,20.0,384,0.538,1.0,0.571,164.71,1152.99,2.5,1,1,1,0,0,0
45,M,2348,Divorcé(e),Consulting,Consultant,8,20,17,9,1,2,9,3,Infra & Cloud,Occasionnel,0,15,2,3,2,2,3,1,3,Non,18.0,358,0.85,0.529,0.0,111.81,1173.99,2.0,1,0,0,0,0,1
32,F,8998,Célibataire,Commercial,Cadre Commercial,1,9,9,8,0,2,8,3,Marketing,Frequent,3,7,2,3,3,4,4,3,3,Non,14.000000000000002,1105,1.0,0.889,0.333,899.8,2999.32,3.25,2,0,0,0,0,0
29,M,4319,Marié(e),Consulting,Tech Lead,1,10,10,7,1,1,1,1,Entrepreunariat,Aucun,0,9,4,3,2,3,1,3,3,Non,13.0,497,1.0,0.7,0.0,392.64,2159.49,2.75,1,0,0,0,0,0
51,M,6132,Marié(e),Consulting,Tech Lead,2,10,1,0,0,2,7,4,Transformation Digitale,Occasionnel,0,0,2,2,2,3,3,3,3,Non,17.0,891,0.1,0.0,0.0,557.45,3065.98,2.75,2,1,0,0,0,0
58,F,3346,Marié(e),Consulting,Assistant de Direction,4,9,1,0,1,3,9,3,Transformation Digitale,Occasionnel,0,0,2,2,1,2,2,2,4,Oui,20.0,558,0.111,0.0,0.0,334.6,3345.97,2.0,2,2,1,0,0,0
40,M,10855,Marié(e),Commercial,Cadre Commercial,7,15,12,11,1,2,4,4,Marketing,Occasionnel,2,11,3,2,3,4,1,2,3,Non,11.0,1076,0.8,0.917,0.167,678.44,3618.32,2.5,1,1,0,0,0,1
34,F,2231,Marié(e),Commercial,Représentant Commercial,6,6,4,3,1,3,2,4,Marketing,Frequent,1,2,3,3,1,3,4,3,3,Non,18.0,340,0.667,0.75,0.25,318.71,2230.98,3.25,3,0,0,0,0,1
22,M,2323,Marié(e),Consulting,Assistant de Direction,1,2,2,2,2,6,19,1,Transformation Digitale,Occasionnel,2,2,3,3,1,4,1,3,4,Non,24.0,450,1.0,1.0,1.0,774.33,2322.98,2.75,1,1,0,1,1,0
27,M,2024,Divorcé(e),Consulting,Assistant de Direction,6,6,2,2,1,1,9,3,Transformation Digitale,Aucun,2,2,4,3,1,2,4,1,3,Non,18.0,309,0.333,1.0,1.0,289.14,2023.98,2.75,1,0,0,1,0,1
28,M,2713,Marié(e),Consulting,Assistant de Direction,1,5,5,2,1,2,21,3,Transformation Digitale,Occasionnel,0,2,3,3,1,4,3,1,3,Non,11.0,269,1.0,0.4,0.0,452.17,2712.97,2.75,1,0,0,0,1,0
57,M,9439,Divorcé(e),Consulting,Manager,3,12,5,3,1,2,24,2,Infra & Cloud,Occasionnel,1,4,3,4,3,4,2,1,3,Oui,16.0,1302,0.417,0.6,0.2,726.08,3146.32,2.5,1,-1,0,0,1,0
27,M,2566,Divorcé(e),Consulting,Assistant de Direction,1,1,1,1,1,2,3,3,Transformation Digitale,Aucun,0,1,3,2,1,3,4,2,3,Oui,15.0,335,1.0,1.0,0.0,1283.0,2565.97,3.0,2,1,1,1,0,0
50,F,19926,Célibataire,Consulting,Senior Manager,3,21,5,4,0,5,11,3,Infra & Cloud,Occasionnel,4,4,3,3,5,2,2,3,3,Non,15.0,2599,0.238,0.8,0.8,905.73,3985.19,2.5,2,0,0,0,0,0
41,M,2451,Divorcé(e),Consulting,Assistant de Direction,4,13,9,8,1,2,14,3,Infra & Cloud,Occasionnel,1,8,1,3,1,3,1,3,3,Non,12.0,263,0.692,0.889,0.111,175.07,2450.98,2.0,1,0,0,0,0,0
30,F,9419,Marié(e),Commercial,Cadre Commercial,2,12,10,9,1,2,5,3,Infra & Cloud,Occasionnel,7,4,2,3,3,4,3,3,3,Non,12.0,1009,0.833,0.9,0.7,724.54,3139.66,3.0,2,0,0,0,0,0
38,F,8686,Célibataire,Commercial,Cadre Commercial,4,12,8,3,0,2,1,4,Infra & Cloud,Occasionnel,0,7,1,2,2,4,3,4,4,Non,22.0,1566,0.667,0.375,0.0,668.15,4342.98,3.0,1,2,0,0,0,0
32,M,3038,Célibataire,Consulting,Assistant de Direction,3,8,5,4,0,2,6,5,Infra & Cloud,Occasionnel,1,4,3,3,1,3,1,3,4,Non,20.0,506,0.625,0.8,0.2,337.56,3037.97,2.5,1,1,0,0,0,0
27,M,3058,Marié(e),Consulting,Assistant de Direction,0,6,5,2,1,3,17,3,Entrepreunariat,Occasionnel,1,1,3,3,1,2,4,2,3,Oui,16.0,422,0.833,0.4,0.2,436.86,3057.97,2.75,2,0,1,0,1,0
19,F,2325,Célibataire,Commercial,Représentant Commercial,0,1,0,0,0,5,1,1,Entrepreunariat,Frequent,0,0,3,1,1,1,1,4,4,Non,21.0,404,0.0,0.0,0.0,1162.5,2324.98,2.25,1,3,0,1,0,0
36,M,2088,Célibataire,Consulting,Consultant,4,13,8,7,0,3,3,2,Transformation Digitale,Frequent,7,2,4,3,1,2,3,2,3,Non,12.0,224,0.615,0.875,0.875,149.14,2087.98,2.75,2,0,0,0,0,0
30,M,3072,Divorcé(e),Consulting,Consultant,1,12,12,9,2,4,9,3,Transformation Digitale,Aucun,6,10,3,3,2,1,3,3,3,Non,11.0,304,1.0,0.75,0.5,236.31,1535.99,2.5,1,0,0,0,0,0
45,F,5006,Divorcé(e),Commercial,Cadre Commercial,4,9,5,4,1,3,4,2,Infra & Cloud,Occasionnel,0,3,3,3,2,1,1,4,3,Oui,11.0,496,0.556,0.8,0.0,500.6,2502.99,2.25,1,0,0,0,0,0
56,F,4257,Divorcé(e),Consulting,Assistant de Direction,4,19,2,2,1,3,8,3,Infra & Cloud,Occasionnel,2,2,3,3,1,1,3,3,3,Oui,18.0,649,0.105,1.0,1.0,212.85,4256.96,2.5,1,0,1,0,0,0
33,M,2500,Célibataire,Consulting,Assistant de Direction,0,4,3,1,0,2,2,3,Infra & Cloud,Occasionnel,0,2,3,3,1,4,1,4,3,Non,14.000000000000002,307,0.75,0.333,0.0,500.0,2499.98,3.0,1,0,0,0,0,0
19,M,1102,Célibataire,Consulting,Consultant,1,1,1,0,0,3,2,3,Infra & Cloud,Occasionnel,1,0,2,2,1,4,3,2,4,Non,22.0,199,1.0,0.0,1.0,551.0,1101.99,2.75,2,2,0,1,0,0
46,F,10453,Divorcé(e),Commercial,Cadre Commercial,1,24,24,13,3,2,1,2,Marketing,Occasionnel,15,7,2,3,3,1,3,3,4,Non,25.0,2091,1.0,0.542,0.625,418.12,3484.32,2.25,1,1,0,0,0,0
38,F,2288,Célibataire,Consulting,Consultant,1,2,2,2,0,3,9,2,Infra & Cloud,Occasionnel,2,1,3,3,1,4,3,3,3,Non,12.0,245,1.0,1.0,1.0,762.67,2287.98,3.25,3,0,0,0,0,0
31,F,3929,Marié(e),Consulting,Assistant de Direction,8,7,4,2,1,0,12,1,Transformation Digitale,Occasionnel,0,2,3,3,1,4,3,3,4,Oui,23.0,735,0.571,0.5,0.0,491.12,3928.96,3.25,3,1,1,0,0,1
34,F,2311,Célibataire,Consulting,Assistant de Direction,2,9,3,2,0,3,27,2,Transformation Digitale,Occasionnel,1,2,4,3,1,2,4,3,3,Non,15.0,301,0.333,0.667,0.333,231.1,2310.98,3.25,2,0,0,0,1,0
41,F,3140,Célibataire,Commercial,Représentant Commercial,1,4,4,3,0,5,20,2,Marketing,Occasionnel,0,2,2,3,1,2,4,2,4,Oui,22.0,566,1.0,0.75,0.0,628.0,3139.97,2.5,2,1,1,0,1,0
50,M,3690,Marié(e),Consulting,Consultant,2,5,3,2,1,2,1,3,Transformation Digitale,Occasionnel,0,2,3,2,1,3,4,2,3,Non,15.0,481,0.6,0.667,0.0,615.0,3689.96,3.0,2,1,0,0,0,0
53,F,4450,Divorcé(e),Consulting,Tech Lead,1,5,4,2,2,3,13,2,Transformation Digitale,Occasionnel,1,3,4,4,2,1,3,3,3,Non,11.0,441,0.8,0.5,0.25,741.67,2224.99,2.75,1,-1,0,0,0,0
33,F,2756,Marié(e),Consulting,Assistant de Direction,1,8,8,7,1,5,14,3,Transformation Digitale,Occasionnel,1,6,4,3,1,2,4,3,3,Non,13.0,317,1.0,0.875,0.125,306.22,2755.97,3.25,2,0,0,0,0,0
40,F,19033,Marié(e),Consulting,Senior Manager,1,21,20,8,1,2,4,1,Transformation Digitale,Occasionnel,9,9,4,3,5,3,2,3,3,Non,14.000000000000002,2337,0.952,0.4,0.45,865.14,3806.59,3.0,2,0,0,0,0,0
55,M,18722,Célibataire,Consulting,Directeur Technique,8,36,24,15,0,3,14,4,Transformation Digitale,Occasionnel,2,15,3,4,5,2,4,3,3,Non,11.0,1855,0.667,0.625,0.083,506.0,3744.39,3.0,2,-1,0,0,0,1
34,M,9547,Marié(e),Consulting,Tech Lead,1,10,10,9,0,2,2,1,Infra & Cloud,Frequent,1,9,4,2,2,3,3,2,3,Non,17.0,1387,1.0,0.9,0.1,867.91,4773.48,3.0,2,1,0,0,0,0
51,F,13734,Célibataire,Consulting,Manager,3,21,7,7,0,6,3,3,Transformation Digitale,Occasionnel,1,0,4,3,4,2,3,3,3,Non,18.0,2095,0.333,1.0,0.143,624.27,3433.49,3.0,2,0,0,0,0,0
52,M,19999,Marié(e),Consulting,Senior Manager,0,34,33,18,1,5,1,4,Infra & Cloud,Occasionnel,11,9,3,2,5,3,1,3,3,Non,14.000000000000002,2456,0.971,0.545,0.333,571.4,3999.79,2.5,1,1,0,0,0,0
27,F,2279,Célibataire,Consulting,Assistant de Direction,1,7,7,7,0,2,9,3,Transformation Digitale,Occasionnel,0,3,4,3,1,2,4,2,3,Non,16.0,314,1.0,1.0,0.0,284.88,2278.98,3.0,2,0,0,0,0,0
35,M,5916,Marié(e),Consulting,Tech Lead,3,8,1,0,0,1,23,2,Infra & Cloud,Occasionnel,0,1,2,2,2,3,1,3,3,Oui,13.0,681,0.125,0.0,0.0,657.33,2957.99,2.25,1,1,0,0,1,0
43,M,2089,Divorcé(e),Consulting,Assistant de Direction,4,7,5,4,3,3,7,3,Transformation Digitale,Aucun,2,2,4,4,1,4,4,4,3,Non,14.000000000000002,257,0.714,0.8,0.4,261.12,2088.98,4.0,4,-1,0,0,0,0
45,M,16792,Marié(e),Consulting,Senior Manager,9,22,20,8,1,1,2,2,Transformation Digitale,Aucun,11,8,1,2,4,4,4,3,4,Non,23.0,3140,0.909,0.4,0.55,730.09,4197.99,3.0,1,2,0,0,0,1
37,M,3564,Marié(e),Consulting,Assistant de Direction,1,8,8,7,1,3,21,3,Infra & Cloud,Occasionnel,1,7,2,4,1,1,1,2,3,Oui,12.0,382,1.0,0.875,0.125,396.0,3563.96,1.5,1,-1,1,0,1,0
35,F,4425,Célibataire,Consulting,Consultant,5,10,6,2,0,5,2,3,Transformation Digitale,Frequent,1,2,2,3,2,2,4,3,3,Non,11.0,439,0.6,0.333,0.167,402.27,2212.49,2.75,2,0,0,0,0,1
42,F,5265,Divorcé(e),Consulting,Tech Lead,2,11,5,3,1,5,21,2,Transformation Digitale,Aucun,0,2,3,3,2,3,2,3,3,Non,16.0,726,0.455,0.6,0.0,438.75,2632.49,2.75,2,0,0,0,1,0
38,M,6553,Marié(e),Consulting,Tech Lead,9,14,1,0,0,3,2,4,Infra & Cloud,Occasionnel,0,0,4,3,2,3,2,3,3,Non,14.000000000000002,805,0.071,0.0,0.0,436.87,3276.48,3.0,2,0,0,0,0,1
38,M,6261,Marié(e),Consulting,Tech Lead,3,9,7,7,1,3,29,3,Entrepreunariat,Occasionnel,1,7,4,3,2,4,1,1,3,Non,18.0,955,0.778,1.0,0.143,626.1,3130.48,2.5,1,0,0,0,1,0
27,M,4298,Marié(e),Consulting,Tech Lead,5,6,2,2,1,1,1,1,Entrepreunariat,Frequent,2,0,3,2,2,1,3,3,3,Non,19.0,686,0.333,1.0,1.0,614.0,2148.99,2.5,1,1,0,1,0,1
49,M,6804,Divorcé(e),Consulting,Tech Lead,1,7,7,7,2,0,18,4,Infra & Cloud,Aucun,1,7,4,3,2,4,1,3,3,Oui,15.0,887,1.0,1.0,0.143,850.5,3401.98,3.0,1,0,0,0,1,0
34,M,3815,Divorcé(e),Consulting,Assistant de Direction,1,5,5,3,1,4,10,4,Transformation Digitale,Frequent,2,0,4,3,1,3,4,4,3,Oui,17.0,554,1.0,0.6,0.4,635.83,3814.96,3.75,3,0,1,0,0,0
40,M,2741,Marié(e),Consulting,Consultant,8,15,7,2,1,2,19,2,Transformation Digitale,Occasionnel,3,7,3,3,2,4,3,4,3,Oui,15.0,358,0.467,0.286,0.429,171.31,1370.49,3.5,3,0,1,0,1,1
38,M,6673,Marié(e),Consulting,Manager,7,17,1,0,0,2,29,1,Transformation Digitale,Occasionnel,0,0,2,3,2,1,2,3,3,Oui,19.0,1065,0.059,0.0,0.0,370.72,3336.48,2.0,1,0,0,0,1,1
29,F,7639,Marié(e),Commercial,Cadre Commercial,1,10,10,4,3,3,27,3,Marketing,Occasionnel,1,9,2,3,3,4,4,2,4,Non,22.0,1378,1.0,0.4,0.1,694.45,2546.32,3.0,2,1,0,0,1,0
22,M,2328,Divorcé(e),Consulting,Assistant de Direction,1,4,4,2,1,2,5,3,Infra & Cloud,Occasionnel,2,2,4,4,1,2,1,2,3,Oui,16.0,321,1.0,0.5,0.5,465.6,2327.98,2.25,1,-1,1,0,0,0
36,F,2153,Célibataire,Consulting,Consultant,1,8,8,1,0,2,18,1,Transformation Digitale,Frequent,1,7,2,3,1,4,1,3,3,Non,13.0,248,1.0,0.125,0.125,239.22,2152.98,2.5,1,0,0,0,1,0
40,M,4876,Marié(e),Consulting,Manager,9,5,3,2,1,5,9,5,Infra & Cloud,Aucun,0,2,4,2,2,4,4,1,3,Non,14.000000000000002,599,0.6,0.667,0.0,812.67,2437.99,3.25,1,1,0,0,0,1
46,M,9396,Divorcé(e),Consulting,Manager,7,17,4,2,1,3,1,4,Transformation Digitale,Occasionnel,0,3,4,3,3,1,3,3,3,Non,16.0,1296,0.235,0.5,0.0,522.0,3131.99,2.75,1,0,0,0,0,1
32,M,10400,Marié(e),Commercial,Cadre Commercial,1,14,14,8,0,2,4,4,Transformation Digitale,Occasionnel,9,8,4,1,3,4,3,2,3,Non,11.0,1031,1.0,0.571,0.643,693.33,3466.66,3.25,2,2,0,0,0,0
30,M,8474,Célibataire,Consulting,Tech Lead,1,12,11,8,0,2,1,1,Infra & Cloud,Aucun,5,8,3,2,3,3,3,3,4,Non,22.0,1528,0.917,0.727,0.455,651.85,2824.66,3.0,3,2,0,0,0,0
27,F,9981,Célibataire,Commercial,Cadre Commercial,1,7,7,7,0,2,20,3,Infra & Cloud,Frequent,0,7,4,3,2,3,4,3,3,Non,14.000000000000002,1226,1.0,1.0,0.0,1247.62,4990.48,3.5,3,0,0,0,1,0
51,M,12490,Marié(e),Consulting,Directeur Technique,5,16,10,9,2,5,8,4,Infra & Cloud,Occasionnel,4,7,2,2,3,2,4,1,3,Non,16.0,1723,0.625,0.9,0.4,734.71,4163.32,2.25,1,1,0,0,0,1
30,F,2657,Célibataire,Consulting,Assistant de Direction,5,8,5,2,0,5,3,3,Entrepreunariat,Occasionnel,0,4,4,3,1,1,3,3,3,Oui,11.0,263,0.625,0.4,0.0,295.22,2656.97,2.75,1,0,1,0,0,1
41,F,13591,Célibataire,Commercial,Senior Manager,3,16,1,0,0,3,6,3,Infra & Cloud,Occasionnel,0,0,4,3,3,4,3,3,3,Oui,18.0,2073,0.062,0.0,0.0,799.47,4530.32,3.5,3,0,0,0,0,0
30,F,6696,Célibataire,Commercial,Cadre Commercial,5,9,6,3,0,5,26,4,Marketing,Frequent,0,1,3,2,2,1,3,2,3,Non,15.0,873,0.667,0.5,0.0,669.6,3347.98,2.25,1,1,0,0,1,1
29,M,2058,Célibataire,Consulting,Assistant de Direction,0,7,6,2,0,1,1,3,Entrepreunariat,Occasionnel,1,5,3,3,1,3,4,2,3,Non,14.000000000000002,253,0.857,0.333,0.167,257.25,2057.98,3.0,2,0,0,0,0,0
45,F,8865,Célibataire,Commercial,Cadre Commercial,6,23,19,7,0,2,6,3,Transformation Digitale,Aucun,12,8,4,2,3,4,4,3,3,Non,12.0,950,0.826,0.368,0.632,369.38,2954.99,3.75,3,1,0,0,0,1
54,F,5940,Marié(e),Commercial,Cadre Commercial,2,16,6,2,1,4,3,3,Marketing,Occasionnel,0,5,4,3,2,1,4,3,3,Non,14.000000000000002,729,0.375,0.333,0.0,349.41,2969.99,3.0,1,0,0,0,0,0
36,M,5914,Célibataire,Consulting,Consultant,8,16,13,11,0,3,5,2,Infra & Cloud,Occasionnel,3,7,4,3,2,2,4,4,3,Non,16.0,816,0.812,0.846,0.231,347.88,2956.99,3.5,2,0,0,0,0,1
33,F,2622,Marié(e),Consulting,Assistant de Direction,6,7,3,2,0,3,4,4,Transformation Digitale,Occasionnel,1,1,3,2,1,2,4,3,4,Non,21.0,455,0.429,0.667,0.333,327.75,2621.97,3.0,2,2,0,0,0,1
37,M,12185,Divorcé(e),Consulting,Directeur Technique,1,10,10,8,3,1,11,3,Autre,Frequent,0,7,2,3,3,4,3,3,3,Oui,14.000000000000002,1496,1.0,0.8,0.0,1107.73,4061.65,3.0,2,0,0,0,0,0
38,M,10609,Divorcé(e),Commercial,Cadre Commercial,0,17,16,10,2,6,3,3,Infra & Cloud,Occasionnel,5,13,1,3,3,3,3,2,3,Non,12.0,1137,0.941,0.625,0.312,589.39,3536.32,2.25,1,0,0,0,0,0
31,M,4345,Marié(e),Consulting,Tech Lead,0,6,5,4,1,2,1,4,Transformation Digitale,Aucun,1,4,3,1,2,3,4,3,3,Non,12.0,466,0.833,0.8,0.2,620.71,2172.49,3.25,3,2,0,0,0,0
59,M,2177,Marié(e),Consulting,Assistant de Direction,3,7,1,0,1,6,3,3,Infra & Cloud,Occasionnel,0,0,3,2,1,4,1,3,3,Non,17.0,316,0.143,0.0,0.0,272.12,2176.98,2.75,1,1,0,0,0,0
37,M,2793,Divorcé(e),Commercial,Représentant Commercial,4,13,9,8,1,2,4,4,Marketing,Frequent,5,8,1,3,1,4,3,3,3,Non,17.0,406,0.692,0.889,0.556,199.5,2792.97,2.75,1,0,0,0,0,0
29,F,7918,Marié(e),Commercial,Cadre Commercial,1,11,11,10,1,5,1,1,Transformation Digitale,Frequent,4,1,2,3,3,4,4,3,3,Non,14.000000000000002,972,1.0,0.909,0.364,659.83,2639.32,3.25,2,0,0,0,0,0
35,F,8789,Célibataire,Commercial,Cadre Commercial,1,10,10,7,0,3,1,3,Marketing,Frequent,0,8,3,3,3,3,1,4,3,Non,14.000000000000002,1079,1.0,0.7,0.0,799.0,2929.66,2.75,1,0,0,0,0,0
29,M,2389,Célibataire,Consulting,Assistant de Direction,1,4,4,3,0,3,18,1,Transformation Digitale,Occasionnel,0,1,3,2,1,4,3,2,3,Oui,13.0,275,1.0,0.75,0.0,477.8,2388.98,3.0,2,1,1,0,1,0
52,F,3212,Célibataire,Consulting,Consultant,7,6,2,2,0,3,2,3,Infra & Cloud,Occasionnel,2,2,3,2,1,4,2,2,3,Non,15.0,419,0.333,1.0,1.0,458.86,3211.97,2.75,2,1,0,0,0,1
42,M,19232,Marié(e),Consulting,Senior Manager,1,22,22,17,0,3,4,2,Entrepreunariat,Occasionnel,11,15,3,3,5,4,4,3,3,Non,11.0,1906,1.0,0.773,0.5,836.17,3846.39,3.5,3,0,0,0,0,0
59,M,2267,Marié(e),Ressources Humaines,Ressources Humaines,8,7,2,2,0,2,6,2,Transformation Digitale,Occasionnel,2,2,2,3,1,3,4,2,3,Non,17.0,329,0.286,1.0,1.0,283.38,2266.98,2.75,2,0,0,0,0,1
50,F,19517,Divorcé(e),Commercial,Senior Manager,3,32,7,0,1,3,1,4,Transformation Digitale,Occasionnel,0,6,4,3,5,4,3,2,3,Non,11.0,1934,0.219,0.0,0.0,591.42,3903.39,3.25,2,0,0,0,0,0
33,M,2436,Marié(e),Consulting,Consultant,5,8,5,4,1,2,14,3,Transformation Digitale,Occasionnel,0,4,3,3,1,4,3,1,3,Oui,13.0,280,0.625,0.8,0.0,270.67,2435.98,2.75,1,0,1,0,0,1
43,F,16064,Marié(e),Commercial,Senior Manager,5,22,17,13,1,3,16,3,Marketing,Occasionnel,1,9,4,3,4,4,3,3,4,Oui,22.0,2897,0.773,0.765,0.059,698.43,4015.99,3.5,3,1,0,0,1,1
33,F,2707,Marié(e),Consulting,Consultant,7,13,9,7,0,3,2,2,Infra & Cloud,Occasionnel,1,7,1,3,1,1,1,4,4,Non,20.0,451,0.692,0.778,0.111,193.36,2706.97,1.75,1,1,0,0,0,1
52,M,19068,Célibataire,Commercial,Senior Manager,1,33,33,7,0,2,2,4,Infra & Cloud,Aucun,15,12,1,2,5,3,4,4,3,Oui,18.0,2909,1.0,0.212,0.455,560.82,3813.59,3.0,1,1,0,0,0,0
32,F,3931,Marié(e),Commercial,Représentant Commercial,2,6,4,3,1,5,4,2,Infra & Cloud,Occasionnel,1,2,3,3,1,2,1,3,3,Non,11.0,390,0.667,0.75,0.25,561.57,3930.96,2.25,1,0,0,0,0,0
32,M,3730,Célibataire,Consulting,Consultant,0,4,3,2,0,2,1,3,Infra & Cloud,Occasionnel,1,2,4,2,1,3,4,1,3,Oui,14.000000000000002,458,0.75,0.667,0.333,746.0,3729.96,3.0,1,1,1,0,0,0
39,F,2232,Divorcé(e),Consulting,Consultant,7,7,3,2,3,1,1,4,Transformation Digitale,Occasionnel,1,2,3,3,1,3,3,3,3,Non,14.000000000000002,274,0.429,0.667,0.333,279.0,2231.98,3.0,3,0,0,0,0,1
32,M,4465,Marié(e),Commercial,Cadre Commercial,0,4,3,2,0,2,26,4,Marketing,Aucun,2,2,3,3,2,4,1,3,3,Non,18.0,681,0.75,0.667,0.667,893.0,2232.49,2.75,1,0,0,0,1,0
41,M,3072,Divorcé(e),Consulting,Assistant de Direction,2,17,1,0,2,2,19,2,Infra & Cloud,Occasionnel,0,0,3,3,2,1,1,2,3,Non,16.0,424,0.059,0.0,0.0,170.67,1535.99,1.75,1,0,0,0,1,0
40,M,3319,Divorcé(e),Consulting,Assistant de Direction,1,9,9,8,2,3,24,2,Entrepreunariat,Occasionnel,4,7,1,3,2,4,1,3,3,Non,17.0,482,1.0,0.889,0.444,331.9,1659.49,2.25,1,0,0,0,1,0
45,M,19202,Marié(e),Consulting,Senior Manager,0,25,24,0,1,2,1,3,Autre,Occasionnel,1,7,3,4,5,4,3,3,3,Non,11.0,1903,0.96,0.0,0.042,738.54,3840.39,3.25,3,-1,0,0,0,0
31,M,13675,Divorcé(e),Consulting,Directeur Technique,9,9,2,2,1,3,3,4,Transformation Digitale,Frequent,2,2,2,3,3,3,1,3,3,Non,12.0,1465,0.222,1.0,1.0,1367.5,4558.32,2.25,1,0,0,0,0,1
33,F,2911,Marié(e),Consulting,Assistant de Direction,1,2,2,2,1,2,5,4,Infra & Cloud,Occasionnel,0,2,3,2,1,4,3,2,3,Non,13.0,335,1.0,1.0,0.0,970.33,2910.97,3.0,2,1,0,0,0,0
34,M,5957,Marié(e),Consulting,Tech Lead,6,13,11,9,1,3,2,4,Infra & Cloud,Occasionnel,5,9,4,2,2,1,2,3,3,Non,13.0,685,0.846,0.818,0.455,425.5,2978.49,2.5,1,1,0,0,0,1
37,F,3920,Marié(e),Consulting,Assistant de Direction,2,17,3,1,1,2,1,2,Transformation Digitale,Occasionnel,0,2,3,2,1,1,1,2,3,Non,14.000000000000002,481,0.176,0.333,0.0,217.78,3919.96,1.75,1,1,0,0,0,0
45,M,6434,Marié(e),Consulting,Tech Lead,4,9,3,2,1,1,7,4,Infra & Cloud,Frequent,0,2,1,4,2,3,4,3,3,Non,17.0,935,0.333,0.667,0.0,643.4,3216.98,2.75,1,-1,0,0,0,0
37,M,10048,Divorcé(e),Consulting,Tech Lead,6,17,1,0,2,5,10,3,Transformation Digitale,Frequent,0,0,1,3,3,3,2,3,3,Non,11.0,996,0.059,0.0,0.0,558.22,3349.32,2.25,1,0,0,0,0,1
39,F,10938,Célibataire,Consulting,Manager,0,20,19,6,0,1,2,4,Entrepreunariat,Frequent,11,8,3,3,3,3,4,3,4,Non,25.0,2188,0.95,0.316,0.579,520.86,3645.99,3.25,3,1,0,0,0,0
29,M,2340,Célibataire,Consulting,Assistant de Direction,1,6,6,5,0,1,15,3,Infra & Cloud,Occasionnel,1,5,3,3,1,4,1,3,3,Non,19.0,374,1.0,0.833,0.167,334.29,2339.98,2.75,1,0,0,0,1,0
42,F,6545,Célibataire,Consulting,Assistant de Direction,3,10,3,2,0,1,17,2,Infra & Cloud,Occasionnel,0,2,4,4,2,1,3,3,3,Oui,13.0,753,0.3,0.667,0.0,595.0,3272.48,2.75,1,-1,0,0,1,0
29,M,6931,Divorcé(e),Commercial,Cadre Commercial,2,10,3,2,1,2,20,2,Marketing,Occasionnel,0,2,4,3,2,4,4,3,3,Non,14.000000000000002,851,0.3,0.667,0.0,630.09,3465.48,3.75,3,0,0,0,1,0
25,F,4898,Marié(e),Consulting,Tech Lead,0,5,4,2,2,3,1,3,Infra & Cloud,Occasionnel,1,2,1,3,2,3,4,3,3,Non,12.0,525,0.8,0.5,0.25,816.33,2448.99,2.75,1,0,0,0,0,0
42,F,2593,Divorcé(e),Consulting,Consultant,0,10,9,6,1,4,2,3,Transformation Digitale,Occasionnel,7,8,4,2,1,1,3,3,3,Oui,11.0,257,0.9,0.667,0.778,235.73,2592.97,2.75,1,1,1,0,0,0
40,M,19436,Divorcé(e),Consulting,Directeur Technique,0,22,21,7,1,5,2,2,Transformation Digitale,Occasionnel,3,9,1,3,5,3,4,3,3,Non,19.0,3103,0.955,0.333,0.143,845.04,3887.19,2.75,1,0,0,0,0,0
51,M,2723,Marié(e),Consulting,Assistant de Direction,1,1,1,0,0,0,1,3,Infra & Cloud,Occasionnel,0,0,3,3,1,4,2,2,3,Non,11.0,270,1.0,0.0,0.0,1361.5,2722.97,2.75,2,0,0,0,0,0
31,M,3479,Célibataire,Consulting,Consultant,0,6,5,4,0,2,29,2,Transformation Digitale,Frequent,1,4,3,2,1,2,2,4,3,Non,11.0,345,0.833,0.8,0.2,497.0,3478.97,2.75,2,1,0,0,1,0
32,M,2794,Marié(e),Consulting,Consultant,1,5,5,1,0,3,7,3,Infra & Cloud,Frequent,0,3,2,4,1,2,3,1,4,Non,20.0,466,1.0,0.2,0.0,465.67,2793.97,2.0,1,0,0,0,0,0
38,M,5249,Marié(e),Commercial,Cadre Commercial,3,13,8,7,1,0,2,2,Infra & Cloud,Aucun,7,5,4,2,2,4,4,3,3,Non,18.0,801,0.615,0.875,0.875,374.93,2624.49,3.75,3,1,0,0,0,0
32,M,2176,Célibataire,Consulting,Consultant,4,9,6,2,0,5,2,1,Entrepreunariat,Occasionnel,0,4,4,2,2,1,4,3,3,Non,13.0,250,0.667,0.333,0.0,217.6,1087.99,3.0,1,1,0,0,0,0
46,F,16872,Marié(e),Commercial,Senior Manager,3,28,7,7,1,2,2,3,Entrepreunariat,Occasionnel,7,7,3,1,4,2,2,2,3,Oui,12.0,1808,0.25,1.0,1.0,581.79,4217.99,2.25,2,2,0,0,0,0
28,M,3485,Célibataire,Consulting,Consultant,2,5,0,0,0,5,2,4,Infra & Cloud,Occasionnel,0,0,1,3,1,3,3,1,3,Non,11.0,345,0.0,0.0,0.0,580.83,3484.97,2.0,1,0,0,1,0,0
29,M,6644,Marié(e),Commercial,Cadre Commercial,2,10,0,0,2,2,2,3,Transformation Digitale,Occasionnel,0,0,1,2,2,2,2,3,3,Non,19.0,1061,0.0,0.0,0.0,604.0,3321.98,2.0,1,1,0,1,0,0
31,M,5582,Marié(e),Consulting,Manager,0,10,9,0,1,2,23,3,Transformation Digitale,Occasionnel,7,8,2,2,2,4,2,3,4,Non,21.0,969,0.9,0.0,0.778,507.45,2790.99,2.75,2,2,0,0,1,0
25,M,4000,Divorcé(e),Consulting,Manager,1,6,6,3,2,2,5,2,Infra & Cloud,Aucun,1,5,2,4,2,1,4,3,3,Non,12.0,429,1.0,0.5,0.167,571.43,1999.99,2.5,1,-1,0,0,0,0
45,M,13496,Marié(e),Consulting,Manager,0,21,20,7,0,2,20,2,Transformation Digitale,Occasionnel,4,10,3,3,4,4,2,3,3,Oui,14.000000000000002,1657,0.952,0.35,0.2,613.45,3373.99,3.0,2,0,0,0,1,0
36,M,3210,Marié(e),Consulting,Consultant,0,16,15,13,1,4,6,3,Infra & Cloud,Occasionnel,10,11,4,3,1,4,3,3,3,Non,11.0,318,0.937,0.867,0.667,188.82,3209.97,3.5,3,0,0,0,0,0
55,M,19045,Célibataire,Consulting,Senior Manager,0,37,36,10,0,2,1,3,Transformation Digitale,Occasionnel,4,13,4,3,5,1,3,3,3,Oui,14.000000000000002,2339,0.973,0.278,0.111,501.18,3808.99,2.75,1,0,0,0,0,0
47,M,11849,Marié(e),Consulting,Senior Manager,1,10,10,7,1,2,29,4,Infra & Cloud,Aucun,9,9,1,3,3,2,4,2,3,Oui,12.0,1270,1.0,0.7,0.9,1077.18,3949.65,2.25,1,0,0,0,1,0
28,M,2070,Marié(e),Consulting,Assistant de Direction,1,5,5,2,1,3,9,3,Transformation Digitale,Occasionnel,0,4,4,3,1,4,4,2,4,Non,23.0,387,1.0,0.4,0.0,345.0,2069.98,3.5,2,1,0,0,0,0
37,M,6502,Marié(e),Commercial,Cadre Commercial,4,7,5,4,1,5,6,4,Transformation Digitale,Occasionnel,0,1,3,3,2,4,2,4,3,Non,14.000000000000002,798,0.714,0.8,0.0,812.75,3250.98,3.25,2,0,0,0,0,0
21,M,3230,Célibataire,Consulting,Assistant de Direction,1,3,3,2,0,4,3,2,Transformation Digitale,Occasionnel,1,0,4,2,1,3,1,4,3,Non,17.0,469,1.0,0.667,0.333,807.5,3229.97,3.0,1,1,0,0,0,0
37,F,13603,Divorcé(e),Consulting,Directeur Technique,2,15,5,2,2,2,1,4,Transformation Digitale,Aucun,0,2,1,3,3,4,1,3,3,Oui,18.0,2075,0.333,0.4,0.0,850.19,4534.32,2.25,1,0,0,0,0,0
35,F,11996,Divorcé(e),Consulting,Senior Manager,7,10,7,7,1,6,22,3,Infra & Cloud,Occasionnel,6,2,2,4,3,2,2,2,3,Non,18.0,1830,0.7,1.0,0.857,1090.55,3998.65,2.0,2,-1,0,0,1,1
38,F,5605,Divorcé(e),Commercial,Cadre Commercial,1,8,8,0,1,3,7,2,Transformation Digitale,Occasionnel,7,7,1,4,2,1,3,3,4,Oui,24.0,1085,1.0,0.0,0.875,622.78,2802.49,2.0,1,0,0,0,0,0
26,F,6397,Divorcé(e),Consulting,Tech Lead,1,6,6,5,1,6,1,3,Infra & Cloud,Frequent,1,4,3,3,2,2,1,1,4,Non,20.0,1066,1.0,0.833,0.167,913.86,3198.48,1.75,1,1,0,0,0,0
50,M,19144,Divorcé(e),Consulting,Directeur Technique,3,28,10,4,2,4,4,1,Infra & Cloud,Occasionnel,1,6,1,3,5,2,1,2,3,Non,14.000000000000002,2351,0.357,0.4,0.1,660.14,3828.79,1.5,1,0,0,0,0,0
53,M,17584,Marié(e),Consulting,Directeur Technique,3,21,5,3,3,5,3,4,Transformation Digitale,Occasionnel,1,3,3,3,4,3,4,2,3,Oui,16.0,2425,0.238,0.6,0.2,799.27,4395.99,3.0,2,0,0,0,0,0
42,M,4907,Marié(e),Commercial,Cadre Commercial,1,20,20,16,0,3,1,1,Infra & Cloud,Occasionnel,11,6,2,3,2,3,3,3,4,Non,25.0,981,1.0,0.8,0.55,233.67,2453.49,2.75,2,1,0,0,0,0
29,M,4554,Célibataire,Commercial,Cadre Commercial,1,10,10,7,0,3,2,2,Infra & Cloud,Frequent,0,9,2,3,2,4,1,2,3,Non,18.0,695,1.0,0.7,0.0,414.0,2276.99,2.25,1,0,0,0,0,0
55,M,5415,Marié(e),Consulting,Consultant,3,12,10,7,1,4,20,2,Entrepreunariat,Occasionnel,0,8,2,3,2,4,4,3,3,Oui,19.0,865,0.833,0.7,0.0,416.54,2707.49,3.25,2,0,0,0,1,0
26,M,4741,Marié(e),Consulting,Manager,1,5,5,3,1,3,11,2,Transformation Digitale,Frequent,3,3,1,3,2,1,3,3,3,Oui,13.0,545,1.0,0.6,0.6,790.17,2370.49,2.0,1,0,1,0,0,0
37,F,2115,Célibataire,Consulting,Assistant de Direction,1,17,17,12,0,3,1,3,Infra & Cloud,Occasionnel,5,7,4,3,1,4,2,3,3,Non,12.0,227,1.0,0.706,0.294,117.5,2114.98,3.25,2,0,0,0,0,0
44,M,3161,Divorcé(e),Consulting,Consultant,3,19,1,0,1,0,24,3,Infra & Cloud,Frequent,0,0,4,3,1,3,4,1,4,Oui,22.0,570,0.053,0.0,0.0,158.05,3160.97,3.0,1,1,1,0,1,0
38,M,5745,Divorcé(e),Consulting,Manager,9,10,2,2,1,2,23,4,Infra & Cloud,Occasionnel,1,2,4,3,2,4,2,3,3,Non,14.000000000000002,706,0.2,1.0,0.5,522.27,2872.49,3.25,2,0,0,0,1,1
26,M,2373,Divorcé(e),Consulting,Consultant,2,5,3,2,1,2,16,4,Transformation Digitale,Occasionnel,0,2,1,3,1,2,4,3,3,Oui,13.0,273,0.6,0.667,0.0,395.5,2372.98,2.5,1,0,1,0,1,0
28,F,3310,Célibataire,Consulting,Assistant de Direction,1,5,5,3,0,3,8,2,Infra & Cloud,Occasionnel,0,2,4,3,1,4,4,3,4,Non,21.0,574,1.0,0.6,0.0,551.67,3309.97,3.75,3,1,0,0,0,0
49,F,18665,Célibataire,Consulting,Directeur Technique,9,22,3,2,0,4,10,4,Infra & Cloud,Frequent,1,2,3,3,5,1,4,3,3,Oui,11.0,1850,0.136,0.667,0.333,811.52,3732.99,2.75,1,0,0,0,0,1
36,M,4485,Célibataire,Consulting,Assistant de Direction,4,10,8,0,0,2,3,3,Entrepreunariat,Occasionnel,7,7,3,3,2,2,4,3,3,Non,12.0,481,0.8,0.0,0.875,407.73,2242.49,3.0,2,0,0,0,0,0
31,F,2789,Divorcé(e),Commercial,Représentant Commercial,1,2,2,2,1,5,5,3,Marketing,Frequent,2,2,4,3,1,2,3,2,3,Non,11.0,276,1.0,1.0,1.0,929.67,2788.97,2.75,2,0,0,0,0,0
26,M,5828,Célibataire,Commercial,Cadre Commercial,1,8,8,7,0,0,4,4,Marketing,Occasionnel,7,4,4,2,2,4,2,3,3,Oui,12.0,624,1.0,0.875,0.875,647.56,2913.99,3.25,2,1,0,0,0,0
37,M,2326,Marié(e),Consulting,Assistant de Direction,1,4,4,2,3,3,9,3,Transformation Digitale,Frequent,1,2,2,3,1,4,3,2,3,Oui,12.0,249,1.0,0.5,0.25,465.2,2325.98,2.75,2,0,1,0,0,0
42,F,13525,Marié(e),Commercial,Cadre Commercial,5,23,20,4,1,2,26,3,Marketing,Frequent,4,8,3,3,4,2,4,4,3,Non,14.000000000000002,1661,0.87,0.2,0.2,563.54,3381.24,3.25,2,0,0,0,1,1
18,M,1420,Célibataire,Consulting,Consultant,1,0,0,0,0,2,3,3,Infra & Cloud,Occasionnel,0,0,3,3,1,3,3,3,3,Non,13.0,163,0.0,0.0,0.0,1420.0,1419.99,3.0,3,0,0,1,0,0
35,M,8020,Marié(e),Commercial,Cadre Commercial,0,12,11,9,2,3,16,3,Marketing,Occasionnel,6,9,3,3,3,2,3,2,3,Non,15.0,1046,0.917,0.818,0.545,616.92,2673.32,2.5,2,0,0,0,1,0
36,M,3688,Marié(e),Consulting,Consultant,4,4,1,0,2,2,18,4,Infra & Cloud,Frequent,0,0,3,4,1,4,4,3,3,Non,18.0,563,0.25,0.0,0.0,737.6,3687.96,3.5,3,-1,0,0,1,0
51,M,5482,Divorcé(e),Consulting,Tech Lead,5,13,4,1,1,3,2,3,Transformation Digitale,Occasionnel,1,2,4,1,2,2,4,3,3,Non,18.0,836,0.308,0.25,0.25,391.57,2740.99,3.25,2,2,0,0,0,1
41,M,16015,Célibataire,Commercial,Senior Manager,1,22,22,10,0,2,2,4,Infra & Cloud,Occasionnel,0,4,4,3,4,2,2,3,3,Non,19.0,2557,1.0,0.455,0.0,696.3,4003.74,2.75,2,0,0,0,0,0
18,F,1200,Célibataire,Commercial,Représentant Commercial,1,0,0,0,0,2,10,3,Transformation Digitale,Occasionnel,0,0,4,2,1,3,1,3,3,Non,12.0,129,0.0,0.0,0.0,1200.0,1199.99,2.75,1,1,0,1,0,0
28,M,5661,Célibataire,Consulting,Manager,0,9,8,3,0,2,16,2,Transformation Digitale,Occasionnel,0,7,2,4,2,1,3,3,3,Non,19.0,904,0.889,0.375,0.0,566.1,2830.49,2.25,1,-1,0,0,1,0
31,M,6929,Marié(e),Commercial,Cadre Commercial,4,10,8,7,1,3,7,3,Entrepreunariat,Occasionnel,7,7,2,4,2,4,2,2,3,Non,11.0,687,0.8,0.875,0.875,629.91,3464.48,2.5,2,-1,0,0,0,0
39,M,9613,Divorcé(e),Consulting,Manager,0,19,18,10,3,5,1,3,Transformation Digitale,Occasionnel,3,7,3,4,3,4,1,2,3,Non,17.0,1397,0.947,0.556,0.167,480.65,3204.32,2.5,1,-1,0,0,0,0
36,F,5674,Marié(e),Consulting,Consultant,7,11,9,8,1,3,24,4,Infra & Cloud,Aucun,0,8,2,3,2,2,3,3,3,Non,15.0,740,0.818,0.889,0.0,472.83,2836.99,2.5,2,0,0,0,1,1
32,M,5484,Marié(e),Commercial,Cadre Commercial,1,13,13,8,1,3,7,3,Infra & Cloud,Occasionnel,4,8,4,2,2,3,3,2,3,Non,14.000000000000002,673,1.0,0.615,0.308,391.71,2741.99,3.0,2,1,0,0,0,0
38,F,12061,Marié(e),Consulting,Directeur Technique,3,19,10,8,1,2,25,2,Infra & Cloud,Occasionnel,0,1,1,2,3,2,3,3,3,Non,17.0,1752,0.526,0.8,0.0,603.05,4020.32,2.25,1,1,0,0,1,0
58,M,5660,Divorcé(e),Consulting,Manager,2,12,5,3,1,2,1,4,Infra & Cloud,Aucun,1,2,4,1,2,3,4,3,3,Oui,13.0,651,0.417,0.6,0.2,435.38,2829.99,3.5,3,2,0,0,0,0
31,M,4821,Marié(e),Consulting,Assistant de Direction,0,6,5,2,1,4,5,4,Entrepreunariat,Occasionnel,0,3,3,3,1,4,3,3,3,Oui,12.0,517,0.833,0.4,0.0,688.71,4820.95,3.25,3,0,1,0,0,0
31,M,6410,Marié(e),Ressources Humaines,Ressources Humaines,3,9,2,2,0,1,2,3,Ressources Humaines,Occasionnel,1,0,1,2,2,1,4,3,3,Non,12.0,687,0.222,1.0,0.5,641.0,3204.98,2.25,1,1,0,0,0,0
45,M,5210,Divorcé(e),Consulting,Consultant,1,24,24,9,1,2,7,3,Infra & Cloud,Frequent,9,11,1,3,3,1,1,3,3,Non,18.0,795,1.0,0.375,0.375,208.4,1736.66,1.5,1,0,0,0,0,0
31,M,2695,Divorcé(e),Consulting,Assistant de Direction,0,3,2,2,1,2,2,4,Infra & Cloud,Occasionnel,2,2,3,3,1,4,2,1,3,Oui,18.0,411,0.667,1.0,1.0,673.75,2694.97,2.5,1,0,1,0,0,0
33,F,11878,Marié(e),Consulting,Senior Manager,6,12,10,6,2,2,5,4,Infra & Cloud,Frequent,8,8,4,3,3,2,2,3,3,Non,11.0,1177,0.833,0.6,0.8,913.69,3959.32,2.75,2,0,0,0,0,1
39,M,17068,Marié(e),Consulting,Senior Manager,1,21,21,9,0,3,10,1,Transformation Digitale,Occasionnel,11,10,3,3,4,1,4,3,3,Oui,14.000000000000002,2096,1.0,0.429,0.524,775.82,4266.99,2.75,1,0,0,0,0,0
43,F,2455,Célibataire,Consulting,Consultant,0,9,8,7,0,5,10,4,Infra & Cloud,Frequent,1,7,3,3,1,4,1,3,3,Non,19.0,392,0.889,0.875,0.125,245.5,2454.98,2.75,1,0,0,0,0,0
49,F,13964,Célibataire,Consulting,Manager,7,25,7,1,0,2,1,2,Entrepreunariat,Occasionnel,0,7,3,2,4,3,4,3,3,Oui,12.0,1496,0.28,0.143,0.0,537.08,3490.99,3.25,3,1,0,0,0,1
52,M,4941,Marié(e),Consulting,Assistant de Direction,2,11,8,2,0,3,8,4,Transformation Digitale,Occasionnel,7,7,3,2,2,2,1,2,3,Non,15.0,644,0.727,0.25,0.875,411.75,2470.49,2.0,1,1,0,0,0,0
27,F,2478,Célibataire,Consulting,Assistant de Direction,1,4,4,3,0,2,5,3,Infra & Cloud,Occasionnel,1,2,3,3,1,2,2,2,3,Oui,12.0,266,1.0,0.75,0.25,495.6,2477.98,2.25,2,0,1,0,0,0
32,F,5228,Marié(e),Commercial,Cadre Commercial,1,13,13,12,0,2,8,2,Entrepreunariat,Occasionnel,11,9,3,2,2,2,4,3,3,Oui,11.0,518,1.0,0.923,0.846,373.43,2613.99,3.0,2,1,0,0,0,0
27,M,4478,Célibataire,Commercial,Cadre Commercial,1,5,5,4,0,3,2,3,Infra & Cloud,Occasionnel,0,4,4,3,2,3,1,3,3,Oui,11.0,444,1.0,0.8,0.0,746.33,2238.99,2.75,1,0,1,0,0,0
31,M,7547,Divorcé(e),Commercial,Cadre Commercial,4,13,7,7,3,3,7,3,Marketing,Occasionnel,1,7,4,3,2,4,4,3,3,Non,12.0,809,0.538,1.0,0.143,539.07,3773.48,3.75,3,0,0,0,0,0
32,F,5055,Célibataire,Consulting,Assistant de Direction,7,10,7,7,0,0,2,4,Transformation Digitale,Occasionnel,0,7,1,4,2,4,3,2,3,Non,16.0,697,0.7,1.0,0.0,459.55,2527.49,2.5,1,-1,0,0,0,1
28,M,3464,Marié(e),Consulting,Assistant de Direction,5,5,3,2,0,4,2,4,Transformation Digitale,Occasionnel,2,2,1,1,1,4,4,2,3,Oui,13.0,399,0.6,0.667,0.667,577.33,3463.97,2.75,1,2,1,0,0,1
30,F,5775,Marié(e),Consulting,Assistant de Direction,1,11,10,8,2,2,28,2,Transformation Digitale,Occasionnel,1,9,4,3,2,4,4,3,3,Non,13.0,664,0.909,0.8,0.1,481.25,2887.49,3.75,3,0,0,0,1,0
31,F,8943,Marié(e),Consulting,Tech Lead,1,10,10,9,1,2,7,2,Infra & Cloud,Frequent,8,9,3,2,3,3,1,3,4,Non,24.0,1731,1.0,0.9,0.8,813.0,2980.99,2.5,1,2,0,0,0,0
39,M,19272,Marié(e),Consulting,Senior Manager,1,21,21,9,1,2,7,2,Transformation Digitale,Frequent,13,3,3,2,5,4,1,3,3,Non,15.0,2514,1.0,0.429,0.619,876.0,3854.39,2.75,1,1,0,0,0,0
39,F,5238,Marié(e),Commercial,Cadre Commercial,4,12,1,0,0,3,3,2,Transformation Digitale,Occasionnel,0,0,4,3,2,3,1,2,3,Oui,18.0,799,0.083,0.0,0.0,402.92,2618.99,2.5,1,0,0,0,0,0
33,M,4682,Célibataire,Commercial,Cadre Commercial,3,9,7,7,0,6,10,3,Marketing,Frequent,0,1,2,2,2,4,3,2,3,Non,14.000000000000002,575,0.778,1.0,0.0,468.2,2340.99,2.75,2,1,0,0,0,0
47,M,18300,Marié(e),Consulting,Directeur Technique,4,21,3,2,1,2,5,5,Infra & Cloud,Occasionnel,1,1,4,3,5,3,2,3,3,Non,11.0,1814,0.143,0.667,0.333,831.82,3659.99,3.0,2,0,0,0,0,0
43,F,5257,Divorcé(e),Consulting,Consultant,1,9,9,7,1,3,10,4,Infra & Cloud,Frequent,0,0,3,2,2,3,2,4,3,Non,11.0,521,1.0,0.778,0.0,525.7,2628.49,3.0,2,1,0,0,0,0
27,M,6349,Marié(e),Commercial,Cadre Commercial,0,6,5,4,1,0,1,1,Marketing,Aucun,1,4,3,3,2,2,4,3,3,Oui,13.0,730,0.833,0.8,0.2,907.0,3174.48,3.0,2,0,0,0,0,0
54,F,4869,Célibataire,Consulting,Assistant de Direction,3,20,4,3,0,4,20,4,Infra & Cloud,Frequent,0,3,4,3,2,3,4,2,3,Non,12.0,522,0.2,0.75,0.0,231.86,2434.49,3.25,2,0,0,0,1,0
43,F,9985,Marié(e),Consulting,Manager,8,10,1,0,1,1,7,3,Infra & Cloud,Occasionnel,0,0,3,3,3,1,1,2,3,Non,16.0,1377,0.1,0.0,0.0,907.73,3328.32,1.75,1,0,0,0,0,1
45,M,3697,Marié(e),Consulting,Assistant de Direction,9,12,10,9,2,3,8,4,Autre,Occasionnel,9,8,4,3,2,4,1,3,3,Non,14.000000000000002,454,0.833,0.9,0.9,284.38,1848.49,3.0,1,0,0,0,0,1
40,M,7457,Marié(e),Commercial,Cadre Commercial,2,6,4,3,3,2,1,2,Transformation Digitale,Occasionnel,0,2,2,1,2,4,3,2,4,Oui,22.0,1345,0.667,0.75,0.0,1065.29,3728.48,2.75,2,3,0,0,0,0
29,M,2119,Marié(e),Consulting,Consultant,1,7,7,7,0,4,8,4,Autre,Occasionnel,0,7,2,1,1,1,4,2,3,Oui,11.0,210,1.0,1.0,0.0,264.88,2118.98,2.25,1,2,1,0,0,0
29,M,3983,Célibataire,Consulting,Consultant,0,4,3,2,0,2,9,5,Autre,Occasionnel,2,2,2,2,1,4,3,3,3,Non,17.0,579,0.75,0.667,0.667,796.6,3982.96,3.0,2,1,0,0,0,0
30,F,6118,Divorcé(e),Commercial,Cadre Commercial,1,10,10,9,3,2,5,3,Marketing,Occasionnel,1,2,4,2,2,3,3,3,3,Non,13.0,704,1.0,0.9,0.1,556.18,3058.98,3.25,3,1,0,0,0,0
27,F,6214,Marié(e),Commercial,Cadre Commercial,1,8,8,7,1,3,8,4,Marketing,Occasionnel,0,7,2,3,2,2,1,3,3,Non,18.0,948,1.0,0.875,0.0,690.44,3106.98,2.0,1,0,0,0,0,0
37,M,6347,Divorcé(e),Consulting,Tech Lead,7,8,6,2,2,2,5,2,Transformation Digitale,Occasionnel,0,4,4,3,2,4,3,2,3,Non,16.0,875,0.75,0.333,0.0,705.22,3173.48,3.25,2,0,0,0,0,1
38,M,11510,Divorcé(e),Consulting,Directeur Technique,0,12,11,10,1,3,15,2,Infra & Cloud,Occasionnel,2,9,3,2,3,4,2,3,3,Oui,14.000000000000002,1414,0.917,0.909,0.182,885.38,3836.65,3.0,2,1,0,0,1,0
31,F,7143,Célibataire,Consulting,Tech Lead,1,11,11,9,0,2,7,4,Transformation Digitale,Occasionnel,4,10,3,3,3,4,3,2,3,Oui,14.000000000000002,877,1.0,0.818,0.364,595.25,2380.99,3.0,2,0,0,0,0,0
29,F,8268,Divorcé(e),Commercial,Cadre Commercial,1,7,7,7,2,2,10,1,Marketing,Occasionnel,1,7,4,2,2,2,1,3,3,Oui,14.000000000000002,1015,1.0,1.0,0.143,1033.5,4133.98,2.5,1,1,0,0,0,0
35,M,8095,Célibataire,Consulting,Tech Lead,0,17,16,6,0,5,5,4,Entrepreunariat,Occasionnel,0,13,3,3,3,2,4,3,3,Non,13.0,931,0.941,0.375,0.0,449.72,2698.32,3.0,2,0,0,0,0,0
23,M,2904,Divorcé(e),Consulting,Assistant de Direction,1,4,4,2,2,2,26,1,Infra & Cloud,Occasionnel,0,2,3,3,1,4,3,2,3,Non,12.0,311,1.0,0.5,0.0,580.8,2903.97,3.0,2,0,0,0,1,0
41,M,6032,Célibataire,Consulting,Tech Lead,6,8,5,4,0,3,6,3,Transformation Digitale,Occasionnel,1,2,4,2,2,2,4,3,3,Oui,15.0,787,0.625,0.8,0.2,670.22,3015.98,3.25,2,1,0,0,0,1
47,M,2976,Célibataire,Commercial,Représentant Commercial,3,5,0,0,0,3,4,1,Transformation Digitale,Frequent,0,0,2,3,2,3,1,3,3,Non,19.0,475,0.0,0.0,0.0,496.0,1487.99,2.25,1,0,0,0,0,0
42,F,15992,Célibataire,Consulting,Directeur Technique,2,16,1,0,0,2,23,5,Infra & Cloud,Occasionnel,0,0,1,3,4,4,2,3,3,Non,14.000000000000002,1964,0.062,0.0,0.0,940.71,3997.99,2.5,1,0,0,0,1,0
29,M,4649,Marié(e),Commercial,Cadre Commercial,1,4,4,3,1,3,2,3,Infra & Cloud,Aucun,0,2,4,3,2,3,1,2,3,Non,14.000000000000002,571,1.0,0.75,0.0,929.8,2324.49,2.5,1,0,0,0,0,0
42,M,2696,Divorcé(e),Ressources Humaines,Ressources Humaines,0,4,3,2,1,5,2,1,Entrepreunariat,Occasionnel,1,0,3,3,1,3,3,3,3,Oui,11.0,267,0.75,0.667,0.333,539.2,2695.97,3.0,3,0,1,0,0,0
32,F,2370,Marié(e),Consulting,Consultant,1,8,8,0,1,4,2,3,Transformation Digitale,Occasionnel,0,7,3,3,1,2,3,3,3,Non,13.0,273,1.0,0.0,0.0,263.33,2369.98,2.75,2,0,0,0,0,0
48,F,12504,Marié(e),Commercial,Senior Manager,3,15,0,0,1,3,29,1,Transformation Digitale,Occasionnel,0,0,1,3,3,3,2,1,4,Non,21.0,2170,0.0,0.0,0.0,781.5,4167.99,1.75,1,1,0,0,1,0
37,M,5974,Divorcé(e),Consulting,Assistant de Direction,4,13,7,7,2,2,6,3,Transformation Digitale,Occasionnel,6,7,3,4,2,1,1,3,3,Oui,13.0,687,0.538,1.0,0.857,426.71,2986.99,2.0,1,-1,0,0,0,0
30,F,4736,Marié(e),Commercial,Cadre Commercial,7,4,2,2,1,2,25,2,Entrepreunariat,Aucun,2,2,4,3,2,3,2,4,3,Oui,12.0,507,0.5,1.0,1.0,947.2,2367.99,3.25,2,0,1,1,1,1
26,M,5296,Marié(e),Commercial,Cadre Commercial,1,8,8,7,1,3,1,3,Infra & Cloud,Occasionnel,7,7,3,3,2,3,2,3,3,Non,17.0,770,1.0,0.875,0.875,588.44,2647.99,2.75,2,0,0,0,0,0
42,M,6781,Célibataire,Consulting,Manager,3,14,1,0,0,6,2,4,Autre,Occasionnel,0,0,1,2,2,4,2,3,4,Non,23.0,1268,0.071,0.0,0.0,452.07,3390.48,2.5,1,2,0,0,0,0
21,F,2174,Célibataire,Commercial,Représentant Commercial,1,3,3,2,0,3,1,1,Entrepreunariat,Frequent,1,2,1,2,1,2,3,3,3,Oui,11.0,215,1.0,0.667,0.333,543.5,2173.98,2.25,1,1,1,0,0,0
36,F,6653,Célibataire,Commercial,Cadre Commercial,4,7,1,0,0,6,1,5,Transformation Digitale,Aucun,0,0,4,3,2,4,2,3,3,Non,15.0,868,0.143,0.0,0.0,831.62,3326.48,3.25,2,0,0,0,0,0
36,M,9699,Marié(e),Commercial,Cadre Commercial,4,16,13,9,1,2,3,4,Transformation Digitale,Frequent,1,12,1,2,3,4,1,3,3,Non,11.0,961,0.812,0.692,0.077,570.53,3232.99,2.25,1,1,0,0,0,0
57,M,6755,Marié(e),Consulting,Manager,2,15,3,2,0,2,1,4,Transformation Digitale,Occasionnel,1,2,4,3,2,3,3,3,3,Non,11.0,669,0.2,0.667,0.333,422.19,3377.48,3.25,3,0,0,0,0,0
40,F,2213,Marié(e),Consulting,Consultant,3,10,7,7,1,3,10,4,Infra & Cloud,Occasionnel,1,7,4,4,1,3,3,3,3,Oui,13.0,255,0.7,1.0,0.143,201.18,2212.98,3.25,3,-1,1,0,0,0
21,M,2610,Célibataire,Commercial,Représentant Commercial,1,3,3,2,0,3,9,2,Transformation Digitale,Aucun,2,2,1,3,1,4,3,2,4,Non,24.0,505,1.0,0.667,0.667,652.5,2609.97,2.5,1,1,0,0,0,0
33,F,2851,Célibataire,Commercial,Représentant Commercial,1,1,1,0,0,2,5,3,Marketing,Occasionnel,0,0,4,3,1,3,2,3,3,Oui,13.0,328,1.0,0.0,0.0,1425.5,2850.97,3.0,2,0,1,0,0,0
37,F,3452,Marié(e),Consulting,Consultant,6,17,5,4,1,3,10,3,Transformation Digitale,Occasionnel,0,3,3,3,1,1,2,3,4,Non,20.0,575,0.294,0.8,0.0,191.78,3451.97,2.25,1,1,0,0,0,1
46,F,5258,Marié(e),Consulting,Tech Lead,2,7,1,0,0,2,7,4,Transformation Digitale,Aucun,0,0,3,3,2,3,3,4,3,Non,14.000000000000002,646,0.143,0.0,0.0,657.25,2628.99,3.25,3,0,0,0,0,0
41,M,9355,Célibataire,Commercial,Cadre Commercial,1,8,8,7,0,5,4,3,Marketing,Frequent,7,7,1,3,2,2,3,3,3,Non,18.0,1427,1.0,0.875,0.875,1039.44,4677.48,2.25,1,0,0,0,0,0
50,M,10496,Célibataire,Consulting,Manager,6,20,4,3,0,2,10,3,Entrepreunariat,Occasionnel,1,3,4,2,3,4,4,3,3,Non,15.0,1369,0.2,0.75,0.25,499.81,3498.66,3.75,3,1,0,0,0,1
40,M,6380,Marié(e),Commercial,Cadre Commercial,2,8,6,4,2,6,22,2,Marketing,Occasionnel,1,0,3,2,2,3,1,3,3,Oui,12.0,684,0.75,0.667,0.167,708.89,3189.98,2.5,1,1,0,0,1,0
31,M,2657,Célibataire,Consulting,Assistant de Direction,0,3,2,2,0,5,9,4,Infra & Cloud,Occasionnel,2,2,3,2,1,2,4,3,3,Oui,16.0,366,0.667,1.0,1.0,664.25,2656.97,3.0,2,1,1,0,0,0
21,F,2716,Célibataire,Commercial,Représentant Commercial,1,1,1,0,0,0,12,3,Infra & Cloud,Occasionnel,0,0,3,4,1,2,4,3,3,Non,15.0,354,1.0,0.0,0.0,1358.0,2715.97,3.0,2,-1,0,1,0,0
29,M,2201,Célibataire,Consulting,Assistant de Direction,9,6,3,2,0,4,23,3,Infra & Cloud,Occasionnel,1,2,4,3,1,4,4,3,3,Non,16.0,304,0.5,0.667,0.333,314.43,2200.98,3.75,3,0,0,0,1,1
35,M,6540,Célibataire,Consulting,Manager,9,10,1,1,0,5,9,4,Infra & Cloud,Occasionnel,0,0,3,2,2,2,3,3,3,Non,19.0,1044,0.1,1.0,0.0,594.55,3269.98,2.75,2,1,0,0,0,1
27,M,3816,Divorcé(e),Consulting,Consultant,1,5,5,2,1,2,1,2,Transformation Digitale,Occasionnel,0,4,4,3,1,2,2,3,3,Non,11.0,378,1.0,0.4,0.0,636.0,3815.96,2.75,2,0,0,0,0,0
28,M,5253,Célibataire,Commercial,Cadre Commercial,1,7,7,5,0,1,9,4,Infra & Cloud,Occasionnel,0,7,2,3,2,4,4,3,3,Non,16.0,725,1.0,0.714,0.0,656.62,2626.49,3.25,2,0,0,0,0,0
49,M,10965,Célibataire,Consulting,Manager,8,26,5,2,0,2,7,3,Autre,Occasionnel,0,0,2,2,3,3,3,3,4,Non,24.0,2122,0.192,0.4,0.0,406.11,3654.99,2.75,2,2,0,0,0,1
51,F,4936,Marié(e),Commercial,Cadre Commercial,4,18,7,7,1,2,14,2,Infra & Cloud,Occasionnel,0,7,3,3,2,4,3,2,3,Non,11.0,489,0.389,1.0,0.0,259.79,2467.99,3.0,2,0,0,0,0,0
36,F,2543,Marié(e),Consulting,Assistant de Direction,4,6,2,2,1,3,2,3,Infra & Cloud,Occasionnel,2,2,4,3,1,3,2,3,3,Non,13.0,293,0.333,1.0,1.0,363.29,2542.97,3.0,2,0,0,0,0,0
34,M,5304,Célibataire,Commercial,Cadre Commercial,8,9,5,2,0,3,19,3,Marketing,Aucun,0,4,1,4,2,4,2,2,3,Oui,13.0,610,0.556,0.4,0.0,530.4,2651.99,2.25,1,-1,0,0,1,1
55,F,16659,Célibataire,Consulting,Senior Manager,2,30,5,4,0,2,2,3,Infra & Cloud,Occasionnel,1,2,3,3,4,4,3,3,3,Oui,13.0,1917,0.167,0.8,0.2,537.39,4164.74,3.25,3,0,0,0,0,0
24,F,4260,Divorcé(e),Commercial,Cadre Commercial,1,5,5,2,1,2,10,4,Marketing,Occasionnel,0,3,4,3,2,3,4,4,3,Oui,12.0,456,1.0,0.4,0.0,710.0,2129.99,3.75,3,0,1,0,0,0
30,M,2476,Marié(e),Commercial,Représentant Commercial,1,1,1,0,1,3,2,1,Entrepreunariat,Occasionnel,0,0,3,3,1,2,1,3,3,Non,18.0,378,1.0,0.0,0.0,1238.0,2475.98,2.25,1,0,0,1,0,0
26,M,3102,Célibataire,Consulting,Assistant de Direction,0,7,6,4,0,2,3,1,Entrepreunariat,Frequent,0,4,3,3,1,1,3,3,4,Non,22.0,559,0.857,0.667,0.0,387.75,3101.97,2.5,1,1,0,0,0,0
22,F,2244,Marié(e),Consulting,Assistant de Direction,1,2,2,1,1,1,11,3,Transformation Digitale,Occasionnel,1,2,1,3,1,2,4,3,3,Non,13.0,258,1.0,0.5,0.5,748.0,2243.98,2.5,1,0,0,1,0,0
36,M,7596,Marié(e),Commercial,Cadre Commercial,1,10,10,9,2,2,2,2,Transformation Digitale,Occasionnel,9,0,2,2,3,3,2,3,3,Non,13.0,874,1.0,0.9,0.9,690.55,2531.99,2.5,2,1,0,0,0,0
30,M,2285,Célibataire,Consulting,Assistant de Direction,9,3,1,0,0,4,4,3,Entrepreunariat,Frequent,0,0,3,3,1,4,3,3,4,Oui,23.0,427,0.333,0.0,0.0,571.25,2284.98,3.25,3,1,1,1,0,1
37,F,3034,Divorcé(e),Consulting,Consultant,1,18,18,7,1,2,14,3,Infra & Cloud,Occasionnel,12,17,4,3,1,1,3,2,3,Non,12.0,325,1.0,0.389,0.667,159.68,3033.97,2.5,1,0,0,0,0,0
40,F,5715,Divorcé(e),Commercial,Cadre Commercial,7,8,5,4,2,5,2,2,Marketing,Occasionnel,1,3,4,3,2,2,3,3,3,Non,12.0,612,0.625,0.8,0.2,635.0,2857.49,3.0,2,0,0,0,0,1
42,F,2576,Divorcé(e),Consulting,Consultant,3,8,5,2,1,5,1,4,Infra & Cloud,Occasionnel,1,2,2,3,1,1,2,3,3,Non,16.0,355,0.625,0.4,0.2,286.22,2575.97,2.0,1,0,0,0,0,0
37,M,4197,Célibataire,Consulting,Tech Lead,2,18,1,0,0,2,10,4,Infra & Cloud,Occasionnel,0,1,3,3,2,2,4,2,3,Oui,12.0,450,0.056,0.0,0.0,220.89,2098.49,2.75,2,0,1,0,0,0
43,M,14336,Divorcé(e),Consulting,Directeur Technique,1,25,25,10,1,3,12,3,Infra & Cloud,Occasionnel,3,9,1,2,4,2,3,3,3,Non,11.0,1421,1.0,0.4,0.12,551.38,3583.99,2.25,1,1,0,0,0,0
40,F,3448,Marié(e),Consulting,Consultant,6,20,1,0,1,3,2,3,Transformation Digitale,Occasionnel,0,0,2,2,2,3,2,3,4,Non,22.0,622,0.05,0.0,0.0,164.19,1723.99,2.5,2,2,0,0,0,1
54,M,19406,Marié(e),Consulting,Directeur Technique,4,24,4,2,1,4,5,2,Transformation Digitale,Occasionnel,1,2,1,3,5,1,3,2,3,Non,11.0,1923,0.167,0.5,0.25,776.24,3881.19,1.75,1,0,0,0,0,0
34,F,6538,Marié(e),Commercial,Cadre Commercial,9,6,3,2,1,3,4,4,Marketing,Aucun,1,2,3,3,2,3,1,3,3,Non,15.0,853,0.5,0.667,0.333,934.0,3268.98,2.5,1,0,0,0,0,1
31,F,4306,Marié(e),Consulting,Tech Lead,1,13,13,10,1,5,7,2,Transformation Digitale,Occasionnel,3,12,2,3,2,1,2,1,3,Non,12.0,461,1.0,0.769,0.231,307.57,2152.99,1.5,1,0,0,0,0,0
43,M,2258,Marié(e),Consulting,Consultant,7,8,3,2,1,1,21,3,Transformation Digitale,Frequent,1,2,4,3,1,4,1,3,4,Non,20.0,376,0.375,0.667,0.333,250.89,2257.98,3.0,1,1,0,0,1,1
43,F,4522,Divorcé(e),Consulting,Manager,4,8,5,2,0,3,8,4,Autre,Occasionnel,0,2,3,3,2,3,4,3,3,Oui,14.000000000000002,555,0.625,0.4,0.0,502.44,2260.99,3.25,3,0,1,0,0,0
25,F,4487,Célibataire,Commercial,Cadre Commercial,1,5,5,4,0,3,4,2,Infra & Cloud,Occasionnel,1,3,2,2,2,4,2,3,3,Oui,11.0,445,1.0,0.8,0.2,747.83,2243.49,2.75,2,1,1,0,0,0
37,F,4449,Marié(e),Consulting,Assistant de Direction,3,15,13,11,2,2,25,5,Transformation Digitale,Aucun,10,7,2,3,2,3,1,3,3,Oui,15.0,580,0.867,0.846,0.769,278.06,2224.49,2.25,1,0,1,0,1,0
31,M,2218,Marié(e),Consulting,Consultant,1,4,4,2,1,3,1,2,Infra & Cloud,Occasionnel,3,2,4,2,1,1,3,3,3,Non,12.0,238,1.0,0.5,0.75,443.6,2217.98,2.75,1,1,0,0,0,0
39,M,19197,Divorcé(e),Consulting,Senior Manager,1,21,21,8,1,3,1,1,Infra & Cloud,Frequent,1,6,2,3,5,3,3,3,3,Oui,14.000000000000002,2358,1.0,0.381,0.048,872.59,3839.39,2.75,2,0,0,0,0,0
56,F,13212,Marié(e),Commercial,Cadre Commercial,9,36,7,7,3,0,6,3,Infra & Cloud,Frequent,7,7,3,4,4,1,4,2,3,Non,11.0,1309,0.194,1.0,1.0,357.08,3302.99,2.5,1,-1,0,0,0,1
30,F,6577,Célibataire,Commercial,Cadre Commercial,0,6,5,4,0,6,12,3,Entrepreunariat,Occasionnel,4,4,2,3,2,3,2,3,3,Non,11.0,652,0.833,0.8,0.8,939.57,3288.48,2.5,2,0,0,0,0,0
41,M,8392,Marié(e),Commercial,Cadre Commercial,1,10,10,7,1,2,1,3,Marketing,Occasionnel,0,7,2,4,3,1,3,3,3,Non,16.0,1158,1.0,0.7,0.0,762.91,2797.32,2.25,1,-1,0,0,0,0
28,M,4558,Divorcé(e),Consulting,Consultant,1,10,10,0,1,2,17,2,Transformation Digitale,Occasionnel,1,8,3,3,2,1,4,3,3,Non,12.0,488,1.0,0.0,0.1,414.36,2278.99,2.75,1,0,0,0,1,0
25,M,4031,Marié(e),Consulting,Consultant,5,6,2,2,1,5,3,3,Transformation Digitale,Occasionnel,0,2,1,3,1,1,3,3,3,Non,13.0,464,0.333,1.0,0.0,575.86,4030.96,2.0,1,0,0,1,0,1
52,M,7969,Marié(e),Consulting,Tech Lead,2,28,5,4,0,4,3,3,Transformation Digitale,Occasionnel,0,4,4,2,3,3,3,3,3,Oui,14.000000000000002,979,0.179,0.8,0.0,274.79,2656.32,3.25,3,1,0,0,0,0
45,M,2654,Marié(e),Consulting,Assistant de Direction,3,8,2,2,2,3,10,2,Infra & Cloud,Occasionnel,0,2,1,3,1,4,4,2,4,Non,21.0,461,0.25,1.0,0.0,294.89,2653.97,2.75,1,1,0,0,0,0
52,F,16555,Marié(e),Consulting,Senior Manager,2,31,5,2,0,2,4,2,Infra & Cloud,Occasionnel,1,4,4,3,4,4,4,1,3,Non,13.0,1905,0.161,0.4,0.2,517.34,4138.74,3.25,1,0,0,0,0,0
42,F,4556,Divorcé(e),Consulting,Assistant de Direction,2,19,5,4,1,3,29,2,Infra & Cloud,Frequent,0,2,1,3,2,3,2,3,3,Non,11.0,451,0.263,0.8,0.0,227.8,2277.99,2.25,1,0,0,0,1,0
30,F,6091,Célibataire,Consulting,Tech Lead,2,11,5,4,0,2,2,3,Infra & Cloud,Occasionnel,0,2,3,1,2,4,3,3,4,Non,20.0,1015,0.455,0.8,0.0,507.58,3045.48,3.25,3,3,0,0,0,0
60,F,19566,Marié(e),Consulting,Senior Manager,5,33,29,8,0,5,7,3,Infra & Cloud,Occasionnel,11,10,1,3,5,1,4,1,3,Non,11.0,1939,0.879,0.276,0.379,575.47,3913.19,1.75,1,0,0,0,0,1
46,F,4810,Divorcé(e),Consulting,Tech Lead,2,19,10,7,1,5,18,3,Transformation Digitale,Occasionnel,0,8,3,3,2,3,3,2,3,Non,14.000000000000002,591,0.526,0.7,0.0,240.5,2404.99,2.75,2,0,0,0,1,0
42,F,4523,Marié(e),Consulting,Manager,0,7,6,5,3,4,28,4,Entrepreunariat,Frequent,0,4,4,2,2,4,4,4,3,Non,11.0,448,0.857,0.833,0.0,565.38,2261.49,4.0,4,1,0,0,1,0
24,F,3202,Célibataire,Commercial,Représentant Commercial,1,6,5,3,0,4,1,1,Entrepreunariat,Occasionnel,1,4,1,3,1,2,2,3,3,Oui,16.0,442,0.833,0.6,0.2,457.43,3201.97,2.0,1,0,1,0,0,0
34,F,2351,Divorcé(e),Commercial,Représentant Commercial,0,3,2,2,1,3,6,2,Marketing,Frequent,1,0,4,1,1,3,4,2,3,Non,16.0,324,0.667,1.0,0.5,587.75,2350.98,3.25,2,2,0,0,0,0
38,M,1702,Marié(e),Consulting,Consultant,1,1,1,0,1,3,2,2,Infra & Cloud,Frequent,0,0,4,3,1,4,3,3,4,Oui,23.0,318,1.0,0.0,0.0,851.0,1701.98,3.5,3,1,1,0,0,0
40,F,18041,Marié(e),Commercial,Senior Manager,0,21,20,15,0,2,2,4,Infra & Cloud,Occasionnel,1,12,3,3,5,3,4,3,3,Non,14.000000000000002,2216,0.952,0.75,0.05,820.05,3608.19,3.25,3,0,0,0,0,0
26,F,2886,Divorcé(e),Consulting,Assistant de Direction,1,3,3,2,2,3,23,3,Infra & Cloud,Occasionnel,0,2,1,3,1,4,2,1,4,Non,22.0,520,1.0,0.667,0.0,721.5,2885.97,2.0,1,1,0,0,1,0
30,M,2097,Marié(e),Consulting,Consultant,4,9,5,3,1,3,3,3,Infra & Cloud,Aucun,1,4,3,3,1,4,3,1,3,Non,15.0,274,0.556,0.6,0.2,209.7,2096.98,2.75,1,0,0,0,0,0
29,M,11935,Marié(e),Consulting,Directeur Technique,1,10,10,2,0,2,3,4,Transformation Digitale,Occasionnel,0,7,2,2,3,3,3,3,3,Non,18.0,1821,1.0,0.2,0.0,1085.0,3978.32,2.75,2,1,0,0,0,0
29,F,2546,Marié(e),Consulting,Assistant de Direction,5,6,2,2,0,2,25,5,Entrepreunariat,Occasionnel,1,1,3,2,1,2,2,4,3,Non,16.0,351,0.333,1.0,0.5,363.71,2545.97,2.75,2,1,0,1,1,1
19,M,2564,Célibataire,Ressources Humaines,Ressources Humaines,1,1,1,0,0,3,2,2,Entrepreunariat,Occasionnel,0,0,1,2,1,4,3,4,3,Non,12.0,275,1.0,0.0,0.0,1282.0,2563.97,3.0,1,1,0,1,0,0
30,F,8412,Marié(e),Commercial,Cadre Commercial,0,10,9,8,0,3,22,4,Autre,Aucun,7,8,3,3,3,1,3,3,3,Non,11.0,834,0.9,0.889,0.778,764.73,2803.99,2.5,1,0,0,0,1,0
57,M,14118,Divorcé(e),Commercial,Senior Manager,3,32,1,0,1,3,29,3,Marketing,Occasionnel,0,0,1,2,4,4,3,2,3,Non,12.0,1513,0.031,0.0,0.0,427.82,3529.49,2.5,1,1,0,0,1,0
50,M,17046,Marié(e),Consulting,Senior Manager,0,28,27,10,1,2,29,4,Infra & Cloud,Occasionnel,15,7,2,2,4,3,2,3,3,Non,15.0,2223,0.964,0.37,0.556,587.79,4261.49,2.5,2,1,0,0,1,0
30,F,2564,Célibataire,Consulting,Consultant,0,12,11,7,0,2,2,3,Transformation Digitale,Aucun,6,7,3,3,1,4,3,2,3,Non,14.000000000000002,315,0.917,0.636,0.545,197.23,2563.97,3.0,2,0,0,0,0,0
60,F,10266,Marié(e),Commercial,Cadre Commercial,4,22,18,13,0,5,28,3,Marketing,Frequent,13,11,3,2,3,1,4,4,3,Non,19.0,1639,0.818,0.722,0.722,446.35,3421.99,3.0,1,1,0,0,1,0
47,F,5070,Divorcé(e),Consulting,Tech Lead,5,20,5,0,3,2,2,2,Transformation Digitale,Occasionnel,0,4,1,3,2,4,3,3,3,Non,13.0,583,0.25,0.0,0.0,241.43,2534.99,2.75,1,0,0,0,0,1
46,M,17861,Marié(e),Consulting,Directeur Technique,6,26,3,2,0,2,2,3,Infra & Cloud,Occasionnel,0,1,1,3,4,3,3,1,3,Non,13.0,2055,0.115,0.667,0.0,661.52,4465.24,2.0,1,0,0,0,0,1
35,M,4230,Célibataire,Consulting,Consultant,0,6,5,4,0,2,22,3,Infra & Cloud,Occasionnel,4,3,4,1,1,3,3,3,3,Non,15.0,552,0.833,0.8,0.8,604.29,4229.96,3.25,3,2,0,0,1,0
54,F,3780,Célibataire,Consulting,Consultant,7,19,1,0,0,3,8,4,Infra & Cloud,Occasionnel,0,0,3,3,2,3,3,3,3,Non,11.0,375,0.053,0.0,0.0,189.0,1889.99,3.0,3,0,0,0,0,1
34,M,2768,Divorcé(e),Consulting,Assistant de Direction,3,14,7,3,1,3,2,4,Infra & Cloud,Occasionnel,5,7,4,2,1,3,3,3,3,Non,12.0,297,0.5,0.429,0.714,184.53,2767.97,3.25,3,1,0,0,0,0
46,F,9071,Marié(e),Commercial,Cadre Commercial,2,15,3,2,1,3,10,3,Marketing,Occasionnel,1,2,3,2,3,4,3,3,3,Oui,19.0,1448,0.2,0.667,0.333,566.94,3023.66,3.25,3,1,0,0,0,0
31,M,10648,Divorcé(e),Consulting,Tech Lead,1,13,13,8,1,6,9,1,Infra & Cloud,Occasionnel,0,8,3,3,3,2,4,4,4,Non,25.0,2130,1.0,0.615,0.0,760.57,3549.32,3.25,2,1,0,0,0,0
33,M,13610,Marié(e),Consulting,Senior Manager,7,15,7,6,0,2,15,1,Transformation Digitale,Occasionnel,7,7,2,3,3,3,4,4,3,Oui,12.0,1458,0.467,0.857,1.0,850.62,4536.65,3.25,2,0,0,0,1,1
33,M,3408,Divorcé(e),Consulting,Consultant,7,8,4,3,3,2,10,1,Transformation Digitale,Occasionnel,1,3,1,1,1,4,1,3,3,Non,13.0,392,0.5,0.75,0.25,378.67,3407.97,2.25,1,2,0,0,0,1
30,M,2983,Célibataire,Commercial,Représentant Commercial,0,4,3,2,0,3,7,1,Marketing,Occasionnel,1,2,4,3,1,2,1,3,3,Non,14.000000000000002,366,0.75,0.667,0.333,596.6,2982.97,2.5,1,0,0,0,0,0
35,M,7632,Marié(e),Consulting,Manager,4,10,8,7,0,2,16,3,Infra & Cloud,Occasionnel,0,0,4,3,3,3,3,3,3,Oui,12.0,818,0.8,0.875,0.0,693.82,2543.99,3.25,3,0,0,0,1,0
31,M,9824,Marié(e),Consulting,Manager,3,12,1,0,0,2,20,3,Infra & Cloud,Frequent,0,0,1,3,3,3,1,3,3,Non,12.0,1053,0.083,0.0,0.0,755.69,3274.66,2.0,1,0,0,0,1,0
34,F,9950,Divorcé(e),Ressources Humaines,Ressources Humaines,9,11,3,2,3,2,23,3,Ressources Humaines,Frequent,0,2,2,3,3,1,3,3,3,Oui,15.0,1298,0.273,0.667,0.0,829.17,3316.66,2.25,1,0,0,0,1,1
42,M,2093,Marié(e),Consulting,Consultant,4,8,2,2,1,4,5,2,Autre,Frequent,2,0,2,3,1,3,4,3,3,Non,17.0,304,0.25,1.0,1.0,232.56,2092.98,3.0,2,0,0,0,0,0
36,M,9980,Célibataire,Commercial,Cadre Commercial,1,10,10,3,0,3,10,4,Transformation Digitale,Aucun,9,7,2,3,3,4,4,2,3,Non,14.000000000000002,1226,1.0,0.3,0.9,907.27,3326.66,3.0,2,0,0,0,0,0
22,M,3894,Célibataire,Consulting,Consultant,5,4,2,2,0,3,4,1,Entrepreunariat,Frequent,1,2,3,2,1,3,3,3,3,Non,16.0,537,0.5,1.0,0.5,778.8,3893.96,3.0,3,1,0,1,0,1
48,F,4051,Marié(e),Commercial,Cadre Commercial,2,14,9,7,1,2,2,5,Marketing,Occasionnel,6,7,2,3,2,4,1,3,3,Non,14.000000000000002,497,0.643,0.778,0.667,270.07,2025.49,2.5,1,0,0,0,0,0
55,F,16835,Célibataire,Commercial,Senior Manager,3,37,10,9,0,2,18,5,Infra & Cloud,Occasionnel,7,7,1,3,4,2,4,3,4,Non,23.0,3148,0.27,0.9,0.7,443.03,4208.74,2.5,1,1,0,0,1,0
41,M,6230,Célibataire,Commercial,Cadre Commercial,7,16,14,3,0,3,10,2,Infra & Cloud,Aucun,1,10,4,3,2,4,4,3,3,Non,14.000000000000002,765,0.875,0.214,0.071,366.47,3114.98,3.75,3,0,0,0,0,1
35,M,4717,Marié(e),Commercial,Cadre Commercial,9,15,11,9,0,2,1,3,Marketing,Occasionnel,6,9,2,3,2,3,3,3,3,Non,11.0,467,0.733,0.818,0.545,294.81,2358.49,2.75,2,0,0,0,0,1
40,F,13237,Célibataire,Consulting,Tech Lead,7,22,20,6,0,3,6,3,Infra & Cloud,Occasionnel,5,13,2,3,4,3,3,3,3,Non,15.0,1727,0.909,0.3,0.25,575.52,3309.24,2.75,2,0,0,0,0,1
39,F,3755,Marié(e),Consulting,Consultant,1,8,8,3,1,3,8,1,Infra & Cloud,Frequent,0,7,3,3,1,3,1,3,3,Non,11.0,372,1.0,0.375,0.0,417.22,3754.96,2.5,1,0,0,0,0,0
31,M,6582,Célibataire,Commercial,Cadre Commercial,4,10,6,5,0,2,2,1,Infra & Cloud,Occasionnel,0,5,2,3,2,4,3,4,3,Oui,13.0,757,0.6,0.833,0.0,598.36,3290.98,3.25,2,0,0,0,0,0
42,M,7406,Marié(e),Consulting,Tech Lead,1,10,10,9,1,5,24,3,Transformation Digitale,Occasionnel,5,8,4,3,3,1,4,2,4,Oui,21.0,1285,1.0,0.9,0.5,673.27,2468.66,2.75,1,1,0,0,1,0
45,M,4805,Marié(e),Commercial,Cadre Commercial,0,9,8,7,1,3,2,3,Autre,Occasionnel,3,7,4,3,2,2,2,4,3,Non,19.0,767,0.889,0.875,0.375,480.5,2402.49,3.0,2,0,0,0,0,0
26,F,2741,Divorcé(e),Ressources Humaines,Ressources Humaines,0,8,7,7,1,2,17,4,Infra & Cloud,Frequent,1,0,2,3,1,3,2,2,3,Oui,11.0,272,0.875,1.0,0.143,304.56,2740.97,2.25,2,0,1,0,1,0
29,M,4262,Divorcé(e),Consulting,Tech Lead,4,8,3,2,2,2,19,3,Entrepreunariat,Occasionnel,1,2,4,3,2,4,2,4,3,Non,12.0,457,0.375,0.667,0.333,473.56,2130.99,3.5,2,0,0,0,1,0
33,F,16184,Divorcé(e),Consulting,Directeur Technique,4,10,6,1,1,2,1,5,Transformation Digitale,Occasionnel,0,5,1,4,4,3,3,3,3,Non,19.0,2584,0.6,0.167,0.0,1471.27,4045.99,2.5,1,-1,0,0,0,0
31,M,11557,Divorcé(e),Commercial,Senior Manager,9,10,5,4,1,3,7,3,Infra & Cloud,Occasionnel,0,1,3,2,3,4,3,2,4,Non,21.0,2006,0.5,0.8,0.0,1050.64,3852.32,3.0,2,2,0,0,0,1
18,M,1878,Célibataire,Commercial,Représentant Commercial,1,0,0,0,0,3,5,3,Marketing,Frequent,0,0,2,3,1,2,4,3,3,Oui,14.000000000000002,231,0.0,0.0,0.0,1878.0,1877.98,2.75,2,0,1,1,0,0
40,M,10932,Divorcé(e),Commercial,Cadre Commercial,3,20,1,0,1,2,28,3,Autre,Aucun,0,1,3,1,3,1,3,3,3,Non,15.0,1426,0.05,0.0,0.0,520.57,3643.99,2.5,1,2,0,0,1,0
41,F,6811,Célibataire,Consulting,Manager,2,10,8,7,0,3,2,4,Autre,Aucun,0,7,1,2,2,3,1,3,3,Oui,17.0,990,0.8,0.875,0.0,619.18,3405.48,2.0,1,1,0,0,0,0
26,M,4306,Divorcé(e),Commercial,Cadre Commercial,5,8,0,0,2,5,29,2,Transformation Digitale,Occasionnel,0,0,1,3,2,3,1,3,3,Non,12.0,461,0.0,0.0,0.0,478.44,2152.99,2.0,1,0,0,1,1,1
35,F,4859,Célibataire,Commercial,Cadre Commercial,1,5,5,4,0,3,1,3,Transformation Digitale,Occasionnel,0,3,1,3,2,3,4,3,3,Non,16.0,670,1.0,0.8,0.0,809.83,2429.49,2.75,1,0,0,0,0,0
34,M,5337,Célibataire,Commercial,Cadre Commercial,1,10,10,7,0,3,21,4,Infra & Cloud,Occasionnel,5,7,4,4,2,4,4,3,3,Non,12.0,572,1.0,0.7,0.5,485.18,2668.49,3.75,3,-1,0,0,1,0
26,M,2340,Célibataire,Consulting,Consultant,1,1,1,0,0,3,24,3,Entrepreunariat,Occasionnel,0,0,3,1,1,4,2,1,3,Oui,18.0,357,1.0,0.0,0.0,1170.0,2339.98,2.5,1,2,1,1,1,0
37,F,7491,Célibataire,Consulting,Tech Lead,4,12,6,5,0,3,1,3,Entrepreunariat,Occasionnel,1,2,2,3,3,4,4,4,3,Non,17.0,1088,0.5,0.833,0.167,576.23,2496.99,3.5,2,0,0,0,0,0
46,F,10527,Marié(e),Consulting,Manager,5,28,2,2,0,3,18,1,Transformation Digitale,Frequent,1,2,1,3,3,3,4,2,3,Non,11.0,1043,0.071,1.0,0.5,363.0,3508.99,2.5,1,0,0,0,1,1
41,F,16595,Marié(e),Commercial,Senior Manager,7,22,18,16,1,2,2,5,Infra & Cloud,Occasionnel,11,8,2,3,4,1,2,3,3,Non,16.0,2289,0.818,0.889,0.611,721.52,4148.74,2.0,1,0,0,0,0,1
37,M,8834,Divorcé(e),Commercial,Cadre Commercial,1,9,9,5,1,6,9,4,Transformation Digitale,Aucun,7,7,1,3,3,2,4,3,3,Non,13.0,1016,1.0,0.556,0.778,883.4,2944.66,2.5,1,0,0,0,0,0
52,M,5577,Divorcé(e),Consulting,Assistant de Direction,3,18,10,9,2,3,6,2,Entrepreunariat,Occasionnel,6,9,4,3,2,1,2,3,3,Oui,12.0,598,0.556,0.9,0.6,293.53,2788.49,2.5,1,0,0,0,0,0
32,M,4707,Marié(e),Commercial,Cadre Commercial,8,6,4,2,0,2,11,4,Autre,Aucun,1,2,4,4,2,3,4,3,3,Non,12.0,504,0.667,0.5,0.25,672.43,2353.49,3.5,3,-1,0,0,0,1
24,M,2400,Marié(e),Commercial,Représentant Commercial,0,3,2,2,2,3,24,3,Transformation Digitale,Frequent,2,1,4,3,1,4,3,3,3,Non,13.0,276,0.667,1.0,1.0,600.0,2399.98,3.5,3,0,0,1,1,0
38,F,9824,Marié(e),Consulting,Manager,3,18,1,0,1,4,10,3,Transformation Digitale,Occasionnel,0,0,3,3,2,3,3,3,3,Non,19.0,1569,0.056,0.0,0.0,517.05,4911.98,3.0,3,0,0,0,0,0
37,F,6447,Marié(e),Consulting,Tech Lead,6,8,6,5,1,2,1,4,Infra & Cloud,Occasionnel,4,3,2,3,2,2,2,2,3,Non,12.0,691,0.75,0.833,0.667,716.33,3223.48,2.0,2,0,0,0,0,1
49,M,19502,Divorcé(e),Consulting,Directeur Technique,1,31,31,9,1,5,18,4,Infra & Cloud,Occasionnel,0,9,4,2,5,3,3,3,3,Oui,17.0,2834,1.0,0.29,0.0,609.44,3900.39,3.25,3,1,0,0,1,0
24,M,2725,Marié(e),Consulting,Assistant de Direction,1,6,6,5,2,3,23,3,Transformation Digitale,Occasionnel,1,4,2,4,1,4,2,3,3,Oui,11.0,270,1.0,0.833,0.167,389.29,2724.97,2.75,2,-1,1,0,1,0
26,M,6272,Marié(e),Commercial,Cadre Commercial,1,6,5,3,2,5,28,2,Marketing,Occasionnel,1,4,1,3,2,2,4,4,4,Non,20.0,1045,0.833,0.6,0.2,896.0,3135.98,2.75,1,1,0,0,1,0
24,M,2127,Marié(e),Consulting,Consultant,1,1,1,0,1,2,17,2,Autre,Occasionnel,0,0,4,2,1,2,4,3,4,Non,21.0,369,1.0,0.0,0.0,1063.5,2126.98,3.25,2,2,0,1,1,0
50,M,18200,Marié(e),Ressources Humaines,Senior Manager,1,32,32,5,1,2,3,3,Transformation Digitale,Frequent,10,7,1,3,5,2,3,3,3,Non,11.0,1804,1.0,0.156,0.312,551.52,3639.99,2.25,1,0,0,0,0,0
25,M,2096,Marié(e),Commercial,Représentant Commercial,1,7,7,4,0,1,13,1,Transformation Digitale,Occasionnel,0,6,2,3,1,3,3,3,3,Non,11.0,208,1.0,0.571,0.0,262.0,2095.98,2.75,2,0,0,0,0,0
24,F,2886,Marié(e),Consulting,Consultant,1,6,6,3,1,4,7,3,Infra & Cloud,Frequent,1,2,1,3,1,3,4,3,3,Oui,16.0,398,1.0,0.5,0.167,412.29,2885.97,2.75,1,0,1,0,0,0
30,M,2033,Marié(e),Commercial,Représentant Commercial,1,1,1,0,1,2,12,4,Infra & Cloud,Frequent,0,0,2,2,1,1,3,4,3,Non,18.0,310,1.0,0.0,0.0,1016.5,2032.98,2.5,1,1,0,1,0,0
34,M,3622,Marié(e),Consulting,Assistant de Direction,1,6,6,5,1,3,1,2,Infra & Cloud,Occasionnel,1,3,2,2,1,4,4,3,3,Oui,13.0,417,1.0,0.833,0.167,517.43,3621.96,3.25,2,1,1,0,0,0
31,M,4233,Divorcé(e),Commercial,Cadre Commercial,2,9,3,1,0,2,13,4,Transformation Digitale,Occasionnel,1,2,2,3,2,1,3,1,3,Non,17.0,615,0.333,0.333,0.333,423.3,2116.49,1.75,1,0,0,0,0,0
35,M,3681,Célibataire,Consulting,Consultant,4,9,3,2,0,3,25,2,Autre,Occasionnel,0,2,1,2,2,4,4,3,3,Non,14.000000000000002,452,0.333,0.667,0.0,368.1,1840.49,3.0,1,1,0,0,1,0
31,M,5460,Divorcé(e),Commercial,Cadre Commercial,4,13,7,7,2,4,6,4,Transformation Digitale,Occasionnel,5,7,1,4,2,4,4,4,4,Non,22.0,985,0.538,1.0,0.714,390.0,2729.99,3.25,1,0,0,0,0,0
27,F,2187,Divorcé(e),Consulting,Assistant de Direction,0,6,5,3,2,5,6,4,Transformation Digitale,Occasionnel,0,3,1,2,1,3,3,2,3,Non,12.0,234,0.833,0.6,0.0,312.43,2186.98,2.25,1,1,0,0,0,0
37,M,9602,Marié(e),Commercial,Cadre Commercial,4,17,3,0,1,3,2,3,Marketing,Occasionnel,1,0,4,3,2,3,3,2,3,Oui,11.0,952,0.176,0.0,0.333,533.44,4800.98,3.0,2,0,0,0,0,0
20,F,2836,Célibataire,Consulting,Assistant de Direction,1,1,1,0,0,0,1,3,Infra & Cloud,Occasionnel,0,0,4,2,1,2,4,4,3,Non,13.0,326,1.0,0.0,0.0,1418.0,2835.97,3.5,2,1,0,1,0,0
42,F,4089,Marié(e),Consulting,Manager,1,10,10,2,2,4,2,4,Infra & Cloud,Occasionnel,2,2,3,3,2,4,2,3,3,Non,13.0,470,1.0,0.2,0.2,371.73,2044.49,3.0,2,0,0,0,0,0
43,M,16627,Divorcé(e),Consulting,Directeur Technique,4,21,1,0,1,3,6,4,Autre,Occasionnel,0,0,2,2,4,4,3,2,3,Oui,14.000000000000002,2042,0.048,0.0,0.0,755.77,4156.74,2.75,2,1,0,0,0,0
38,F,2619,Célibataire,Consulting,Assistant de Direction,3,8,0,0,0,3,1,1,Infra & Cloud,Occasionnel,0,0,3,3,1,1,4,2,3,Non,17.0,381,0.0,0.0,0.0,291.0,2618.97,2.5,1,0,0,0,0,0
43,M,5679,Divorcé(e),Consulting,Consultant,3,10,8,7,1,3,9,5,Transformation Digitale,Frequent,4,7,4,3,2,3,2,3,3,Oui,13.0,653,0.8,0.875,0.5,516.27,2839.49,3.0,2,0,0,0,0,0
48,F,15402,Marié(e),Consulting,Senior Manager,7,21,3,2,1,3,1,4,Infra & Cloud,Occasionnel,0,2,4,2,4,1,1,1,3,Non,11.0,1526,0.143,0.667,0.0,700.09,3850.49,1.75,1,1,0,0,0,1
44,F,5985,Célibataire,Ressources Humaines,Ressources Humaines,4,10,2,2,0,1,1,4,Infra & Cloud,Occasionnel,0,2,1,2,2,3,2,4,3,Non,11.0,593,0.2,1.0,0.0,544.09,2992.49,2.5,1,1,0,0,0,0
34,F,2579,Divorcé(e),Commercial,Représentant Commercial,1,8,8,2,2,3,14,3,Entrepreunariat,Occasionnel,0,6,3,3,1,3,4,3,3,Oui,18.0,393,1.0,0.25,0.0,286.56,2578.97,3.25,3,0,1,0,0,0
27,M,3041,Divorcé(e),Commercial,Représentant Commercial,0,5,4,3,1,3,2,1,Marketing,Occasionnel,0,2,3,3,1,1,2,3,3,Non,11.0,301,0.8,0.75,0.0,506.83,3040.97,2.25,1,0,0,0,0,0
21,M,3447,Célibataire,Commercial,Représentant Commercial,1,3,3,2,0,2,22,1,Entrepreunariat,Occasionnel,1,2,3,3,1,3,3,3,3,Non,11.0,342,1.0,0.667,0.333,861.75,3446.97,3.0,3,0,0,0,1,0
44,M,19513,Marié(e),Consulting,Senior Manager,4,26,2,2,1,2,3,4,Autre,Occasionnel,0,1,4,3,5,4,1,4,3,Oui,12.0,2091,0.077,1.0,0.0,722.7,3902.59,3.25,1,0,0,0,0,0
22,M,2773,Marié(e),Consulting,Assistant de Direction,0,3,2,2,0,3,6,1,Transformation Digitale,Occasionnel,2,2,1,3,1,3,4,3,4,Non,20.0,462,0.667,1.0,1.0,693.25,2772.97,2.75,1,1,0,1,0,0
33,M,7104,Divorcé(e),Commercial,Cadre Commercial,0,6,5,0,0,3,8,4,Marketing,Occasionnel,1,2,3,3,2,3,4,3,3,Non,12.0,761,0.833,0.0,0.2,1014.86,3551.98,3.25,3,0,0,0,0,0
32,F,6322,Marié(e),Consulting,Assistant de Direction,1,6,6,4,1,2,9,4,Infra & Cloud,Occasionnel,0,5,1,3,2,4,4,2,3,Oui,12.0,677,1.0,0.667,0.0,903.14,3160.98,2.75,1,0,0,0,0,0
30,F,2083,Divorcé(e),Consulting,Assistant de Direction,1,1,1,0,1,2,3,3,Transformation Digitale,Frequent,0,0,3,3,1,3,3,3,4,Non,20.0,347,1.0,0.0,0.0,1041.5,2082.98,3.0,3,1,0,1,0,0
53,F,8381,Célibataire,Commercial,Cadre Commercial,7,18,14,7,0,2,1,1,Transformation Digitale,Occasionnel,8,10,4,3,2,1,4,4,4,Non,20.0,1397,0.778,0.5,0.571,441.11,4190.48,3.25,1,1,0,0,0,1
34,M,2691,Marié(e),Consulting,Assistant de Direction,1,10,10,9,1,4,1,5,Infra & Cloud,Occasionnel,8,8,2,3,1,4,4,2,3,Non,12.0,288,1.0,0.9,0.8,244.64,2690.97,3.0,2,0,0,0,0,0
45,F,4286,Marié(e),Commercial,Cadre Commercial,2,5,1,1,2,4,26,4,Infra & Cloud,Frequent,0,0,1,3,2,1,4,3,3,Non,14.000000000000002,526,0.2,1.0,0.0,714.33,2142.99,2.25,1,0,0,0,1,0
26,F,2659,Marié(e),Consulting,Consultant,1,3,3,2,1,2,6,3,Infra & Cloud,Occasionnel,0,2,3,3,1,4,3,3,3,Oui,13.0,306,1.0,0.667,0.0,664.75,2658.97,3.25,3,0,1,0,0,0
37,M,9434,Marié(e),Consulting,Tech Lead,1,10,10,7,1,2,3,3,Autre,Occasionnel,7,8,3,3,3,3,3,3,3,Non,15.0,1231,1.0,0.7,0.7,857.64,3144.66,3.0,3,0,0,0,0,0
29,F,5561,Marié(e),Commercial,Cadre Commercial,1,6,6,0,1,5,3,2,Transformation Digitale,Occasionnel,1,2,2,3,2,3,1,2,3,Non,14.000000000000002,683,1.0,0.0,0.167,794.43,2780.49,2.0,1,0,0,0,0,0
35,M,6646,Célibataire,Consulting,Assistant de Direction,1,17,17,11,0,3,6,4,Infra & Cloud,Occasionnel,11,8,2,1,2,4,2,3,3,Non,13.0,765,1.0,0.647,0.647,369.22,3322.98,2.75,2,2,0,0,0,0
33,M,7725,Divorcé(e),Consulting,Manager,3,15,13,11,1,2,6,3,Infra & Cloud,Frequent,4,7,3,3,2,4,3,1,4,Non,23.0,1445,0.867,0.846,0.308,482.81,3862.48,2.75,1,1,0,0,0,0
54,M,10725,Marié(e),Ressources Humaines,Ressources Humaines,2,16,9,7,1,1,19,4,Transformation Digitale,Occasionnel,7,1,3,3,3,2,3,4,3,Non,15.0,1399,0.562,0.778,0.778,630.88,3574.99,3.0,2,0,0,0,1,0
36,M,8847,Divorcé(e),Consulting,Tech Lead,2,13,3,2,1,2,9,2,Transformation Digitale,Occasionnel,0,2,2,2,2,2,3,3,3,Oui,11.0,877,0.231,0.667,0.0,631.93,4423.48,2.5,2,1,0,0,0,0
27,M,2045,Célibataire,Consulting,Assistant de Direction,0,5,4,2,0,0,3,4,Transformation Digitale,Occasionnel,1,1,1,2,1,4,4,3,3,Non,13.0,235,0.8,0.5,0.25,340.83,2044.98,3.0,1,1,0,0,0,0
20,M,1009,Célibataire,Consulting,Assistant de Direction,1,1,1,0,0,5,10,1,Transformation Digitale,Occasionnel,1,1,4,3,1,3,4,3,3,Oui,11.0,100,1.0,0.0,1.0,504.5,1008.99,3.5,3,0,1,1,0,0
33,M,3348,Célibataire,Consulting,Assistant de Direction,1,10,10,8,0,3,3,3,Infra & Cloud,Frequent,9,7,1,3,1,1,1,3,3,Oui,11.0,332,1.0,0.8,0.9,304.36,3347.97,1.5,1,0,1,0,0,0
35,M,1281,Marié(e),Consulting,Consultant,1,1,1,0,2,3,3,3,Infra & Cloud,Aucun,0,0,3,2,1,3,3,3,3,Non,18.0,195,1.0,0.0,0.0,640.5,1280.99,3.0,3,1,0,0,0,0
23,M,2819,Marié(e),Consulting,Assistant de Direction,2,5,3,2,1,3,4,3,Transformation Digitale,Occasionnel,0,2,1,4,1,1,1,4,3,Non,16.0,389,0.6,0.667,0.0,469.83,2818.97,1.75,1,-1,0,0,0,0
25,M,4851,Marié(e),Commercial,Cadre Commercial,0,4,3,2,1,4,8,3,Infra & Cloud,Occasionnel,1,2,4,4,2,2,3,3,4,Non,22.0,875,0.75,0.667,0.333,970.2,2425.49,3.0,2,0,0,0,0,0
38,F,4028,Célibataire,Commercial,Cadre Commercial,0,8,7,7,0,2,7,4,Marketing,Occasionnel,0,5,4,2,2,4,1,3,4,Non,20.0,671,0.875,1.0,0.0,447.56,2013.99,3.0,1,2,0,0,0,0
29,M,2720,Divorcé(e),Consulting,Assistant de Direction,1,10,10,7,1,5,1,4,Infra & Cloud,Frequent,2,8,2,1,1,4,4,3,3,Non,18.0,415,1.0,0.7,0.2,247.27,2719.97,3.25,2,2,0,0,0,0
48,M,8120,Marié(e),Commercial,Cadre Commercial,3,12,2,2,0,3,2,1,Marketing,Occasionnel,2,2,2,4,2,2,4,3,3,Non,12.0,870,0.167,1.0,1.0,624.62,4059.98,2.75,2,-1,0,0,0,0
27,F,4647,Divorcé(e),Commercial,Cadre Commercial,1,6,6,5,2,3,3,1,Transformation Digitale,Frequent,0,4,4,4,2,4,2,3,4,Oui,20.0,774,1.0,0.833,0.0,663.86,2323.49,3.25,2,0,1,0,0,0
37,M,4680,Célibataire,Consulting,Assistant de Direction,3,4,1,0,0,2,10,2,Infra & Cloud,Occasionnel,0,0,4,4,1,4,1,3,3,Non,17.0,680,0.25,0.0,0.0,936.0,4679.95,3.0,1,-1,0,0,0,0
50,M,3221,Marié(e),Consulting,Consultant,1,20,20,8,3,3,28,1,Transformation Digitale,Occasionnel,3,8,4,4,1,3,3,3,3,Oui,11.0,319,1.0,0.4,0.15,153.38,3220.97,3.25,3,-1,1,0,1,0
34,F,8621,Célibataire,Consulting,Manager,1,9,8,7,0,3,9,3,Transformation Digitale,Occasionnel,7,7,4,2,3,2,2,4,3,Non,14.000000000000002,1059,0.889,0.875,0.875,862.1,2873.66,3.0,2,1,0,0,0,0
24,F,4577,Célibataire,Commercial,Cadre Commercial,9,4,2,2,0,3,3,2,Infra & Cloud,Occasionnel,2,0,1,3,2,3,1,3,3,Non,14.000000000000002,562,0.5,1.0,1.0,915.4,2288.49,2.0,1,0,0,1,0,1
39,F,4553,Célibataire,Consulting,Manager,1,20,20,7,0,4,2,4,Entrepreunariat,Occasionnel,11,10,4,2,2,3,1,3,3,Non,11.0,451,1.0,0.35,0.55,216.81,2276.49,2.75,1,1,0,0,0,0
32,M,5396,Célibataire,Commercial,Cadre Commercial,1,10,10,7,0,2,10,3,Marketing,Occasionnel,0,8,4,3,2,4,4,2,3,Non,12.0,578,1.0,0.7,0.0,490.55,2697.99,3.5,2,0,0,0,0,0
50,M,6796,Marié(e),Commercial,Cadre Commercial,3,18,4,3,1,4,8,2,Entrepreunariat,Frequent,1,3,2,3,2,3,1,3,3,Oui,14.000000000000002,835,0.222,0.75,0.25,357.68,3397.98,2.25,1,0,0,0,0,0
38,F,7625,Célibataire,Consulting,Manager,0,10,9,7,0,4,1,4,Infra & Cloud,Occasionnel,1,8,2,4,2,4,3,2,3,Non,13.0,877,0.9,0.778,0.111,693.18,3812.48,2.75,2,-1,0,0,0,0
27,F,7412,Marié(e),Consulting,Tech Lead,1,9,9,7,0,3,1,2,Infra & Cloud,Occasionnel,0,7,3,3,3,1,4,3,3,Non,11.0,735,1.0,0.778,0.0,741.2,2470.66,2.75,1,0,0,0,0,0
32,F,11159,Célibataire,Consulting,Directeur Technique,3,10,7,7,0,6,3,2,Infra & Cloud,Occasionnel,7,7,3,3,3,4,4,3,3,Non,15.0,1456,0.7,1.0,1.0,1014.45,3719.65,3.5,3,0,0,0,0,0
47,M,4960,Célibataire,Commercial,Cadre Commercial,2,20,7,7,0,2,14,4,Marketing,Occasionnel,1,7,4,3,2,1,4,3,3,Non,12.0,531,0.35,1.0,0.143,236.19,2479.99,3.0,1,0,0,0,0,0
40,M,10475,Marié(e),Commercial,Cadre Commercial,5,20,18,13,1,2,5,4,Infra & Cloud,Frequent,1,12,4,2,3,1,3,3,4,Oui,21.0,1818,0.9,0.722,0.056,498.81,3491.66,2.75,1,2,0,0,0,1
53,M,14814,Marié(e),Consulting,Directeur Technique,3,32,5,1,0,3,7,3,Infra & Cloud,Occasionnel,1,3,3,4,4,3,3,3,3,Non,19.0,2365,0.156,0.2,0.2,448.91,3703.49,3.0,3,-1,0,0,0,0
41,M,19141,Divorcé(e),Ressources Humaines,Senior Manager,3,23,21,6,3,2,10,4,Ressources Humaines,Occasionnel,12,6,2,2,5,4,2,2,3,Non,15.0,2497,0.913,0.286,0.571,797.54,3828.19,2.5,2,1,0,0,0,0
60,M,5405,Célibataire,Commercial,Cadre Commercial,8,10,2,2,0,1,16,4,Marketing,Occasionnel,2,2,1,3,2,1,4,3,3,Non,14.000000000000002,664,0.2,1.0,1.0,491.36,2702.49,2.25,1,0,0,0,1,1
27,M,8793,Divorcé(e),Consulting,Tech Lead,1,9,9,7,2,4,10,2,Infra & Cloud,Frequent,1,7,4,3,3,1,3,2,4,Non,21.0,1526,1.0,0.778,0.111,879.3,2930.99,2.5,1,1,0,0,0,0
41,M,19189,Marié(e),Ressources Humaines,Senior Manager,1,22,22,7,1,3,1,3,Ressources Humaines,Occasionnel,2,10,4,2,5,3,2,3,3,Non,12.0,2056,1.0,0.318,0.091,834.3,3837.79,3.0,2,1,0,0,0,0
50,M,3875,Marié(e),Commercial,Représentant Commercial,7,4,2,2,1,2,8,4,Marketing,Occasionnel,2,2,4,3,1,2,4,3,3,Non,15.0,505,0.5,1.0,1.0,775.0,3874.96,3.25,2,0,0,0,0,1
28,F,2216,Célibataire,Consulting,Assistant de Direction,7,10,7,7,0,4,1,2,Infra & Cloud,Occasionnel,3,7,1,1,1,2,4,3,3,Oui,13.0,255,0.7,1.0,0.429,201.45,2215.98,2.5,1,2,1,0,0,1
36,F,11713,Marié(e),Consulting,Directeur Technique,9,10,8,7,1,2,8,3,Infra & Cloud,Aucun,0,5,1,4,3,1,1,3,3,Non,14.000000000000002,1438,0.8,0.875,0.0,1064.82,3904.32,1.5,1,-1,0,0,0,1
38,F,7861,Célibataire,Consulting,Tech Lead,4,10,1,0,0,4,1,3,Infra & Cloud,Occasionnel,0,0,3,3,3,3,4,4,3,Oui,14.000000000000002,965,0.1,0.0,0.0,714.64,2620.32,3.5,3,0,0,0,0,0
44,M,3708,Célibataire,Consulting,Consultant,2,9,5,2,0,5,24,3,Transformation Digitale,Aucun,1,4,1,1,1,3,3,3,3,Non,14.000000000000002,455,0.556,0.4,0.2,370.8,3707.96,2.5,1,2,0,0,1,0
47,F,13770,Divorcé(e),Commercial,Cadre Commercial,9,28,22,2,2,2,3,3,Transformation Digitale,Frequent,11,13,4,3,4,3,4,2,3,Oui,12.0,1475,0.786,0.091,0.5,474.83,3442.49,3.25,2,0,0,0,0,1
30,M,5304,Divorcé(e),Commercial,Cadre Commercial,7,10,8,7,1,2,27,5,Marketing,Occasionnel,7,7,3,3,2,4,4,2,4,Non,23.0,992,0.8,0.875,0.875,482.18,2651.99,3.25,2,1,0,0,1,1
29,M,2642,Célibataire,Commercial,Représentant Commercial,1,1,1,0,0,6,10,3,Infra & Cloud,Occasionnel,0,0,3,3,1,3,3,3,3,Non,11.0,262,1.0,0.0,0.0,1321.0,2641.97,3.0,3,0,0,1,0,0
42,M,2759,Divorcé(e),Consulting,Assistant de Direction,6,7,2,2,0,2,19,3,Transformation Digitale,Frequent,2,2,3,4,1,3,4,3,3,Oui,12.0,296,0.286,1.0,1.0,344.88,2758.97,3.25,3,-1,1,0,1,1
43,M,6804,Marié(e),Commercial,Cadre Commercial,3,7,2,2,1,5,15,3,Infra & Cloud,Frequent,2,2,4,2,2,4,3,3,3,Non,18.0,1038,0.286,1.0,1.0,850.5,3401.98,3.5,3,1,0,0,1,0
34,F,6142,Célibataire,Consulting,Manager,3,10,5,1,0,2,8,2,Transformation Digitale,Occasionnel,4,3,2,3,2,3,4,3,3,Non,11.0,609,0.5,0.2,0.8,558.36,3070.98,3.0,2,0,0,0,0,0
23,M,2500,Marié(e),Consulting,Consultant,1,5,4,3,1,2,9,1,Transformation Digitale,Occasionnel,0,2,2,3,1,1,4,4,3,Non,14.000000000000002,307,0.8,0.75,0.0,416.67,2499.98,2.75,1,0,0,0,0,0
39,F,6389,Marié(e),Ressources Humaines,Ressources Humaines,9,12,8,3,1,3,3,3,Ressources Humaines,Occasionnel,3,6,3,4,2,2,3,1,3,Non,15.0,833,0.667,0.375,0.375,491.46,3194.48,2.25,1,-1,0,0,0,1
56,M,11103,Marié(e),Consulting,Manager,7,30,10,7,0,1,9,3,Transformation Digitale,Occasionnel,1,1,3,3,4,4,3,2,3,Non,11.0,1100,0.333,0.7,0.1,358.16,2775.74,3.0,2,0,0,0,0,1
40,F,2342,Célibataire,Consulting,Assistant de Direction,0,5,4,2,0,2,2,1,Transformation Digitale,Occasionnel,2,3,4,2,1,4,4,2,4,Oui,20.0,390,0.8,0.5,0.5,390.33,2341.98,3.5,2,2,1,0,0,0
27,F,6811,Célibataire,Consulting,Manager,8,9,7,6,0,2,7,3,Transformation Digitale,Occasionnel,0,7,4,2,2,1,1,1,3,Non,19.0,1087,0.778,0.857,0.0,681.1,3405.48,1.75,1,1,0,0,0,1
29,M,2297,Divorcé(e),Commercial,Représentant Commercial,1,2,2,2,2,2,10,3,Marketing,Occasionnel,2,2,4,3,1,2,4,3,3,Non,14.000000000000002,282,1.0,1.0,1.0,765.67,2296.98,3.25,2,0,0,1,0,0
53,M,2450,Célibataire,Consulting,Consultant,2,19,2,2,0,4,6,3,Infra & Cloud,Occasionnel,2,2,4,3,2,4,4,3,3,Non,17.0,356,0.105,1.0,1.0,122.5,1224.99,3.75,3,0,0,0,0,0
35,F,5093,Divorcé(e),Consulting,Manager,2,16,1,0,1,2,2,4,Infra & Cloud,Aucun,0,0,4,3,2,1,1,4,3,Non,11.0,505,0.062,0.0,0.0,299.59,2546.49,2.5,1,0,0,0,0,0
32,M,5309,Marié(e),Consulting,Consultant,1,10,10,8,2,2,24,4,Infra & Cloud,Frequent,4,7,1,3,2,4,4,3,3,Non,15.0,692,1.0,0.8,0.4,482.64,2654.49,3.0,1,0,0,0,1,0
38,M,3057,Marié(e),Consulting,Assistant de Direction,6,6,1,0,1,0,2,5,Transformation Digitale,Occasionnel,0,1,4,3,1,3,2,1,3,Oui,13.0,352,0.167,0.0,0.0,436.71,3056.97,2.5,1,0,1,0,0,1
34,F,5121,Divorcé(e),Consulting,Tech Lead,3,7,0,0,1,3,8,5,Infra & Cloud,Occasionnel,0,0,2,3,2,1,3,3,3,Non,14.000000000000002,629,0.0,0.0,0.0,640.12,2560.49,2.25,1,0,0,0,0,0
52,M,16856,Marié(e),Commercial,Senior Manager,1,34,34,6,0,3,3,4,Marketing,Occasionnel,1,16,3,2,4,1,1,4,3,Non,11.0,1670,1.0,0.176,0.029,481.6,4213.99,2.25,1,1,0,0,0,0
33,M,2686,Célibataire,Consulting,Assistant de Direction,1,10,10,9,0,2,1,4,Autre,Occasionnel,7,8,4,3,1,4,3,2,3,Oui,13.0,309,1.0,0.9,0.7,244.18,2685.97,3.25,2,0,1,0,0,0
25,F,6180,Célibataire,Commercial,Cadre Commercial,1,6,6,5,0,5,26,1,Transformation Digitale,Occasionnel,1,4,3,3,2,4,2,2,4,Non,23.0,1156,1.0,0.833,0.167,882.86,3089.98,2.75,2,1,0,0,1,0
45,M,6632,Célibataire,Commercial,Représentant Commercial,0,9,8,7,0,3,2,2,Entrepreunariat,Occasionnel,3,1,2,1,2,3,1,3,3,Non,13.0,763,0.889,0.875,0.375,663.2,3315.98,2.25,1,2,0,0,0,0
23,M,3505,Célibataire,Consulting,Assistant de Direction,1,2,2,2,0,3,10,1,Transformation Digitale,Occasionnel,0,2,1,4,1,3,4,3,3,Non,18.0,535,1.0,1.0,0.0,1168.33,3504.96,2.75,1,-1,0,1,0,0
47,F,6397,Célibataire,Commercial,Cadre Commercial,4,8,5,4,0,2,27,2,Infra & Cloud,Frequent,1,3,2,4,2,3,4,3,3,Oui,12.0,685,0.625,0.8,0.2,710.78,3198.48,3.0,2,-1,0,0,1,0
34,M,6274,Célibataire,Commercial,Cadre Commercial,1,6,6,5,0,5,2,3,Autre,Occasionnel,1,4,4,3,2,4,3,3,4,Non,22.0,1131,1.0,0.833,0.167,896.29,3136.98,3.5,3,1,0,0,0,0
55,M,19859,Marié(e),Consulting,Senior Manager,5,24,5,2,1,2,2,3,Transformation Digitale,Occasionnel,1,4,4,3,5,1,4,3,3,Oui,13.0,2285,0.208,0.4,0.2,794.36,3971.79,3.0,1,0,0,0,0,1
36,M,7587,Célibataire,Commercial,Cadre Commercial,1,10,10,7,0,1,8,4,Infra & Cloud,Aucun,0,9,1,2,3,1,2,3,3,Non,15.0,990,1.0,0.7,0.0,689.73,2528.99,1.75,1,1,0,0,0,0
52,M,4258,Marié(e),Consulting,Assistant de Direction,0,5,4,3,1,3,19,4,Transformation Digitale,Aucun,1,2,4,3,1,4,1,3,3,Non,18.0,650,0.8,0.75,0.25,709.67,4257.96,3.0,1,0,0,0,1,0
26,F,4364,Divorcé(e),Consulting,Consultant,3,5,2,2,1,2,1,2,Infra & Cloud,Frequent,2,0,1,1,1,4,1,3,3,Non,14.000000000000002,536,0.4,1.0,1.0,727.33,4363.96,2.25,1,2,0,1,0,0
29,F,4335,Marié(e),Consulting,Manager,4,11,8,7,1,3,27,3,Transformation Digitale,Occasionnel,1,1,2,3,2,3,1,2,3,Non,12.0,464,0.727,0.875,0.125,361.25,2167.49,2.0,1,0,0,0,1,0
26,M,5326,Célibataire,Commercial,Cadre Commercial,6,6,4,3,0,2,8,3,Entrepreunariat,Occasionnel,1,2,4,2,2,1,3,2,3,Non,17.0,774,0.667,0.75,0.25,760.86,2662.99,2.5,1,1,0,0,0,1
34,F,3280,Célibataire,Consulting,Assistant de Direction,2,10,4,2,0,2,1,4,Infra & Cloud,Occasionnel,1,3,2,4,1,4,3,3,3,Non,16.0,452,0.4,0.5,0.25,298.18,3279.97,3.0,2,-1,0,0,0,0
54,F,5485,Divorcé(e),Consulting,Tech Lead,9,9,5,3,2,4,19,4,Transformation Digitale,Occasionnel,1,4,4,3,2,1,2,3,3,Oui,11.0,544,0.556,0.6,0.2,548.5,2742.49,2.5,1,0,0,0,1,1
27,M,4342,Marié(e),Commercial,Cadre Commercial,0,5,4,2,1,3,8,1,Marketing,Frequent,1,1,3,3,2,4,2,3,3,Non,19.0,693,0.8,0.5,0.25,723.67,2170.99,3.0,2,0,0,0,0,0
37,F,2782,Divorcé(e),Consulting,Assistant de Direction,0,6,5,3,2,3,10,1,Infra & Cloud,Occasionnel,4,3,4,3,1,1,2,2,3,Oui,13.0,320,0.833,0.6,0.8,397.43,2781.97,2.25,1,0,1,0,0,0
38,F,5980,Célibataire,Consulting,Tech Lead,6,17,15,7,0,2,2,4,Infra & Cloud,Frequent,4,12,1,4,2,1,4,3,3,Oui,12.0,641,0.882,0.467,0.267,332.22,2989.99,2.25,1,-1,0,0,0,1
34,F,4381,Célibataire,Consulting,Assistant de Direction,1,6,6,5,0,3,2,4,Transformation Digitale,Occasionnel,1,3,3,2,1,1,3,3,3,Non,11.0,434,1.0,0.833,0.167,625.86,4380.96,2.5,1,1,0,0,0,0
35,F,2572,Marié(e),Commercial,Représentant Commercial,1,3,3,2,1,1,8,4,Infra & Cloud,Occasionnel,0,2,1,3,1,4,2,2,3,Non,16.0,355,1.0,0.667,0.0,643.0,2571.97,2.25,1,0,0,0,0,0
30,M,3833,Marié(e),Consulting,Consultant,3,7,2,2,2,2,1,3,Infra & Cloud,Occasionnel,0,2,4,1,1,3,3,3,4,Non,21.0,665,0.286,1.0,0.0,479.12,3832.96,3.25,3,3,0,1,0,0
40,F,4244,Marié(e),Consulting,Manager,1,8,8,7,1,2,2,2,Transformation Digitale,Frequent,3,7,3,4,2,2,4,3,4,Non,24.0,821,1.0,0.875,0.375,471.56,2121.99,3.0,2,0,0,0,0,0
34,F,6500,Marié(e),Commercial,Cadre Commercial,5,6,3,2,1,1,8,2,Infra & Cloud,Occasionnel,1,2,3,3,2,1,2,3,3,Non,17.0,944,0.5,0.667,0.333,928.57,3249.98,2.25,1,0,0,0,0,1
42,M,18430,Divorcé(e),Consulting,Senior Manager,1,24,24,7,1,4,8,3,Infra & Cloud,Frequent,14,9,2,3,5,4,2,2,3,Non,13.0,2120,1.0,0.292,0.583,737.2,3685.99,2.5,2,0,0,0,0,0
23,M,1601,Marié(e),Consulting,Consultant,1,1,0,0,2,2,6,3,Infra & Cloud,Occasionnel,0,0,3,4,1,1,3,3,4,Oui,21.0,278,0.0,0.0,0.0,800.5,1600.98,2.5,1,0,1,1,0,0
24,M,2694,Divorcé(e),Consulting,Consultant,1,1,1,0,3,4,9,3,Infra & Cloud,Aucun,0,0,3,2,1,2,3,3,3,Non,11.0,267,1.0,0.0,0.0,1347.0,2693.97,2.75,2,1,0,1,0,0
52,F,3149,Marié(e),Consulting,Consultant,8,9,5,2,1,3,11,4,Infra & Cloud,Occasionnel,1,4,4,3,2,3,2,3,4,Non,20.0,525,0.556,0.4,0.2,314.9,1574.49,3.0,2,1,0,0,0,1
50,M,17639,Marié(e),Consulting,Directeur Technique,5,30,4,3,0,3,2,3,Transformation Digitale,Occasionnel,0,3,3,3,4,3,4,3,3,Non,16.0,2433,0.133,0.75,0.0,569.0,4409.74,3.25,3,0,0,0,0,1
29,F,2319,Marié(e),Consulting,Consultant,1,1,1,0,1,1,1,2,Infra & Cloud,Occasionnel,0,0,2,2,1,1,4,3,3,Oui,11.0,230,1.0,0.0,0.0,1159.5,2318.98,2.5,1,1,1,1,0,0
33,M,11691,Marié(e),Consulting,Directeur Technique,0,14,13,9,0,3,7,3,Transformation Digitale,Occasionnel,3,7,3,3,3,3,4,4,3,Non,11.0,1159,0.929,0.692,0.231,779.4,3896.99,3.5,3,0,0,0,0,0
33,F,5324,Célibataire,Commercial,Cadre Commercial,5,6,3,2,0,3,16,3,Marketing,Occasionnel,0,2,1,3,2,1,3,3,3,Non,15.0,694,0.5,0.667,0.0,760.57,2661.99,2.0,1,0,0,0,1,1
47,F,16752,Marié(e),Consulting,Senior Manager,1,26,26,14,1,3,2,2,Autre,Occasionnel,3,0,3,3,4,4,3,2,3,Oui,11.0,1660,1.0,0.538,0.115,620.44,4187.99,3.0,2,0,0,0,0,0
36,F,5228,Marié(e),Consulting,Tech Lead,0,10,9,7,1,2,1,3,Autre,Occasionnel,0,5,3,3,2,2,1,3,3,Non,15.0,682,0.9,0.778,0.0,475.27,2613.99,2.25,1,0,0,0,0,0
29,M,2700,Marié(e),Consulting,Assistant de Direction,1,10,10,7,1,3,23,2,Infra & Cloud,Occasionnel,0,7,3,4,1,3,3,3,4,Non,24.0,523,1.0,0.7,0.0,245.45,2699.97,3.0,3,0,0,0,1,0
58,M,19246,Célibataire,Consulting,Directeur Technique,7,40,31,15,0,2,2,4,Infra & Cloud,Occasionnel,13,8,4,3,5,2,4,3,3,Oui,12.0,2062,0.775,0.484,0.419,469.41,3849.19,3.25,2,0,0,0,0,1
35,F,2506,Célibataire,Consulting,Assistant de Direction,3,7,2,2,0,0,1,4,Infra & Cloud,Occasionnel,2,2,4,4,1,3,3,3,3,Non,13.0,288,0.286,1.0,1.0,313.25,2505.97,3.25,3,-1,0,0,0,0
42,F,6062,Marié(e),Consulting,Tech Lead,9,8,4,3,1,4,1,2,Infra & Cloud,Occasionnel,0,2,4,2,2,4,4,3,3,Oui,13.0,697,0.5,0.75,0.0,673.56,3030.98,3.75,3,1,0,0,0,1
28,M,4382,Célibataire,Consulting,Assistant de Direction,6,5,2,2,0,3,2,4,Transformation Digitale,Occasionnel,2,1,3,3,1,3,4,2,3,Non,17.0,637,0.4,1.0,1.0,730.33,4381.96,3.0,2,0,0,1,0,1
36,M,2143,Marié(e),Ressources Humaines,Ressources Humaines,4,8,5,2,1,2,13,3,Ressources Humaines,Occasionnel,0,4,3,3,1,2,2,3,3,Non,13.0,247,0.625,0.4,0.0,238.11,2142.98,2.5,2,0,0,0,0,0
32,F,6162,Marié(e),Consulting,Tech Lead,1,14,14,13,1,3,4,3,Infra & Cloud,Occasionnel,6,8,3,2,2,3,3,3,3,Non,12.0,660,1.0,0.929,0.429,410.8,3080.98,3.0,3,1,0,0,0,0
40,M,5094,Célibataire,Consulting,Consultant,6,10,1,0,0,6,16,4,Transformation Digitale,Frequent,0,0,1,2,2,3,4,3,3,Non,14.000000000000002,626,0.1,0.0,0.0,463.09,2546.99,2.75,1,1,0,0,1,1
30,F,6877,Célibataire,Consulting,Tech Lead,5,12,0,0,0,4,2,3,Transformation Digitale,Occasionnel,0,0,3,2,2,4,2,2,4,Oui,24.0,1331,0.0,0.0,0.0,529.0,3438.48,2.75,2,2,0,1,0,1
45,F,2274,Célibataire,Consulting,Assistant de Direction,1,1,1,0,0,3,2,3,Infra & Cloud,Occasionnel,0,0,2,2,1,3,4,3,3,Non,14.000000000000002,279,1.0,0.0,0.0,1137.0,2273.98,3.0,2,1,0,0,0,0
42,M,4434,Marié(e),Consulting,Tech Lead,1,10,9,8,1,3,29,3,Infra & Cloud,Occasionnel,7,8,2,3,2,2,4,2,3,Non,13.0,510,0.9,0.889,0.778,403.09,2216.99,2.5,2,0,0,0,1,0
38,M,6288,Divorcé(e),Consulting,Manager,2,13,4,3,1,3,12,3,Infra & Cloud,Frequent,1,2,1,2,2,1,3,2,3,Non,15.0,820,0.308,0.75,0.25,449.14,3143.98,1.75,1,1,0,0,0,0
34,F,2553,Célibataire,Consulting,Assistant de Direction,1,6,5,2,0,3,16,4,Infra & Cloud,Frequent,1,3,3,2,1,4,3,3,3,Non,16.0,352,0.833,0.4,0.2,364.71,2552.97,3.25,3,1,0,0,1,0
49,F,7654,Marié(e),Commercial,Cadre Commercial,1,9,9,8,2,3,11,3,Marketing,Occasionnel,7,7,3,3,3,4,1,4,3,Non,18.0,1168,1.0,0.889,0.778,765.4,2551.32,3.0,1,0,0,0,0,0
55,M,5160,Célibataire,Commercial,Cadre Commercial,4,12,9,7,0,3,2,1,Transformation Digitale,Occasionnel,7,3,3,3,2,4,3,2,3,Non,16.0,712,0.75,0.778,0.778,396.92,2579.99,3.0,2,0,0,0,0,0
43,M,17159,Marié(e),Consulting,Directeur Technique,6,22,4,1,1,3,14,2,Infra & Cloud,Occasionnel,1,0,2,3,4,1,3,3,4,Non,24.0,3321,0.182,0.25,0.25,746.04,4289.74,2.25,1,1,0,0,0,1
27,M,12808,Divorcé(e),Consulting,Directeur Technique,1,9,9,8,1,3,5,1,Entrepreunariat,Occasionnel,0,8,3,2,3,4,2,3,3,Oui,16.0,1767,1.0,0.889,0.0,1280.8,4269.32,3.0,2,1,0,0,0,0
35,M,10221,Célibataire,Consulting,Tech Lead,3,17,8,5,0,3,7,3,Autre,Occasionnel,1,6,3,3,3,3,2,4,4,Non,21.0,1774,0.471,0.625,0.125,567.83,3406.99,3.0,2,1,0,0,0,0
28,F,4779,Marié(e),Commercial,Cadre Commercial,1,8,8,7,0,2,2,4,Marketing,Occasionnel,7,5,2,3,2,2,1,3,4,Oui,20.0,796,1.0,0.875,0.875,531.0,2389.49,2.0,1,1,1,0,0,0
34,M,3737,Marié(e),Ressources Humaines,Ressources Humaines,0,4,3,2,1,1,3,2,Ressources Humaines,Occasionnel,0,2,3,3,1,4,3,1,3,Non,19.0,597,0.75,0.667,0.0,747.4,3736.96,2.75,1,0,0,0,0,0
26,F,2366,Marié(e),Consulting,Assistant de Direction,1,8,8,7,1,2,5,2,Transformation Digitale,Frequent,1,7,3,2,1,3,1,3,3,Oui,14.000000000000002,291,1.0,0.875,0.125,262.89,2365.98,2.5,1,1,1,0,0,0
27,M,1706,Marié(e),Consulting,Assistant de Direction,1,0,0,0,3,6,3,3,Transformation Digitale,Aucun,0,0,4,3,1,4,3,2,3,Non,11.0,169,0.0,0.0,0.0,1706.0,1705.98,3.25,2,0,0,1,0,0
51,F,16307,Marié(e),Commercial,Senior Manager,2,29,20,6,1,2,26,4,Marketing,Occasionnel,4,17,1,3,4,3,3,2,3,Non,14.000000000000002,2003,0.69,0.3,0.2,543.57,4076.74,2.25,1,0,0,0,1,0
44,M,5933,Célibataire,Consulting,Manager,9,10,5,2,0,2,4,3,Transformation Digitale,Occasionnel,2,3,4,3,2,2,4,2,3,Non,12.0,636,0.5,0.4,0.4,539.36,2966.49,3.0,2,0,0,0,0,1
25,M,3424,Célibataire,Consulting,Assistant de Direction,7,6,4,3,0,3,2,1,Transformation Digitale,Occasionnel,0,1,1,4,1,1,3,2,3,Non,13.0,394,0.667,0.75,0.0,489.14,3423.97,1.75,1,-1,0,0,0,1
33,M,4037,Divorcé(e),Commercial,Cadre Commercial,1,9,9,8,1,5,1,3,Transformation Digitale,Occasionnel,0,8,1,4,2,1,1,3,4,Non,22.0,728,1.0,0.889,0.0,403.7,2018.49,1.5,1,0,0,0,0,0
35,F,2559,Célibataire,Consulting,Assistant de Direction,1,6,6,5,0,3,27,1,Transformation Digitale,Occasionnel,1,1,3,2,1,1,4,2,3,Non,11.0,254,1.0,0.833,0.167,365.57,2558.97,2.5,1,1,0,0,1,0
36,M,6201,Marié(e),Commercial,Cadre Commercial,1,18,18,14,1,1,1,2,Infra & Cloud,Occasionnel,4,11,2,3,2,4,4,2,3,Oui,14.000000000000002,762,1.0,0.778,0.222,326.37,3100.48,3.0,2,0,0,0,0,0
32,M,4403,Divorcé(e),Commercial,Cadre Commercial,2,8,5,2,1,3,13,4,Infra & Cloud,Occasionnel,0,3,2,3,2,4,3,2,3,Non,11.0,436,0.625,0.4,0.0,489.22,2201.49,2.75,2,0,0,0,0,0
30,M,3761,Divorcé(e),Consulting,Assistant de Direction,9,10,5,4,1,3,5,4,Infra & Cloud,Frequent,0,3,2,2,1,4,2,2,3,Non,12.0,403,0.5,0.8,0.0,341.91,3760.96,2.5,2,1,0,0,0,1
53,F,10934,Marié(e),Commercial,Cadre Commercial,7,35,5,2,1,3,7,2,Marketing,Occasionnel,0,4,1,2,3,4,4,3,3,Oui,18.0,1668,0.143,0.4,0.0,303.72,3644.65,3.0,1,1,0,0,0,1
45,M,10761,Divorcé(e),Commercial,Cadre Commercial,4,18,5,4,1,2,9,3,Marketing,Occasionnel,0,2,4,3,3,1,3,3,3,Oui,12.0,1153,0.278,0.8,0.0,566.37,3586.99,2.75,1,0,0,0,0,0
32,F,5175,Marié(e),Consulting,Assistant de Direction,5,9,5,3,1,3,8,2,Transformation Digitale,Occasionnel,1,3,3,4,2,3,3,2,3,Non,12.0,554,0.556,0.6,0.2,517.5,2587.49,2.75,2,-1,0,0,0,1
52,F,13826,Marié(e),Consulting,Tech Lead,3,31,9,8,0,3,25,4,Transformation Digitale,Frequent,0,0,3,2,4,4,3,3,4,Non,22.0,2493,0.29,0.889,0.0,432.06,3456.49,3.25,3,2,0,0,1,0
37,M,6334,Divorcé(e),Commercial,Cadre Commercial,4,9,1,0,2,2,16,4,Marketing,Occasionnel,0,0,4,2,2,3,4,3,3,Non,19.0,1011,0.111,0.0,0.0,633.4,3166.98,3.5,3,1,0,0,1,0
28,M,4936,Divorcé(e),Ressources Humaines,Ressources Humaines,1,6,5,1,1,6,8,2,Transformation Digitale,Occasionnel,0,4,2,2,1,4,4,3,3,Non,13.0,568,0.833,0.2,0.0,705.14,4935.95,3.25,2,1,0,0,0,0
22,M,4775,Marié(e),Consulting,Tech Lead,6,4,2,2,2,2,1,2,Infra & Cloud,Occasionnel,2,2,4,2,2,4,1,1,4,Non,22.0,861,0.5,1.0,1.0,955.0,2387.49,2.5,1,2,0,1,0,1
44,M,2818,Marié(e),Consulting,Consultant,2,10,3,2,1,2,8,4,Infra & Cloud,Occasionnel,0,2,1,4,1,4,3,2,4,Oui,24.0,545,0.3,0.667,0.0,256.18,2817.97,2.5,1,0,1,0,0,0
42,M,2515,Célibataire,Consulting,Assistant de Direction,5,8,2,1,0,2,2,1,Transformation Digitale,Frequent,2,2,2,3,1,4,4,3,3,Oui,14.000000000000002,309,0.25,0.5,1.0,279.44,2514.97,3.25,2,0,1,0,0,1
36,M,2342,Marié(e),Ressources Humaines,Ressources Humaines,0,6,5,4,0,3,8,3,Infra & Cloud,Occasionnel,0,3,1,2,1,1,3,3,4,Non,21.0,406,0.833,0.8,0.0,334.57,2341.98,2.0,1,2,0,0,0,0
25,M,4194,Marié(e),Commercial,Cadre Commercial,1,5,5,3,0,3,3,1,Autre,Occasionnel,0,3,3,3,2,1,4,3,3,Oui,18.0,640,1.0,0.6,0.0,699.0,2096.99,2.75,1,0,1,0,0,0
35,F,10685,Marié(e),Consulting,Tech Lead,1,17,17,14,1,2,9,3,Infra & Cloud,Occasionnel,5,15,4,2,3,3,2,3,4,Oui,20.0,1781,1.0,0.824,0.294,593.61,3561.65,3.0,2,2,0,0,0,0
35,F,2022,Divorcé(e),Consulting,Assistant de Direction,1,10,10,2,1,3,25,4,Infra & Cloud,Frequent,7,8,4,3,1,2,1,2,3,Oui,19.0,323,1.0,0.2,0.7,183.82,2021.98,2.25,1,0,1,0,1,0
32,M,2314,Divorcé(e),Consulting,Consultant,0,4,3,0,1,2,1,3,Infra & Cloud,Aucun,0,2,4,3,1,4,2,3,3,Non,12.0,248,0.75,0.0,0.0,462.8,2313.98,3.25,2,0,0,0,0,0
25,M,4256,Marié(e),Commercial,Cadre Commercial,1,5,5,2,0,1,4,1,Marketing,Occasionnel,0,3,3,2,2,1,1,4,3,Non,12.0,456,1.0,0.4,0.0,709.33,2127.99,2.25,1,1,0,0,0,0
49,F,3580,Marié(e),Consulting,Assistant de Direction,2,7,4,2,1,2,1,3,Entrepreunariat,Occasionnel,0,2,3,3,1,1,2,3,3,Non,16.0,494,0.571,0.5,0.0,447.5,3579.96,2.25,1,0,0,0,0,0
24,M,3162,Marié(e),Consulting,Consultant,0,6,5,2,0,2,4,1,Infra & Cloud,Aucun,3,4,1,2,1,4,4,2,3,Non,17.0,459,0.833,0.4,0.6,451.71,3161.97,2.75,1,1,0,0,0,0
32,M,6524,Marié(e),Commercial,Cadre Commercial,1,10,10,8,1,3,5,2,Infra & Cloud,Frequent,5,3,2,3,2,2,4,3,3,Non,14.000000000000002,801,1.0,0.8,0.5,593.09,3261.98,2.75,2,0,0,0,0,0
38,M,2899,Marié(e),Commercial,Représentant Commercial,0,3,2,2,1,3,9,3,Marketing,Occasionnel,1,2,2,2,1,2,4,3,3,Non,19.0,463,0.667,1.0,0.5,724.75,2898.97,2.75,2,1,0,0,0,0
42,F,5231,Marié(e),Consulting,Consultant,2,17,5,3,1,1,3,3,Infra & Cloud,Occasionnel,1,3,3,4,2,4,2,2,3,Oui,13.0,602,0.294,0.6,0.2,290.61,2615.49,2.75,2,-1,0,0,0,0
31,M,2356,Marié(e),Consulting,Assistant de Direction,3,8,6,4,1,2,11,4,Infra & Cloud,Occasionnel,0,2,4,3,1,4,2,3,3,Oui,19.0,376,0.75,0.667,0.0,261.78,2355.98,3.25,2,0,1,0,0,0
29,F,2800,Divorcé(e),Commercial,Représentant Commercial,6,5,3,2,3,3,1,3,Transformation Digitale,Occasionnel,0,2,2,2,1,3,3,3,3,Oui,19.0,447,0.6,0.667,0.0,466.67,2799.97,2.75,2,1,1,0,0,1
53,M,11836,Marié(e),Commercial,Cadre Commercial,5,28,2,0,1,3,8,3,Marketing,Occasionnel,2,2,1,3,4,4,3,3,3,Non,14.000000000000002,1454,0.071,0.0,1.0,408.14,2958.99,2.75,1,0,0,0,0,1
35,M,10903,Marié(e),Consulting,Tech Lead,3,16,13,10,0,2,25,3,Entrepreunariat,Occasionnel,4,8,4,2,3,2,1,3,3,Non,16.0,1504,0.812,0.769,0.308,641.35,3634.32,2.5,1,1,0,0,1,0
37,F,2973,Marié(e),Commercial,Représentant Commercial,5,10,5,4,1,3,21,2,Transformation Digitale,Frequent,0,0,3,3,1,4,2,3,3,Non,15.0,388,0.5,0.8,0.0,270.27,2972.97,3.0,2,0,0,0,1,1
53,F,14275,Célibataire,Consulting,Directeur Technique,6,33,12,9,0,0,23,4,Infra & Cloud,Occasionnel,3,8,4,3,4,4,3,3,3,Non,18.0,2178,0.364,0.75,0.25,419.85,3568.74,3.5,3,0,0,0,1,1
43,F,5562,Marié(e),Consulting,Manager,4,12,5,2,1,2,1,3,Infra & Cloud,Frequent,2,2,4,3,2,4,2,2,3,Non,13.0,640,0.417,0.4,0.4,427.85,2780.99,3.0,2,0,0,0,0,0
47,F,4537,Marié(e),Commercial,Cadre Commercial,0,8,7,6,1,2,2,2,Marketing,Occasionnel,7,7,3,3,2,4,1,3,4,Oui,22.0,818,0.875,0.857,1.0,504.11,2268.49,2.75,1,1,1,0,0,0
37,M,7642,Célibataire,Commercial,Cadre Commercial,1,10,10,0,0,2,19,2,Transformation Digitale,Aucun,0,9,1,3,3,2,4,3,3,Oui,13.0,879,1.0,0.0,0.0,694.73,2547.32,2.5,1,0,0,0,1,0
50,M,17924,Divorcé(e),Consulting,Senior Manager,1,31,31,6,1,3,2,4,Infra & Cloud,Aucun,14,7,1,3,4,1,4,3,3,Non,11.0,1776,1.0,0.194,0.452,560.12,4480.99,2.25,1,0,0,0,0,0
39,F,5204,Marié(e),Ressources Humaines,Ressources Humaines,8,13,5,4,2,2,2,3,Infra & Cloud,Occasionnel,0,4,4,2,2,4,3,3,3,Non,11.0,516,0.385,0.8,0.0,371.71,2601.99,3.5,3,1,0,0,0,1
33,M,2277,Divorcé(e),Ressources Humaines,Ressources Humaines,3,7,4,3,1,4,3,2,Ressources Humaines,Occasionnel,0,3,4,3,1,2,3,4,3,Oui,11.0,226,0.571,0.75,0.0,284.62,2276.98,3.25,2,0,1,0,0,0
32,M,2795,Célibataire,Consulting,Consultant,1,1,1,0,0,2,25,4,Infra & Cloud,Occasionnel,0,1,1,3,1,4,3,1,4,Oui,24.0,541,1.0,0.0,0.0,1397.5,2794.97,2.25,1,1,1,0,1,0
29,F,2532,Divorcé(e),Consulting,Consultant,6,8,4,3,3,5,7,1,Transformation Digitale,Occasionnel,0,3,1,2,1,4,3,3,3,Non,14.000000000000002,311,0.5,0.75,0.0,281.33,2531.97,2.75,1,1,0,0,0,1
44,M,2559,Marié(e),Consulting,Assistant de Direction,1,8,8,7,0,0,9,2,Infra & Cloud,Occasionnel,7,1,2,3,1,1,4,3,3,Oui,13.0,294,1.0,0.875,0.875,284.33,2558.97,2.5,1,0,1,0,0,0
28,M,4908,Célibataire,Commercial,Cadre Commercial,1,4,4,2,0,3,5,4,Transformation Digitale,Occasionnel,0,2,1,3,2,4,2,3,3,Non,14.000000000000002,603,1.0,0.5,0.0,981.6,2453.99,2.5,1,0,0,0,0,0
58,M,2380,Divorcé(e),Consulting,Consultant,9,3,1,0,1,3,2,1,Infra & Cloud,Frequent,0,0,4,2,1,4,4,2,3,Oui,14.000000000000002,292,0.333,0.0,0.0,595.0,2379.98,3.5,2,1,1,0,0,1
43,F,4765,Divorcé(e),Consulting,Tech Lead,4,4,1,0,1,2,8,3,Infra & Cloud,Occasionnel,0,0,1,3,2,2,3,4,4,Non,21.0,827,0.25,0.0,0.0,953.0,2382.49,2.5,1,1,0,0,0,0
20,F,2044,Célibataire,Commercial,Représentant Commercial,1,2,2,2,0,3,2,3,Transformation Digitale,Occasionnel,0,2,3,2,1,3,4,2,3,Non,13.0,235,1.0,1.0,0.0,681.33,2043.98,3.0,2,1,0,1,0,0
21,F,2693,Célibataire,Consulting,Assistant de Direction,1,1,1,0,0,3,18,1,Autre,Occasionnel,0,0,4,3,1,4,1,2,3,Non,19.0,430,1.0,0.0,0.0,1346.5,2692.97,2.75,1,0,0,1,1,0
36,M,6586,Marié(e),Consulting,Manager,0,17,16,8,1,2,14,1,Infra & Cloud,Occasionnel,4,11,3,3,2,4,1,2,3,Oui,17.0,957,0.941,0.5,0.25,365.89,3292.98,2.5,1,0,0,0,0,0
47,F,3294,Célibataire,Commercial,Représentant Commercial,1,3,3,2,0,3,2,4,Infra & Cloud,Occasionnel,1,2,4,2,1,4,1,2,3,Oui,18.0,502,1.0,0.667,0.333,823.5,3293.97,2.75,1,1,1,0,0,0
22,F,4171,Marié(e),Consulting,Tech Lead,0,4,3,2,1,3,3,1,Infra & Cloud,Occasionnel,0,2,2,3,2,3,1,4,3,Oui,19.0,666,0.75,0.667,0.0,834.2,2085.49,2.5,1,0,1,0,0,0
41,F,2778,Divorcé(e),Consulting,Consultant,4,10,7,7,1,1,2,4,Infra & Cloud,Occasionnel,1,0,2,1,1,4,3,2,3,Oui,13.0,320,0.7,1.0,0.143,252.55,2777.97,2.75,2,2,1,0,0,0
28,F,2377,Divorcé(e),Consulting,Assistant de Direction,5,6,2,2,1,2,9,3,Transformation Digitale,Occasionnel,2,2,3,3,1,3,2,3,3,Non,18.0,363,0.333,1.0,1.0,339.57,2376.98,2.75,2,0,0,1,0,1
39,M,2404,Marié(e),Consulting,Consultant,7,8,2,2,0,2,6,3,Transformation Digitale,Occasionnel,2,2,4,3,1,1,4,1,4,Oui,21.0,417,0.25,1.0,1.0,267.11,2403.98,2.5,1,1,1,0,0,1
27,F,2318,Célibataire,Consulting,Assistant de Direction,1,1,1,1,0,2,4,3,Infra & Cloud,Occasionnel,0,0,2,3,1,3,3,3,3,Non,19.0,370,1.0,1.0,0.0,1159.0,2317.98,2.75,2,0,0,1,0,0
34,M,2008,Divorcé(e),Consulting,Consultant,1,1,1,0,2,3,10,3,Infra & Cloud,Occasionnel,1,0,2,3,1,2,2,3,3,Non,14.000000000000002,247,1.0,0.0,1.0,1004.0,2007.98,2.25,2,0,0,0,0,0
42,F,6244,Célibataire,Commercial,Cadre Commercial,7,10,5,4,0,6,14,2,Transformation Digitale,Occasionnel,0,3,3,2,2,3,1,3,3,Non,17.0,907,0.5,0.8,0.0,567.64,3121.98,2.5,1,1,0,0,0,1
33,M,2799,Célibataire,Consulting,Assistant de Direction,3,6,3,2,0,1,1,4,Autre,Occasionnel,0,2,3,2,1,1,2,3,3,Oui,11.0,277,0.5,0.667,0.0,399.86,2798.97,2.25,1,1,1,0,0,0
58,F,10552,Divorcé(e),Consulting,Manager,2,24,6,0,1,3,5,3,Entrepreunariat,Occasionnel,0,4,3,2,3,2,4,3,3,Oui,13.0,1214,0.25,0.0,0.0,422.08,3517.32,3.0,2,1,0,0,0,0
31,M,2329,Marié(e),Commercial,Représentant Commercial,3,13,7,7,0,2,7,4,Infra & Cloud,Occasionnel,5,2,2,2,1,3,2,4,3,Non,15.0,304,0.538,1.0,0.714,166.36,2328.98,2.75,2,1,0,0,0,0
35,F,4014,Marié(e),Consulting,Manager,1,10,10,6,1,2,21,1,Infra & Cloud,Occasionnel,0,7,4,3,2,4,4,1,4,Oui,25.0,803,1.0,0.6,0.0,364.91,2006.99,3.25,1,1,1,0,1,0
49,F,7403,Marié(e),Consulting,Consultant,4,29,26,9,1,3,8,2,Autre,Occasionnel,1,7,1,3,3,2,3,2,3,Non,11.0,734,0.897,0.346,0.038,246.77,2467.66,2.0,1,0,0,0,0,0
48,M,2259,Marié(e),Consulting,Assistant de Direction,4,13,0,0,2,2,20,4,Transformation Digitale,Occasionnel,0,0,4,3,1,3,1,2,3,Non,17.0,328,0.0,0.0,0.0,161.36,2258.98,2.5,1,0,0,0,1,0
31,F,6932,Marié(e),Commercial,Cadre Commercial,1,9,9,8,1,2,20,2,Marketing,Aucun,0,0,4,3,2,3,4,2,3,Non,13.0,797,1.0,0.889,0.0,693.2,3465.98,3.25,2,0,0,0,1,0
36,M,4678,Célibataire,Consulting,Assistant de Direction,2,8,6,2,0,6,7,4,Autre,Occasionnel,0,1,2,3,1,4,3,3,3,Non,18.0,714,0.75,0.333,0.0,519.78,4677.95,3.0,2,0,0,0,0,0
38,F,13582,Marié(e),Consulting,Directeur Technique,1,15,15,12,1,3,1,3,Entrepreunariat,Occasionnel,5,11,4,3,3,1,2,3,3,Non,13.0,1563,1.0,0.8,0.333,848.88,4527.32,2.5,1,0,0,0,0,0
32,F,2332,Marié(e),Consulting,Consultant,6,5,3,0,0,3,1,3,Infra & Cloud,Aucun,0,2,3,2,1,2,3,3,4,Non,20.0,389,0.6,0.0,0.0,388.67,2331.98,2.75,2,2,0,0,0,1
25,M,2413,Marié(e),Commercial,Représentant Commercial,1,1,1,0,3,2,19,2,Marketing,Occasionnel,0,0,3,2,1,2,3,3,3,Oui,18.0,368,1.0,0.0,0.0,1206.5,2412.98,2.75,2,1,1,1,1,0
40,M,9705,Divorcé(e),Commercial,Cadre Commercial,2,11,1,0,1,2,10,4,Marketing,Occasionnel,0,0,1,2,3,2,2,2,3,Non,12.0,1040,0.091,0.0,0.0,808.75,3234.99,1.75,1,1,0,0,0,0
26,M,4294,Célibataire,Commercial,Cadre Commercial,1,7,7,7,0,2,1,3,Transformation Digitale,Frequent,0,7,3,2,2,1,2,3,3,Non,12.0,460,1.0,1.0,0.0,536.75,2146.99,2.25,1,1,0,0,0,0
41,M,4721,Célibataire,Consulting,Consultant,2,20,18,13,0,3,6,3,Transformation Digitale,Occasionnel,2,17,4,3,1,1,3,3,3,Oui,13.0,543,0.9,0.722,0.111,224.81,4720.95,2.75,1,0,1,0,0,0
36,M,2519,Célibataire,Consulting,Consultant,4,16,11,8,0,6,2,4,Transformation Digitale,Occasionnel,3,9,3,3,1,3,3,3,4,Non,21.0,437,0.687,0.727,0.273,148.18,2518.97,3.0,3,1,0,0,0,0
19,M,2121,Célibataire,Commercial,Représentant Commercial,1,1,1,0,0,3,21,3,Autre,Occasionnel,0,0,4,2,1,2,2,4,3,Oui,13.0,244,1.0,0.0,0.0,1060.5,2120.98,3.0,2,1,1,1,1,0
20,M,2973,Célibataire,Consulting,Consultant,1,1,1,0,0,2,4,3,Entrepreunariat,Occasionnel,0,0,1,3,1,1,2,3,3,Non,19.0,475,1.0,0.0,0.0,1486.5,2972.97,1.75,1,0,0,1,0,0
31,F,5855,Marié(e),Consulting,Manager,0,10,9,7,2,2,12,3,Transformation Digitale,Occasionnel,8,5,4,3,2,4,3,1,3,Oui,11.0,580,0.9,0.778,0.889,532.27,2927.49,3.0,1,0,0,0,0,0
40,M,3617,Divorcé(e),Consulting,Assistant de Direction,8,3,1,1,1,2,9,4,Transformation Digitale,Frequent,0,0,4,3,1,2,4,3,3,Oui,14.000000000000002,444,0.333,1.0,0.0,904.25,3616.96,3.25,2,0,1,0,0,1
32,F,6725,Marié(e),Consulting,Tech Lead,1,8,8,7,1,2,3,4,Transformation Digitale,Occasionnel,6,3,3,3,2,1,3,4,3,Non,12.0,721,1.0,0.875,0.75,747.22,3362.48,2.75,1,0,0,0,0,0
36,M,10325,Marié(e),Commercial,Cadre Commercial,1,16,16,7,1,6,3,1,Infra & Cloud,Occasionnel,3,7,3,2,3,4,1,3,3,Oui,11.0,1023,1.0,0.437,0.187,607.35,3441.66,2.75,1,1,0,0,0,0
33,F,6949,Célibataire,Consulting,Manager,0,6,5,0,0,3,1,3,Infra & Cloud,Occasionnel,1,4,2,2,2,4,1,3,3,Non,14.000000000000002,853,0.833,0.0,0.2,992.71,3474.48,2.5,1,1,0,0,0,0
37,M,10609,Marié(e),Commercial,Cadre Commercial,5,17,14,1,0,2,1,4,Infra & Cloud,Occasionnel,11,7,1,2,3,3,3,1,3,Non,11.0,1051,0.824,0.071,0.786,589.39,3536.32,2.0,1,1,0,0,0,1
45,M,4447,Marié(e),Consulting,Consultant,1,9,9,7,0,5,4,2,Infra & Cloud,Aucun,0,8,3,3,2,2,2,2,3,Non,12.0,476,1.0,0.778,0.0,444.7,2223.49,2.25,2,0,0,0,0,0
29,F,2157,Marié(e),Commercial,Représentant Commercial,1,3,3,1,1,5,20,3,Entrepreunariat,Frequent,0,2,3,3,1,4,2,3,3,Non,15.0,281,1.0,0.333,0.0,539.25,2156.98,3.0,2,0,0,0,1,0
35,F,4601,Marié(e),Commercial,Cadre Commercial,1,5,5,2,0,3,18,3,Transformation Digitale,Occasionnel,1,0,3,3,2,3,2,3,3,Non,16.0,635,1.0,0.4,0.2,766.83,2300.49,2.75,2,0,0,0,1,0
52,M,17099,Marié(e),Consulting,Senior Manager,2,26,9,8,1,2,1,2,Infra & Cloud,Occasionnel,7,8,4,3,4,4,2,2,3,Non,15.0,2230,0.346,0.889,0.778,633.3,4274.74,3.0,2,0,0,0,0,0
58,M,2479,Célibataire,Consulting,Assistant de Direction,4,7,1,0,0,4,2,3,Entrepreunariat,Occasionnel,0,0,4,3,1,3,1,3,4,Non,24.0,480,0.143,0.0,0.0,309.88,2478.98,2.75,1,1,0,0,0,0
53,M,14852,Divorcé(e),Commercial,Senior Manager,6,22,17,13,1,3,2,2,Transformation Digitale,Occasionnel,15,2,3,3,4,3,3,4,3,Non,13.0,1709,0.773,0.765,0.882,645.74,3712.99,3.25,3,0,0,0,0,1
30,M,7264,Divorcé(e),Commercial,Cadre Commercial,5,10,8,4,1,2,8,2,Autre,Occasionnel,7,7,3,3,3,3,1,4,3,Non,11.0,720,0.8,0.5,0.875,660.36,2421.33,2.75,1,0,0,0,0,1
38,F,5666,Célibataire,Commercial,Cadre Commercial,1,6,5,3,0,1,10,3,Entrepreunariat,Aucun,1,3,3,3,2,4,2,3,3,Oui,13.0,652,0.833,0.6,0.2,809.43,2832.99,3.0,2,0,0,0,0,0
35,M,7823,Divorcé(e),Commercial,Cadre Commercial,6,12,10,9,1,2,3,4,Infra & Cloud,Occasionnel,0,8,4,3,3,4,2,3,3,Non,13.0,900,0.833,0.9,0.0,601.77,2607.66,3.25,2,0,0,0,0,1
39,M,7880,Célibataire,Commercial,Cadre Commercial,0,9,8,7,0,3,2,5,Infra & Cloud,Occasionnel,0,7,1,4,3,3,4,3,3,Non,18.0,1202,0.889,0.875,0.0,788.0,2626.66,2.75,1,-1,0,0,0,0
40,F,13194,Célibataire,Commercial,Cadre Commercial,4,22,1,0,0,2,24,3,Infra & Cloud,Aucun,0,0,2,4,4,2,4,2,3,Oui,16.0,1820,0.045,0.0,0.0,573.65,3298.49,2.5,2,-1,0,0,1,0
47,M,5067,Divorcé(e),Consulting,Tech Lead,1,20,19,10,0,3,16,4,Transformation Digitale,Frequent,2,7,3,4,2,3,3,4,3,Oui,19.0,809,0.95,0.526,0.105,241.29,2533.49,3.25,3,-1,0,0,1,0
36,M,5079,Divorcé(e),Commercial,Cadre Commercial,4,12,7,7,2,3,8,4,Entrepreunariat,Aucun,0,7,1,3,2,4,4,3,3,Non,13.0,584,0.583,1.0,0.0,390.69,2539.49,3.0,1,0,0,0,0,0
31,M,2321,Célibataire,Consulting,Assistant de Direction,0,4,3,2,0,0,9,2,Transformation Digitale,Aucun,1,2,3,2,1,1,1,3,4,Oui,22.0,419,0.75,0.667,0.333,464.2,2320.98,2.0,1,2,1,0,0,0
33,M,17444,Célibataire,Commercial,Senior Manager,1,10,10,8,0,2,17,3,Infra & Cloud,Aucun,6,0,4,3,4,3,4,3,3,Non,11.0,1729,1.0,0.8,0.6,1585.82,4360.99,3.5,3,0,0,0,1,0
29,F,2404,Célibataire,Consulting,Assistant de Direction,6,3,0,0,0,5,10,3,Infra & Cloud,Occasionnel,0,0,4,2,1,1,3,3,4,Oui,20.0,401,0.0,0.0,0.0,601.0,2403.98,2.75,1,2,1,1,0,1
33,F,3452,Célibataire,Consulting,Assistant de Direction,3,5,3,2,0,4,13,1,Infra & Cloud,Occasionnel,0,2,2,3,1,4,1,3,3,Non,18.0,527,0.6,0.667,0.0,575.33,3451.97,2.5,1,0,0,0,0,0
45,F,2270,Divorcé(e),Consulting,Consultant,3,8,5,3,2,2,1,4,Transformation Digitale,Occasionnel,0,2,4,3,1,4,4,3,3,Non,14.000000000000002,279,0.625,0.6,0.0,252.22,2269.98,3.75,3,0,0,0,0,0
50,M,17399,Divorcé(e),Consulting,Directeur Technique,9,32,5,4,1,1,1,2,Transformation Digitale,Occasionnel,1,3,4,3,4,4,3,2,4,Non,22.0,3138,0.156,0.8,0.2,527.24,4349.74,3.25,2,1,0,0,0,1
33,F,5488,Marié(e),Consulting,Manager,1,6,6,5,1,2,1,4,Autre,Frequent,1,2,3,4,2,2,1,3,3,Oui,13.0,631,1.0,0.833,0.167,784.0,2743.99,2.25,1,-1,0,0,0,0
41,M,19419,Divorcé(e),Consulting,Directeur Technique,2,21,18,16,1,2,9,3,Transformation Digitale,Frequent,0,11,1,3,5,3,2,4,3,Non,17.0,2822,0.857,0.889,0.0,882.68,3883.79,2.5,1,0,0,0,0,0
27,F,2811,Marié(e),Consulting,Consultant,9,4,2,2,1,2,16,4,Entrepreunariat,Occasionnel,2,2,3,3,1,2,2,3,3,Non,14.000000000000002,345,0.5,1.0,1.0,562.2,2810.97,2.5,2,0,0,1,1,1
45,M,3633,Marié(e),Consulting,Consultant,1,9,9,8,1,2,23,2,Infra & Cloud,Aucun,0,8,4,3,2,1,3,3,3,Oui,15.0,474,1.0,0.889,0.0,363.3,1816.49,2.75,1,0,1,0,1,0
47,F,4163,Célibataire,Commercial,Cadre Commercial,1,9,9,0,0,0,4,2,Infra & Cloud,Occasionnel,0,7,4,3,2,4,3,3,3,Oui,17.0,605,1.0,0.0,0.0,416.3,2081.49,3.5,3,0,1,0,0,0
30,F,2132,Marié(e),Consulting,Assistant de Direction,4,7,5,2,0,2,22,3,Infra & Cloud,Occasionnel,0,1,1,3,1,3,2,3,3,Oui,11.0,211,0.714,0.4,0.0,266.5,2131.98,2.25,1,0,1,0,1,0
50,M,13973,Marié(e),Consulting,Tech Lead,3,22,12,11,1,2,24,3,Infra & Cloud,Occasionnel,1,5,4,3,4,3,4,3,3,Oui,18.0,2131,0.545,0.917,0.083,607.52,3493.24,3.5,3,0,0,0,1,0
38,M,2684,Marié(e),Consulting,Assistant de Direction,0,3,2,1,1,0,10,1,Transformation Digitale,Frequent,0,2,3,3,1,3,2,2,3,Non,17.0,390,0.667,0.5,0.0,671.0,2683.97,2.5,2,0,0,0,0,0
46,M,10845,Divorcé(e),Consulting,Tech Lead,6,13,8,7,1,3,7,2,Transformation Digitale,Occasionnel,0,7,4,3,3,3,2,3,3,Non,13.0,1248,0.615,0.875,0.0,774.64,3614.99,3.0,2,0,0,0,0,1
24,F,4377,Divorcé(e),Consulting,Tech Lead,1,5,4,2,2,6,17,1,Transformation Digitale,Occasionnel,3,2,4,2,2,3,2,3,3,Non,15.0,571,0.8,0.5,0.75,729.5,2188.49,3.0,2,1,0,0,1,0
35,M,3743,Divorcé(e),Consulting,Consultant,1,5,4,2,1,2,14,4,Autre,Occasionnel,0,2,3,2,1,2,4,1,4,Oui,24.0,724,0.8,0.5,0.0,623.83,3742.96,2.5,1,2,1,0,0,0
31,F,4148,Marié(e),Consulting,Tech Lead,1,4,4,3,1,1,1,1,Infra & Cloud,Frequent,0,3,3,3,2,1,3,3,3,Non,12.0,444,1.0,0.75,0.0,829.6,2073.99,2.5,1,0,0,0,0,0
18,M,1051,Célibataire,Consulting,Assistant de Direction,1,0,0,0,0,2,5,2,Infra & Cloud,Aucun,0,0,2,3,1,4,4,3,3,Non,15.0,137,0.0,0.0,0.0,1051.0,1050.99,3.25,2,0,0,1,0,0
54,F,10739,Marié(e),Consulting,Tech Lead,8,22,10,7,1,2,17,3,Entrepreunariat,Occasionnel,0,8,3,3,3,3,3,3,3,Non,11.0,1064,0.455,0.7,0.0,466.91,3579.65,3.0,3,0,0,0,1,1
35,F,10388,Divorcé(e),Consulting,Manager,1,16,16,10,1,3,25,4,Transformation Digitale,Occasionnel,10,1,3,3,3,3,3,2,3,Oui,11.0,1029,1.0,0.625,0.625,611.06,3462.66,2.75,2,0,0,0,1,0
30,F,11416,Marié(e),Consulting,Directeur Technique,0,9,8,7,3,4,8,2,Infra & Cloud,Occasionnel,1,7,2,4,3,1,3,2,3,Oui,12.0,1223,0.889,0.875,0.125,1141.6,3805.32,2.0,1,-1,0,0,0,0
20,F,2600,Célibataire,Consulting,Assistant de Direction,1,1,1,0,0,2,11,3,Transformation Digitale,Occasionnel,0,0,4,2,1,1,1,3,3,Oui,15.0,339,1.0,0.0,0.0,1300.0,2599.97,2.25,1,1,1,1,0,0
30,F,2422,Célibataire,Consulting,Consultant,0,4,3,2,0,3,5,3,Transformation Digitale,Frequent,1,2,2,3,1,2,1,3,3,Non,17.0,352,0.75,0.667,0.333,484.4,2421.98,2.0,1,0,0,0,0,0
26,M,5472,Marié(e),Consulting,Tech Lead,1,8,8,7,0,2,2,2,Transformation Digitale,Occasionnel,1,3,4,4,2,4,2,3,3,Non,12.0,586,1.0,0.875,0.125,608.0,2735.99,3.25,2,-1,0,0,0,0
22,M,2451,Marié(e),Consulting,Consultant,1,4,4,3,1,3,8,1,Infra & Cloud,Occasionnel,1,1,2,1,1,1,1,2,3,Non,15.0,320,1.0,0.75,0.25,490.2,2450.98,1.5,1,2,0,0,0,0
48,M,4240,Célibataire,Consulting,Manager,2,19,2,2,0,0,6,3,Infra & Cloud,Occasionnel,2,2,1,2,2,3,4,3,3,Non,13.0,488,0.105,1.0,1.0,212.0,2119.99,2.75,1,1,0,0,0,0
48,M,10999,Célibataire,Consulting,Manager,7,27,15,11,0,3,4,4,Infra & Cloud,Occasionnel,4,8,3,2,3,3,2,3,3,Non,14.000000000000002,1351,0.556,0.733,0.267,392.82,3666.32,2.75,2,1,0,0,0,1
41,F,5003,Célibataire,Consulting,Tech Lead,6,8,2,2,0,6,7,2,Transformation Digitale,Occasionnel,2,1,4,3,2,3,2,3,3,Non,14.000000000000002,614,0.25,1.0,1.0,555.89,2501.49,3.0,2,0,0,0,0,1
39,F,12742,Marié(e),Consulting,Tech Lead,1,21,21,6,1,3,1,1,Infra & Cloud,Occasionnel,11,8,4,2,4,4,3,3,3,Non,16.0,1758,1.0,0.286,0.524,579.18,3185.49,3.5,3,1,0,0,0,0
27,F,4227,Marié(e),Consulting,Tech Lead,0,4,3,2,1,2,2,4,Infra & Cloud,Occasionnel,2,2,1,3,2,4,2,3,3,Non,18.0,645,0.75,0.667,0.667,845.4,2113.49,2.5,1,0,0,0,0,0
35,M,3917,Divorcé(e),Consulting,Consultant,1,3,3,2,1,4,10,3,Autre,Occasionnel,1,2,2,3,1,4,1,2,4,Non,20.0,653,1.0,0.667,0.333,979.25,3916.96,2.25,1,1,0,0,0,0
42,M,18303,Marié(e),Commercial,Senior Manager,6,21,1,0,0,3,5,2,Marketing,Occasionnel,0,0,4,3,5,3,2,4,3,Non,13.0,2106,0.048,0.0,0.0,831.95,3660.59,3.25,2,0,0,0,0,1
50,M,2380,Marié(e),Consulting,Consultant,4,8,1,0,0,5,9,3,Infra & Cloud,Occasionnel,0,0,1,3,1,4,2,3,3,Non,18.0,363,0.125,0.0,0.0,264.44,2379.98,2.5,1,0,0,0,0,0
59,F,13726,Célibataire,Consulting,Tech Lead,3,30,5,3,0,4,2,3,Infra & Cloud,Occasionnel,4,3,3,2,4,4,1,3,3,Oui,13.0,1579,0.167,0.6,0.8,442.77,3431.49,2.75,1,1,0,0,0,0
37,F,4777,Marié(e),Consulting,Manager,5,15,1,0,0,2,11,2,Transformation Digitale,Occasionnel,0,0,1,1,2,2,1,1,3,Non,15.0,623,0.067,0.0,0.0,298.56,2388.49,1.25,1,2,0,0,0,1
55,M,6385,Marié(e),Consulting,Manager,3,17,8,7,2,3,18,4,Transformation Digitale,Frequent,6,7,3,3,2,2,4,3,3,Oui,14.000000000000002,784,0.471,0.875,0.75,354.72,3192.48,3.0,2,0,0,0,1,0
41,F,19973,Divorcé(e),Consulting,Directeur Technique,1,21,21,16,2,3,7,1,Infra & Cloud,Aucun,5,10,2,1,5,3,2,3,4,Non,22.0,3602,1.0,0.762,0.238,907.86,3994.59,2.5,2,3,0,0,0,0
38,M,6861,Célibataire,Commercial,Cadre Commercial,8,19,1,0,0,1,3,4,Infra & Cloud,Occasionnel,0,0,2,3,2,4,3,3,3,Oui,12.0,735,0.053,0.0,0.0,343.05,3430.48,3.0,2,0,0,0,0,1
26,M,4969,Célibataire,Commercial,Cadre Commercial,8,7,2,2,0,6,29,2,Transformation Digitale,Aucun,2,2,2,1,2,1,4,3,3,Non,18.0,758,0.286,1.0,1.0,621.12,2484.49,2.5,1,2,0,1,1,1
52,F,19845,Marié(e),Commercial,Senior Manager,1,33,32,14,1,3,2,1,Marketing,Occasionnel,6,9,1,1,5,4,4,3,3,Non,15.0,2588,0.97,0.437,0.187,583.68,3968.99,3.0,1,2,0,0,0,0
44,F,13320,Marié(e),Commercial,Cadre Commercial,3,23,12,11,1,2,28,3,Transformation Digitale,Occasionnel,11,11,4,4,4,4,3,3,3,Oui,18.0,2032,0.522,0.917,0.917,555.0,3329.99,3.5,3,-1,0,0,1,0
50,F,6347,Marié(e),Commercial,Cadre Commercial,0,19,18,7,1,3,1,3,Infra & Cloud,Aucun,0,13,4,3,2,3,1,3,3,Non,12.0,680,0.947,0.389,0.0,317.35,3173.48,2.75,1,0,0,0,0,0
36,F,2743,Célibataire,Consulting,Consultant,1,18,17,13,0,1,16,4,Infra & Cloud,Occasionnel,15,14,3,4,1,1,3,3,3,Non,16.0,378,0.944,0.765,0.882,144.37,2742.97,2.5,1,-1,0,0,1,0
39,F,10880,Célibataire,Consulting,Tech Lead,1,21,21,6,0,2,22,3,Transformation Digitale,Frequent,2,8,4,3,3,1,3,3,3,Oui,13.0,1252,1.0,0.286,0.095,494.55,3626.65,2.75,1,0,0,0,1,0
33,F,2342,Célibataire,Commercial,Représentant Commercial,0,3,2,2,0,2,8,1,Infra & Cloud,Aucun,2,2,2,2,1,4,4,2,3,Non,19.0,374,0.667,1.0,1.0,585.5,2341.98,3.0,2,1,0,0,0,0
45,F,17650,Marié(e),Commercial,Senior Manager,3,26,9,3,1,4,11,2,Infra & Cloud,Occasionnel,1,1,4,3,4,4,2,4,3,Non,13.0,2031,0.346,0.333,0.111,653.7,4412.49,3.5,2,0,0,0,0,0
32,F,4025,Célibataire,Consulting,Consultant,9,10,8,7,0,2,29,4,Transformation Digitale,Aucun,7,7,4,3,1,3,2,3,3,Non,12.0,431,0.8,0.875,0.875,365.91,4024.96,3.0,2,0,0,0,1,1
34,M,9725,Divorcé(e),Commercial,Cadre Commercial,0,16,15,1,1,2,1,4,Marketing,Occasionnel,0,9,2,4,2,4,4,2,3,Non,11.0,964,0.937,0.067,0.0,572.06,4862.48,3.0,2,-1,0,0,0,0
59,M,11904,Marié(e),Commercial,Senior Manager,3,14,6,4,1,1,1,2,Entrepreunariat,Occasionnel,0,4,2,3,3,4,3,1,3,Oui,14.000000000000002,1462,0.429,0.667,0.0,793.6,3967.99,2.5,1,0,0,0,0,0
45,M,2177,Célibataire,Ressources Humaines,Ressources Humaines,1,6,6,3,0,3,24,4,Transformation Digitale,Occasionnel,0,4,2,3,1,2,1,3,3,Non,16.0,300,1.0,0.5,0.0,311.0,2176.98,2.0,1,0,0,0,1,0
53,F,7525,Marié(e),Commercial,Cadre Commercial,2,30,15,7,1,2,2,3,Marketing,Frequent,6,12,3,2,3,2,1,3,3,Non,12.0,806,0.5,0.467,0.4,242.74,2508.32,2.25,1,1,0,0,0,0
36,M,4834,Divorcé(e),Consulting,Consultant,7,9,1,0,1,3,15,3,Autre,Occasionnel,0,0,1,3,2,3,2,2,3,Non,14.000000000000002,594,0.111,0.0,0.0,483.4,2416.99,2.0,1,0,0,0,1,1
26,M,2042,Marié(e),Consulting,Assistant de Direction,6,6,3,2,1,2,2,3,Infra & Cloud,Frequent,1,2,1,3,1,1,2,3,3,Oui,14.000000000000002,251,0.5,0.667,0.333,291.71,2041.98,1.75,1,0,1,0,0,1
34,F,2220,Marié(e),Commercial,Représentant Commercial,1,1,1,1,1,2,10,4,Infra & Cloud,Occasionnel,0,0,3,3,1,3,4,3,3,Oui,19.0,354,1.0,1.0,0.0,1110.0,2219.98,3.25,3,0,1,0,0,0
28,M,1052,Marié(e),Commercial,Représentant Commercial,1,1,1,0,0,5,10,1,Transformation Digitale,Occasionnel,0,0,4,3,1,2,2,3,4,Non,22.0,190,1.0,0.0,0.0,526.0,1051.99,2.75,2,1,0,1,0,0
38,M,2821,Marié(e),Consulting,Assistant de Direction,3,8,2,2,1,2,3,4,Autre,Frequent,2,2,3,3,1,3,1,3,3,Non,16.0,389,0.25,1.0,1.0,313.44,2820.97,2.5,1,0,0,0,0,0
50,M,19237,Marié(e),Consulting,Directeur Technique,2,29,8,1,1,2,2,4,Transformation Digitale,Occasionnel,7,7,2,3,5,3,4,2,3,Oui,11.0,1906,0.276,0.125,0.875,641.23,3847.39,2.75,2,0,0,0,0,0
37,F,4107,Célibataire,Consulting,Manager,3,8,4,3,0,3,3,3,Autre,Occasionnel,0,1,4,3,2,2,1,2,3,Non,15.0,536,0.5,0.75,0.0,456.33,2053.49,2.25,1,0,0,0,0,0
40,M,8396,Marié(e),Commercial,Cadre Commercial,1,8,7,7,1,3,26,3,Marketing,Occasionnel,7,5,3,3,2,1,2,2,3,Non,14.000000000000002,1031,0.875,1.0,1.0,932.89,4197.98,2.0,1,0,0,0,1,0
26,F,2007,Divorcé(e),Consulting,Assistant de Direction,1,5,5,3,2,5,1,1,Transformation Digitale,Frequent,1,3,1,2,1,3,3,3,3,Non,13.0,231,1.0,0.6,0.2,334.5,2006.98,2.5,1,1,0,0,0,0
46,M,19627,Divorcé(e),Consulting,Directeur Technique,9,23,2,2,2,0,1,4,Transformation Digitale,Occasionnel,2,2,4,3,5,4,4,3,3,Non,17.0,2852,0.087,1.0,1.0,817.79,3925.39,3.75,3,0,0,0,0,1
54,F,10686,Marié(e),Commercial,Cadre Commercial,6,13,9,4,1,4,2,4,Infra & Cloud,Occasionnel,7,0,3,2,3,3,2,3,3,Non,11.0,1059,0.692,0.444,0.778,763.29,3561.99,2.75,2,1,0,0,0,1
56,F,2942,Marié(e),Consulting,Assistant de Direction,2,18,5,4,1,4,9,3,Transformation Digitale,Frequent,0,3,1,3,1,3,2,3,3,Non,19.0,470,0.278,0.8,0.0,154.84,2941.97,2.25,1,0,0,0,0,0
36,F,8858,Célibataire,Consulting,Tech Lead,0,15,14,8,0,2,12,5,Transformation Digitale,Occasionnel,7,8,4,2,3,4,2,2,3,Non,11.0,878,0.933,0.571,0.5,553.62,2952.66,3.0,2,1,0,0,0,0
55,M,16756,Célibataire,Consulting,Senior Manager,7,31,9,7,0,3,2,1,Transformation Digitale,Aucun,6,2,3,2,4,1,2,4,3,Non,15.0,2186,0.29,0.778,0.667,523.62,4188.99,2.5,1,1,0,0,0,1
43,M,10798,Divorcé(e),Commercial,Cadre Commercial,5,18,1,0,1,5,25,3,Transformation Digitale,Occasionnel,0,0,3,2,3,4,3,3,3,Non,13.0,1242,0.056,0.0,0.0,568.32,3599.32,3.25,3,1,0,0,1,1
20,F,2323,Célibataire,Commercial,Représentant Commercial,1,2,2,2,0,3,9,3,Marketing,Frequent,0,2,4,3,1,4,2,3,3,Oui,14.000000000000002,285,1.0,1.0,0.0,774.33,2322.98,3.25,2,0,1,1,0,0
21,F,1416,Célibataire,Consulting,Consultant,1,1,1,0,0,6,10,3,Infra & Cloud,Occasionnel,1,0,3,2,1,1,1,2,3,Non,13.0,163,1.0,0.0,1.0,708.0,1415.99,1.75,1,1,0,1,0,0
46,F,4615,Divorcé(e),Consulting,Assistant de Direction,8,19,16,13,3,2,8,4,Infra & Cloud,Occasionnel,1,7,4,2,2,1,1,3,4,Oui,23.0,863,0.842,0.812,0.062,230.75,2307.49,2.25,1,2,1,0,0,1
51,M,2461,Marié(e),Consulting,Assistant de Direction,9,18,10,0,3,2,4,4,Infra & Cloud,Occasionnel,2,7,1,3,1,3,3,4,3,Oui,12.0,264,0.556,0.0,0.2,129.53,2460.98,2.75,1,0,1,0,0,1
28,M,8722,Célibataire,Consulting,Manager,1,10,10,7,0,2,24,2,Entrepreunariat,Aucun,1,9,2,2,3,1,1,2,3,Non,12.0,935,1.0,0.7,0.1,792.91,2907.32,1.5,1,1,0,0,1,0
26,M,3955,Marié(e),Consulting,Consultant,1,6,5,3,2,2,1,2,Transformation Digitale,Occasionnel,1,3,1,2,1,1,1,3,3,Non,16.0,546,0.833,0.6,0.2,565.0,3954.96,1.5,1,1,0,0,0,0
30,M,9957,Marié(e),Consulting,Tech Lead,0,7,6,2,1,1,20,3,Autre,Occasionnel,0,2,3,3,2,1,3,2,3,Non,15.0,1299,0.857,0.333,0.0,1244.62,4978.48,2.25,1,0,0,0,1,0
41,F,3376,Marié(e),Consulting,Assistant de Direction,1,10,10,6,0,3,7,2,Entrepreunariat,Occasionnel,0,8,2,4,1,3,3,3,3,Non,13.0,388,1.0,0.6,0.0,306.91,3375.97,2.75,2,-1,0,0,0,0
38,F,8823,Marié(e),Consulting,Manager,0,20,19,9,1,4,17,1,Infra & Cloud,Occasionnel,1,9,3,2,3,3,1,2,3,Non,18.0,1346,0.95,0.474,0.053,420.14,2940.99,2.25,1,1,0,0,1,0
40,M,10322,Marié(e),Consulting,Manager,4,14,11,10,1,6,20,4,Entrepreunariat,Occasionnel,11,1,1,3,3,4,4,3,4,Non,20.0,1720,0.786,0.909,1.0,688.13,3440.66,3.0,1,1,0,0,1,0
27,M,4621,Marié(e),Consulting,Consultant,1,3,3,2,3,4,8,5,Infra & Cloud,Aucun,1,2,1,1,1,3,4,3,3,Non,19.0,738,1.0,0.667,0.333,1155.25,4620.95,2.75,1,2,0,0,0,0
55,M,10976,Marié(e),Consulting,Tech Lead,3,23,3,2,1,4,2,1,Infra & Cloud,Frequent,1,2,4,3,3,2,2,3,3,Non,18.0,1674,0.13,0.667,0.333,457.33,3658.65,2.75,2,0,0,0,0,0
28,F,3660,Célibataire,Consulting,Assistant de Direction,3,10,8,7,0,4,10,3,Autre,Occasionnel,1,7,3,3,2,3,4,4,3,Non,13.0,421,0.8,0.875,0.125,332.73,1829.99,3.5,3,0,0,0,0,0
44,M,10482,Marié(e),Ressources Humaines,Ressources Humaines,9,24,20,6,1,1,1,2,Transformation Digitale,Occasionnel,3,6,2,2,3,1,4,3,3,Non,14.000000000000002,1287,0.833,0.3,0.15,419.28,3493.99,2.5,1,1,0,0,0,1
33,M,7119,Divorcé(e),Consulting,Manager,4,9,3,2,1,2,5,3,Infra & Cloud,Occasionnel,1,2,4,2,3,4,3,3,3,Non,15.0,929,0.333,0.667,0.333,711.9,2372.99,3.5,3,1,0,0,0,0
35,M,9582,Célibataire,Commercial,Cadre Commercial,0,9,8,7,0,2,4,3,Entrepreunariat,Occasionnel,4,7,4,3,3,1,1,3,4,Oui,22.0,1728,0.889,0.875,0.5,958.2,3193.99,2.25,1,1,0,0,0,0
33,F,4508,Célibataire,Consulting,Assistant de Direction,1,14,13,7,0,4,29,4,Transformation Digitale,Frequent,3,8,1,2,2,3,2,3,4,Non,22.0,813,0.929,0.538,0.231,300.53,2253.99,2.25,1,2,0,0,1,0
28,M,2207,Divorcé(e),Consulting,Consultant,1,4,4,2,1,5,15,2,Infra & Cloud,Occasionnel,2,2,1,3,1,3,4,2,3,Non,16.0,304,1.0,0.5,0.5,441.4,2206.98,2.5,1,0,0,0,1,0
34,M,7756,Célibataire,Consulting,Manager,0,7,6,2,0,1,3,1,Infra & Cloud,Frequent,0,4,1,3,2,4,3,2,3,Non,17.0,1127,0.857,0.333,0.0,969.5,3877.98,2.5,1,0,0,0,0,0
37,F,6694,Divorcé(e),Commercial,Cadre Commercial,2,8,1,0,3,5,10,4,Infra & Cloud,Occasionnel,0,0,4,2,2,4,3,3,3,Oui,14.000000000000002,822,0.125,0.0,0.0,743.78,3346.98,3.5,3,1,0,0,0,0
25,M,3691,Marié(e),Consulting,Consultant,1,7,7,7,1,3,4,1,Entrepreunariat,Occasionnel,5,6,4,3,1,4,2,4,3,Oui,15.0,481,1.0,1.0,0.714,461.38,3690.96,3.5,2,0,1,0,0,0
26,M,2377,Divorcé(e),Consulting,Consultant,1,1,1,1,1,0,21,3,Transformation Digitale,Occasionnel,0,0,1,3,1,3,3,2,4,Non,20.0,396,1.0,1.0,0.0,1188.5,2376.98,2.25,1,1,0,1,1,0
33,M,2313,Célibataire,Consulting,Assistant de Direction,4,5,2,2,0,0,25,3,Transformation Digitale,Occasionnel,2,2,1,2,1,2,2,3,4,Oui,20.0,386,0.4,1.0,1.0,385.5,2312.98,2.0,1,2,1,0,1,0
42,M,17665,Marié(e),Consulting,Senior Manager,0,23,22,6,1,3,2,2,Transformation Digitale,Occasionnel,13,7,4,3,4,1,4,3,3,Non,17.0,2567,0.957,0.273,0.591,736.04,4416.24,3.0,1,0,0,0,0,0
28,M,2596,Divorcé(e),Consulting,Consultant,1,1,1,0,2,2,1,3,Transformation Digitale,Frequent,0,0,1,2,1,2,1,3,3,Non,15.0,339,1.0,0.0,0.0,1298.0,2595.97,1.75,1,1,0,1,0,0
50,M,4728,Célibataire,Commercial,Cadre Commercial,3,5,0,0,0,4,1,4,Autre,Frequent,0,0,4,3,2,3,4,3,3,Oui,14.000000000000002,581,0.0,0.0,0.0,788.0,2363.99,3.5,3,0,1,0,0,0
33,F,4302,Marié(e),Commercial,Cadre Commercial,0,4,3,2,1,3,7,3,Infra & Cloud,Frequent,0,2,4,3,2,2,3,3,3,Non,17.0,625,0.75,0.667,0.0,860.4,2150.99,3.0,2,0,0,0,0,0
34,M,2979,Marié(e),Consulting,Assistant de Direction,3,6,0,0,3,2,3,4,Infra & Cloud,Aucun,0,0,3,2,1,4,4,3,3,Non,17.0,433,0.0,0.0,0.0,425.57,2978.97,3.5,3,1,0,0,0,0
48,M,16885,Célibataire,Consulting,Senior Manager,2,27,5,4,0,3,1,4,Transformation Digitale,Aucun,2,1,1,4,4,4,3,2,4,Non,22.0,3045,0.185,0.8,0.4,603.04,4221.24,2.5,1,0,0,0,0,0
45,F,5593,Marié(e),Commercial,Cadre Commercial,1,15,15,10,1,2,9,4,Infra & Cloud,Aucun,4,12,2,2,2,3,4,3,3,Non,13.0,643,1.0,0.667,0.267,349.56,2796.49,3.0,2,1,0,0,0,0
52,M,10445,Célibataire,Consulting,Manager,7,18,8,6,0,4,7,4,Infra & Cloud,Occasionnel,4,0,2,3,3,2,4,3,3,Non,19.0,1668,0.444,0.75,0.5,549.74,3481.66,2.75,2,0,0,0,0,1
38,M,8740,Divorcé(e),Commercial,Cadre Commercial,0,9,8,7,2,2,10,4,Marketing,Occasionnel,2,7,3,2,3,3,2,3,3,Oui,14.000000000000002,1073,0.889,0.875,0.25,874.0,2913.32,2.75,2,1,0,0,0,0
29,F,2514,Divorcé(e),Consulting,Assistant de Direction,4,11,7,5,1,1,28,4,Infra & Cloud,Occasionnel,1,7,3,3,1,4,1,3,4,Non,22.0,453,0.636,0.714,0.143,209.5,2513.97,2.75,1,1,0,0,1,0
28,F,7655,Divorcé(e),Consulting,Tech Lead,0,10,9,7,3,3,3,3,Transformation Digitale,Occasionnel,1,7,4,3,3,2,2,2,3,Non,17.0,1112,0.9,0.778,0.111,695.91,2551.66,2.5,2,0,0,0,0,0
46,M,17465,Marié(e),Commercial,Senior Manager,3,23,12,9,1,3,3,1,Marketing,Occasionnel,4,9,1,3,4,3,4,3,3,Non,12.0,1871,0.522,0.75,0.333,727.71,4366.24,2.75,1,0,0,0,0,0
38,M,7351,Célibataire,Commercial,Cadre Commercial,7,10,1,0,0,2,2,2,Marketing,Occasionnel,0,0,4,3,3,2,3,3,3,Non,16.0,1014,0.1,0.0,0.0,668.27,2450.33,3.0,2,0,0,0,0,1
43,F,10820,Marié(e),Consulting,Tech Lead,8,18,8,7,1,1,27,3,Infra & Cloud,Frequent,0,1,3,3,3,1,3,3,3,Non,11.0,1072,0.444,0.875,0.0,569.47,3606.65,2.5,1,0,0,0,1,1
39,M,12169,Divorcé(e),Consulting,Manager,7,21,18,7,3,4,2,3,Infra & Cloud,Frequent,11,5,1,3,4,4,4,3,3,Non,11.0,1206,0.857,0.389,0.611,553.14,3042.24,3.0,1,0,0,0,0,1
40,M,19626,Célibataire,Consulting,Directeur Technique,1,21,20,7,0,2,14,3,Transformation Digitale,Occasionnel,4,9,3,2,5,3,1,4,3,Non,14.000000000000002,2410,0.952,0.35,0.2,892.09,3925.19,2.75,1,1,0,0,0,0
21,F,2070,Célibataire,Consulting,Assistant de Direction,1,2,2,2,0,6,1,1,Entrepreunariat,Occasionnel,2,2,4,2,1,2,3,4,3,Oui,11.0,205,1.0,1.0,1.0,690.0,2069.98,3.25,2,1,1,1,0,0
39,M,6782,Célibataire,Consulting,Consultant,9,9,5,4,0,2,9,3,Infra & Cloud,Aucun,0,3,3,3,2,2,3,2,3,Non,15.0,885,0.556,0.8,0.0,678.2,3390.98,2.5,2,0,0,0,0,1
36,M,7779,Célibataire,Consulting,Tech Lead,2,18,11,9,0,0,18,4,Infra & Cloud,Aucun,0,9,1,3,2,4,1,3,4,Non,20.0,1296,0.611,0.818,0.0,409.42,3889.48,2.25,1,1,0,0,1,0
31,M,2791,Marié(e),Commercial,Représentant Commercial,0,3,2,2,1,4,20,3,Infra & Cloud,Frequent,2,2,3,4,1,4,1,3,3,Non,12.0,299,0.667,1.0,1.0,697.75,2790.97,2.75,1,-1,0,0,1,0
28,M,3201,Marié(e),Consulting,Assistant de Direction,0,6,5,3,0,2,2,1,Infra & Cloud,Occasionnel,0,4,1,2,1,2,1,1,3,Non,17.0,465,0.833,0.6,0.0,457.29,3200.97,1.25,1,1,0,0,0,0
35,M,4968,Divorcé(e),Commercial,Cadre Commercial,1,5,5,2,1,3,11,2,Marketing,Frequent,0,2,4,3,2,4,4,3,3,Non,11.0,492,1.0,0.4,0.0,828.0,2483.99,3.75,3,0,0,0,0,0
49,M,13120,Marié(e),Commercial,Cadre Commercial,6,22,9,8,1,3,8,4,Entrepreunariat,Occasionnel,2,3,4,2,4,2,2,3,3,Non,17.0,1906,0.409,0.889,0.222,570.43,3279.99,2.75,2,1,0,0,0,1
34,M,4033,Célibataire,Consulting,Tech Lead,2,5,3,2,0,3,2,2,Infra & Cloud,Frequent,0,2,4,3,2,3,4,2,3,Non,11.0,400,0.6,0.667,0.0,672.17,2016.49,3.25,2,0,0,0,0,0
29,F,3291,Divorcé(e),Consulting,Assistant de Direction,0,8,7,5,2,2,10,3,Infra & Cloud,Frequent,1,1,4,3,1,2,4,2,3,Non,14.000000000000002,404,0.875,0.714,0.143,365.67,3290.97,3.0,2,0,0,0,0,0
42,M,4272,Célibataire,Consulting,Consultant,4,16,1,0,0,3,29,3,Transformation Digitale,Occasionnel,0,0,2,1,2,4,1,3,3,Non,19.0,682,0.062,0.0,0.0,251.29,2135.99,2.5,1,2,0,0,1,0
29,M,5056,Marié(e),Consulting,Tech Lead,1,10,10,7,1,2,8,1,Transformation Digitale,Occasionnel,1,2,2,2,2,4,3,2,3,Oui,15.0,659,1.0,0.7,0.1,459.64,2527.99,2.75,2,1,0,0,0,0
38,M,2844,Marié(e),Ressources Humaines,Ressources Humaines,1,7,7,6,1,2,1,3,Ressources Humaines,Occasionnel,5,0,3,4,1,3,4,4,3,Non,13.0,327,1.0,0.857,0.714,355.5,2843.97,3.5,3,-1,0,0,0,0
28,M,2703,Divorcé(e),Consulting,Assistant de Direction,1,3,3,1,1,2,6,3,Infra & Cloud,Frequent,0,2,3,2,1,3,4,3,3,Oui,14.000000000000002,332,1.0,0.333,0.0,675.75,2702.97,3.25,3,1,1,0,0,0
18,M,1904,Célibataire,Consulting,Consultant,1,0,0,0,0,0,8,1,Transformation Digitale,Aucun,0,0,3,3,1,3,4,3,3,Non,12.0,204,0.0,0.0,0.0,1904.0,1903.98,3.25,3,0,0,1,0,0
33,F,8224,Célibataire,Commercial,Cadre Commercial,0,6,5,2,0,3,9,4,Marketing,Occasionnel,0,3,1,3,2,1,1,3,3,Oui,17.0,1195,0.833,0.4,0.0,1174.86,4111.98,1.5,1,0,0,0,0,0
41,M,4766,Marié(e),Consulting,Consultant,3,6,1,0,1,4,12,4,Infra & Cloud,Occasionnel,0,0,2,3,1,4,1,3,3,Oui,11.0,472,0.167,0.0,0.0,680.86,4765.95,2.5,1,0,1,0,0,0
31,M,2610,Marié(e),Consulting,Consultant,1,2,2,2,1,5,15,3,Transformation Digitale,Frequent,2,2,3,3,1,3,3,2,3,Non,12.0,280,1.0,1.0,1.0,870.0,2609.97,2.75,2,0,0,0,1,0
37,F,5731,Divorcé(e),Consulting,Manager,7,9,6,2,2,2,25,2,Transformation Digitale,Occasionnel,1,3,3,2,2,4,3,3,3,Non,13.0,659,0.667,0.333,0.167,573.1,2865.49,3.25,3,1,0,0,1,1
27,M,2539,Marié(e),Consulting,Assistant de Direction,1,4,4,2,1,0,6,3,Infra & Cloud,Occasionnel,2,2,4,2,1,3,3,3,3,Non,13.0,292,1.0,0.5,0.5,507.8,2538.97,3.25,3,1,0,0,0,0
34,F,5714,Marié(e),Commercial,Cadre Commercial,1,6,6,5,0,3,9,1,Infra & Cloud,Occasionnel,1,3,2,3,2,3,1,2,4,Non,20.0,952,1.0,0.833,0.167,816.29,2856.99,2.0,1,1,0,0,0,0
35,M,4323,Célibataire,Ressources Humaines,Ressources Humaines,1,6,5,4,0,2,8,4,Entrepreunariat,Occasionnel,1,4,3,3,1,3,2,1,3,Non,17.0,628,0.833,0.8,0.2,617.57,4322.96,2.25,1,0,0,0,0,0
29,F,7336,Marié(e),Commercial,Cadre Commercial,1,11,11,8,1,3,23,1,Infra & Cloud,Occasionnel,3,10,4,2,3,1,1,1,3,Non,13.0,844,1.0,0.727,0.273,611.33,2445.33,1.75,1,1,0,0,1,0
40,F,13499,Célibataire,Consulting,Directeur Technique,9,20,18,7,0,3,9,4,Transformation Digitale,Frequent,2,13,2,3,3,3,3,2,3,Non,17.0,1961,0.9,0.389,0.111,642.81,4499.65,2.5,2,0,0,0,0,1
42,M,13758,Célibataire,Commercial,Cadre Commercial,0,22,21,9,0,2,12,3,Infra & Cloud,Frequent,13,14,3,3,4,1,2,2,3,Oui,12.0,1474,0.955,0.429,0.619,598.17,3439.49,2.0,1,0,0,0,0,0
42,M,5155,Célibataire,Commercial,Cadre Commercial,7,9,6,4,0,3,4,4,Marketing,Occasionnel,1,5,2,3,2,1,4,4,3,Non,13.0,593,0.667,0.667,0.167,515.5,2577.49,2.75,1,0,0,0,0,1
35,M,2258,Marié(e),Consulting,Consultant,6,10,8,0,1,2,1,4,Transformation Digitale,Occasionnel,1,7,4,2,1,3,2,3,3,Non,12.0,242,0.8,0.0,0.125,205.27,2257.98,3.0,2,1,0,0,0,1
24,M,3597,Célibataire,Consulting,Consultant,8,6,4,3,0,2,24,3,Transformation Digitale,Occasionnel,1,2,4,3,1,2,4,3,4,Non,22.0,649,0.667,0.75,0.25,513.86,3596.96,3.25,2,1,0,0,1,1
28,F,2515,Marié(e),Consulting,Consultant,1,1,1,1,0,4,12,1,Infra & Cloud,Occasionnel,0,0,3,3,1,4,4,2,3,Oui,11.0,249,1.0,1.0,0.0,1257.5,2514.97,3.25,2,0,1,1,0,0
26,M,4420,Marié(e),Consulting,Consultant,1,8,8,7,1,2,3,4,Transformation Digitale,Occasionnel,0,7,1,4,1,4,2,3,4,Non,22.0,797,1.0,0.875,0.0,491.11,4419.96,2.5,1,0,0,0,0,0
30,M,6578,Marié(e),Commercial,Cadre Commercial,1,10,10,3,1,3,10,3,Marketing,Occasionnel,1,4,3,2,2,3,1,3,3,Non,18.0,1003,1.0,0.3,0.1,598.0,3288.98,2.5,1,1,0,0,0,0
40,F,4422,Marié(e),Consulting,Assistant de Direction,3,16,1,1,1,3,26,2,Transformation Digitale,Frequent,0,0,3,2,2,4,4,1,3,Oui,13.0,509,0.062,1.0,0.0,260.12,2210.99,3.0,1,1,1,0,1,0
35,M,10274,Divorcé(e),Consulting,Tech Lead,2,15,7,7,1,2,2,3,Infra & Cloud,Occasionnel,6,4,3,2,3,2,2,4,3,Non,18.0,1567,0.467,1.0,0.857,642.12,3424.66,2.75,2,1,0,0,0,0
34,M,5343,Célibataire,Consulting,Manager,0,14,13,9,0,3,1,3,Transformation Digitale,Frequent,4,9,4,2,2,1,3,3,4,Non,20.0,890,0.929,0.692,0.308,356.2,2671.49,2.75,1,2,0,0,0,0
35,M,2376,Marié(e),Consulting,Consultant,1,2,2,2,1,2,4,4,Autre,Frequent,2,2,4,2,1,4,2,4,3,Non,13.0,273,1.0,1.0,1.0,792.0,2375.98,3.5,2,1,0,0,0,0
43,F,5346,Célibataire,Commercial,Cadre Commercial,8,7,4,3,0,2,9,3,Marketing,Occasionnel,1,3,1,1,2,3,2,2,3,Non,13.0,615,0.571,0.75,0.25,668.25,2672.99,2.0,1,2,0,0,0,1
32,F,2827,Divorcé(e),Commercial,Représentant Commercial,1,1,1,0,3,3,2,1,Infra & Cloud,Aucun,0,0,3,3,1,1,3,3,3,Non,12.0,303,1.0,0.0,0.0,1413.5,2826.97,2.5,1,0,0,0,0,0
56,F,19943,Divorcé(e),Consulting,Senior Manager,4,28,5,2,1,2,4,4,Entrepreunariat,Occasionnel,4,2,4,3,5,1,4,3,3,Non,13.0,2294,0.179,0.4,0.8,687.69,3988.59,3.0,1,0,0,0,0,0
29,F,3131,Marié(e),Consulting,Consultant,1,10,10,8,1,5,6,1,Transformation Digitale,Occasionnel,0,8,2,3,1,4,1,3,3,Non,13.0,360,1.0,0.8,0.0,284.64,3130.97,2.5,1,0,0,0,0,0
19,M,2552,Célibataire,Consulting,Assistant de Direction,1,1,1,1,0,4,9,2,Infra & Cloud,Occasionnel,0,0,3,3,1,1,3,3,4,Non,25.0,510,1.0,1.0,0.0,1276.0,2551.97,2.5,1,1,0,1,0,0
45,F,4477,Marié(e),Consulting,Assistant de Direction,4,7,3,2,1,2,7,3,Transformation Digitale,Occasionnel,0,2,1,3,1,3,3,2,3,Oui,19.0,715,0.429,0.667,0.0,559.62,4476.96,2.25,1,0,1,0,0,0
37,F,6474,Marié(e),Consulting,Tech Lead,1,14,14,8,1,2,1,3,Infra & Cloud,Occasionnel,3,11,4,2,2,4,2,2,3,Non,13.0,745,1.0,0.571,0.214,431.6,3236.98,3.0,2,1,0,0,0,0
20,M,3033,Célibataire,Consulting,Consultant,1,2,2,2,0,2,3,3,Infra & Cloud,Occasionnel,1,2,1,2,1,3,1,2,3,Non,12.0,325,1.0,1.0,0.5,1011.0,3032.97,1.75,1,1,0,1,0,0
44,M,2936,Célibataire,Consulting,Assistant de Direction,1,6,6,4,0,4,10,4,Infra & Cloud,Occasionnel,0,2,3,3,1,3,3,3,3,Oui,11.0,291,1.0,0.667,0.0,419.43,2935.97,3.0,3,0,1,0,0,0
53,F,18606,Divorcé(e),Consulting,Senior Manager,3,26,7,7,1,6,7,2,Transformation Digitale,Occasionnel,4,7,4,3,5,3,2,3,3,Non,18.0,2838,0.269,1.0,0.571,689.11,3721.19,3.0,2,0,0,0,0,0
29,F,2168,Marié(e),Consulting,Assistant de Direction,0,6,5,4,1,2,15,1,Infra & Cloud,Occasionnel,1,3,2,1,1,4,1,2,3,Oui,18.0,331,0.833,0.8,0.2,309.71,2167.98,2.25,1,2,1,0,1,0
22,M,2853,Marié(e),Consulting,Assistant de Direction,0,1,0,0,1,5,3,4,Infra & Cloud,Frequent,0,0,3,2,1,4,2,3,3,Oui,11.0,283,0.0,0.0,0.0,1426.5,2852.97,3.0,2,1,1,1,0,0
46,F,17048,Marié(e),Commercial,Senior Manager,8,28,26,15,0,2,2,3,Marketing,Occasionnel,15,9,3,3,4,1,1,3,4,Non,23.0,3188,0.929,0.577,0.577,587.86,4261.99,2.0,1,1,0,0,0,1
44,M,2290,Célibataire,Consulting,Assistant de Direction,2,6,0,0,0,3,17,3,Infra & Cloud,Aucun,0,0,4,1,1,3,4,3,3,Non,13.0,263,0.0,0.0,0.0,327.14,2289.98,3.5,3,2,0,0,1,0
33,M,3600,Marié(e),Ressources Humaines,Ressources Humaines,1,5,5,4,1,2,2,3,Ressources Humaines,Occasionnel,1,4,2,3,1,3,4,3,3,Non,13.0,414,1.0,0.8,0.2,600.0,3599.96,3.0,2,0,0,0,0,0
41,M,2107,Divorcé(e),Consulting,Assistant de Direction,6,5,1,0,1,2,5,2,Infra & Cloud,Aucun,0,0,1,2,1,1,1,1,3,Non,17.0,306,0.2,0.0,0.0,351.17,2106.98,1.0,1,1,0,0,0,1
30,M,4115,Divorcé(e),Commercial,Cadre Commercial,8,8,4,3,3,3,29,4,Infra & Cloud,Occasionnel,0,3,3,3,2,1,3,3,3,Non,19.0,657,0.5,0.75,0.0,457.22,2057.49,2.5,1,0,0,0,1,1
40,M,4327,Marié(e),Commercial,Cadre Commercial,5,5,0,0,3,2,2,4,Transformation Digitale,Frequent,0,0,2,3,2,2,4,3,3,Non,12.0,464,0.0,0.0,0.0,721.17,2163.49,2.75,2,0,0,0,0,1
50,F,17856,Marié(e),Consulting,Senior Manager,2,32,2,2,1,3,2,3,Transformation Digitale,Frequent,2,2,4,3,4,1,3,3,4,Non,22.0,3220,0.062,1.0,1.0,541.09,4463.99,2.75,1,1,0,0,0,0
28,M,3196,Marié(e),Consulting,Consultant,1,6,6,5,3,2,19,4,Transformation Digitale,Occasionnel,3,3,4,2,1,1,3,3,3,Non,12.0,342,1.0,0.833,0.5,456.57,3195.97,2.75,1,1,0,0,1,0
46,M,19081,Marié(e),Consulting,Directeur Technique,5,25,4,2,1,2,15,2,Infra & Cloud,Occasionnel,0,3,4,3,5,2,1,3,3,Non,11.0,1891,0.16,0.5,0.0,733.88,3816.19,2.5,1,0,0,0,1,1
35,M,8966,Marié(e),Commercial,Cadre Commercial,3,15,7,7,3,2,17,4,Infra & Cloud,Occasionnel,1,7,3,3,2,1,4,3,3,Oui,15.0,1169,0.467,1.0,0.143,560.38,4482.98,2.75,1,0,0,0,1,0
24,F,2210,Marié(e),Consulting,Consultant,1,1,1,0,1,3,17,2,Infra & Cloud,Occasionnel,0,0,4,3,1,2,1,1,3,Non,13.0,254,1.0,0.0,0.0,1105.0,2209.98,2.0,1,0,0,1,1,0
33,F,4539,Marié(e),Commercial,Cadre Commercial,1,10,10,7,1,3,25,3,Transformation Digitale,Frequent,0,1,2,3,2,3,1,2,3,Non,12.0,486,1.0,0.7,0.0,412.64,2269.49,2.0,1,0,0,0,1,0
36,M,2741,Divorcé(e),Consulting,Consultant,1,7,7,7,1,4,6,4,Infra & Cloud,Occasionnel,1,7,3,1,1,3,3,3,3,Non,14.000000000000002,337,1.0,1.0,0.143,342.62,2740.97,3.0,3,2,0,0,0,0
30,M,3491,Divorcé(e),Consulting,Consultant,1,10,10,7,3,4,7,4,Infra & Cloud,Occasionnel,8,9,3,3,2,3,1,2,3,Non,13.0,402,1.0,0.7,0.8,317.36,1745.49,2.25,1,0,0,0,0,0
44,M,4541,Célibataire,Consulting,Assistant de Direction,1,20,20,11,0,3,29,4,Autre,Occasionnel,13,17,4,3,2,4,2,3,4,Non,25.0,908,1.0,0.55,0.65,216.24,2270.49,3.25,2,1,0,0,1,0
20,M,2678,Célibataire,Commercial,Représentant Commercial,1,2,2,1,0,2,21,3,Marketing,Occasionnel,2,2,3,4,1,4,4,3,3,Non,17.0,389,1.0,0.5,1.0,892.67,2677.97,3.5,3,-1,0,1,1,0
46,M,7379,Divorcé(e),Consulting,Tech Lead,2,12,6,3,1,3,2,4,Entrepreunariat,Occasionnel,1,4,4,3,2,4,3,2,3,Non,11.0,731,0.5,0.5,0.167,567.62,3689.48,3.25,2,0,0,0,0,0
42,M,6272,Marié(e),Ressources Humaines,Ressources Humaines,7,10,4,3,1,3,2,5,Transformation Digitale,Aucun,0,3,4,4,2,1,1,4,3,Non,16.0,865,0.4,0.75,0.0,570.18,3135.98,2.5,1,-1,0,0,0,1
60,M,5220,Divorcé(e),Commercial,Cadre Commercial,0,12,11,7,1,3,7,4,Marketing,Occasionnel,1,9,2,4,2,4,2,3,3,Oui,18.0,796,0.917,0.636,0.091,401.54,2609.99,2.75,2,-1,0,0,0,0
32,F,2743,Marié(e),Consulting,Consultant,1,2,2,2,1,2,13,3,Autre,Frequent,2,2,3,2,1,2,3,3,4,Non,20.0,457,1.0,1.0,1.0,914.33,2742.97,2.75,2,2,0,0,0,0
32,F,4998,Célibataire,Consulting,Assistant de Direction,4,10,8,7,0,2,2,2,Infra & Cloud,Frequent,0,7,4,3,2,3,4,3,3,Oui,14.000000000000002,614,0.8,0.875,0.0,454.36,2498.99,3.5,3,0,0,0,0,0
36,F,10252,Divorcé(e),Consulting,Tech Lead,2,17,7,7,1,2,1,3,Entrepreunariat,Occasionnel,7,7,3,1,3,1,3,3,4,Oui,21.0,1779,0.412,1.0,1.0,569.56,3417.32,2.5,1,3,0,0,0,0
33,M,2781,Marié(e),Consulting,Assistant de Direction,0,15,14,10,1,5,9,3,Transformation Digitale,Occasionnel,4,10,1,3,1,4,2,3,3,Non,13.0,320,0.933,0.714,0.286,173.81,2780.97,2.5,1,0,0,0,0,0
40,F,6852,Divorcé(e),Commercial,Cadre Commercial,7,7,5,1,1,2,10,3,Entrepreunariat,Occasionnel,1,3,2,2,2,2,2,4,3,Non,12.0,734,0.714,0.2,0.2,856.5,3425.98,2.5,2,1,0,0,0,1
25,M,4950,Célibataire,Commercial,Cadre Commercial,0,5,4,3,0,4,10,4,Infra & Cloud,Occasionnel,1,1,3,3,2,4,2,3,3,Non,14.000000000000002,608,0.8,0.75,0.25,825.0,2474.99,3.0,2,0,0,0,0,0
30,M,3579,Marié(e),Consulting,Assistant de Direction,0,12,11,9,1,2,1,3,Transformation Digitale,Occasionnel,5,7,4,3,1,2,1,3,4,Oui,21.0,621,0.917,0.818,0.455,275.31,3578.96,2.5,1,1,1,0,0,0
42,F,13191,Marié(e),Consulting,Directeur Technique,3,20,1,0,0,6,26,5,Transformation Digitale,Frequent,0,0,1,3,3,1,3,3,3,Oui,17.0,1917,0.05,0.0,0.0,628.14,4396.99,2.0,1,0,0,0,1,0
35,F,10377,Marié(e),Commercial,Cadre Commercial,4,16,13,2,1,6,8,2,Marketing,Aucun,4,12,3,2,3,4,2,2,3,Oui,11.0,1028,0.812,0.154,0.308,610.41,3458.99,2.75,2,1,0,0,0,0
27,M,2235,Marié(e),Consulting,Assistant de Direction,1,9,9,7,2,3,14,3,Infra & Cloud,Occasionnel,6,8,1,3,1,1,4,2,3,Oui,14.000000000000002,274,1.0,0.778,0.667,223.5,2234.98,2.0,1,0,1,0,0,0
54,F,10502,Divorcé(e),Consulting,Tech Lead,7,33,5,4,1,2,1,4,Infra & Cloud,Frequent,1,4,4,3,3,3,1,1,3,Non,17.0,1526,0.152,0.8,0.2,308.88,3500.65,2.25,1,0,0,0,0,1
44,F,2011,Marié(e),Consulting,Assistant de Direction,1,10,10,5,1,5,2,1,Infra & Cloud,Occasionnel,7,7,1,4,1,4,4,3,3,Non,13.0,231,1.0,0.5,0.7,182.82,2010.98,3.0,1,-1,0,0,0,0
19,F,1859,Célibataire,Consulting,Assistant de Direction,1,1,1,1,0,2,10,3,Transformation Digitale,Aucun,0,0,1,2,1,2,2,4,4,Oui,25.0,372,1.0,1.0,0.0,929.5,1858.98,2.25,1,2,1,1,0,0
29,F,3760,Divorcé(e),Consulting,Assistant de Direction,1,3,3,2,3,5,1,3,Infra & Cloud,Occasionnel,1,2,1,3,1,4,1,3,3,Non,15.0,490,1.0,0.667,0.333,940.0,3759.96,2.25,1,0,0,0,0,0
54,M,17779,Marié(e),Consulting,Directeur Technique,3,36,10,9,0,2,3,3,Infra & Cloud,Occasionnel,0,9,4,3,4,4,1,3,3,Non,14.000000000000002,2183,0.278,0.9,0.0,480.51,4444.74,3.0,1,0,0,0,0,0
31,M,6833,Marié(e),Consulting,Manager,1,6,6,5,0,2,11,2,Transformation Digitale,Occasionnel,0,1,3,3,2,1,4,2,3,Oui,12.0,732,1.0,0.833,0.0,976.14,3416.48,2.5,1,0,0,0,0,0
31,F,6812,Célibataire,Consulting,Manager,1,10,10,9,0,2,24,3,Transformation Digitale,Occasionnel,1,8,3,2,2,1,2,3,3,Non,19.0,1088,1.0,0.9,0.1,619.27,3405.98,2.25,1,1,0,0,1,0
59,F,5171,Célibataire,Commercial,Cadre Commercial,5,13,6,1,0,2,3,3,Infra & Cloud,Occasionnel,0,5,3,2,2,4,4,3,3,Non,17.0,751,0.462,0.167,0.0,369.36,2585.49,3.5,3,1,0,0,0,1
43,M,19740,Marié(e),Consulting,Directeur Technique,3,25,8,7,1,2,3,3,Infra & Cloud,Occasionnel,0,7,3,1,5,4,2,3,3,Non,14.000000000000002,2424,0.32,0.875,0.0,759.23,3947.99,3.0,2,2,0,0,0,0
49,M,18711,Marié(e),Consulting,Senior Manager,2,23,1,0,1,2,4,2,Transformation Digitale,Occasionnel,0,0,1,2,5,3,3,4,3,Non,13.0,2153,0.043,0.0,0.0,779.62,3742.19,2.75,1,1,0,0,0,0
36,M,3692,Marié(e),Consulting,Assistant de Direction,1,12,11,10,0,2,3,3,Entrepreunariat,Frequent,0,7,3,3,1,2,3,2,3,Non,12.0,396,0.917,0.909,0.0,284.0,3691.96,2.5,2,0,0,0,0,0
48,M,2559,Célibataire,Consulting,Consultant,5,7,1,0,0,4,2,2,Entrepreunariat,Occasionnel,0,0,4,4,1,2,3,2,3,Non,11.0,254,0.143,0.0,0.0,319.88,2558.97,2.75,2,-1,0,0,0,1
27,M,2517,Divorcé(e),Consulting,Assistant de Direction,1,5,5,3,3,2,4,2,Infra & Cloud,Occasionnel,0,3,1,3,1,3,2,3,3,Non,11.0,249,1.0,0.6,0.0,419.5,2516.97,2.25,1,0,0,0,0,0
29,M,6623,Divorcé(e),Consulting,Manager,1,6,6,0,2,2,7,3,Infra & Cloud,Occasionnel,1,0,3,3,2,4,2,3,3,Oui,11.0,656,1.0,0.0,0.167,946.14,3311.48,3.0,2,0,0,0,0,0
48,M,18265,Célibataire,Consulting,Directeur Technique,6,25,1,0,0,3,1,3,Infra & Cloud,Occasionnel,0,0,4,2,5,4,3,4,3,Non,12.0,1957,0.04,0.0,0.0,702.5,3652.99,3.75,3,1,0,0,0,1
29,F,16124,Divorcé(e),Consulting,Directeur Technique,3,9,7,7,2,2,1,3,Infra & Cloud,Occasionnel,1,7,4,2,4,4,2,2,3,Non,14.000000000000002,1980,0.778,1.0,0.143,1612.4,4030.99,3.0,2,1,0,0,0,0
34,F,2585,Marié(e),Consulting,Assistant de Direction,0,2,1,0,0,5,20,3,Entrepreunariat,Occasionnel,0,0,3,4,1,3,4,2,3,Non,17.0,376,0.5,0.0,0.0,861.67,2584.97,3.0,2,-1,0,0,1,0
44,M,18213,Marié(e),Commercial,Senior Manager,7,26,22,9,1,5,5,3,Marketing,Occasionnel,3,10,2,3,5,2,3,3,3,Non,11.0,1805,0.846,0.409,0.136,674.56,3642.59,2.5,2,0,0,0,0,1
33,M,8380,Divorcé(e),Commercial,Cadre Commercial,0,10,9,8,2,3,10,5,Marketing,Occasionnel,0,8,4,4,3,3,4,3,3,Oui,14.000000000000002,1029,0.9,0.889,0.0,761.82,2793.32,3.5,3,-1,0,0,0,0
19,F,2994,Célibataire,Consulting,Assistant de Direction,1,1,1,0,0,2,25,3,Infra & Cloud,Occasionnel,0,1,2,4,1,4,4,3,3,Oui,12.0,321,1.0,0.0,0.0,1497.0,2993.97,3.25,2,-1,1,1,1,0
23,M,1223,Marié(e),Consulting,Assistant de Direction,1,1,1,0,1,2,1,2,Infra & Cloud,Occasionnel,0,1,4,3,1,3,4,3,4,Non,22.0,221,1.0,0.0,0.0,611.5,1222.99,3.5,3,1,0,1,0,0
25,M,1118,Célibataire,Commercial,Représentant Commercial,1,1,1,0,0,4,24,1,Infra & Cloud,Frequent,1,0,3,1,1,4,4,3,3,Oui,14.000000000000002,137,1.0,0.0,1.0,559.0,1117.99,3.5,3,2,1,1,1,0
26,M,2875,Célibataire,Consulting,Assistant de Direction,1,8,8,5,0,2,4,2,Infra & Cloud,Occasionnel,2,2,3,3,1,4,2,2,4,Oui,20.0,479,1.0,0.625,0.25,319.44,2874.97,2.75,2,1,1,0,0,0
45,F,18824,Célibataire,Commercial,Senior Manager,2,26,24,10,0,2,2,3,Marketing,Occasionnel,1,11,1,1,5,2,1,3,3,Oui,16.0,2596,0.923,0.417,0.042,697.19,3764.79,1.75,1,2,0,0,0,0
55,M,13577,Divorcé(e),Consulting,Manager,1,34,33,9,1,3,8,1,Transformation Digitale,Aucun,15,0,4,2,4,2,4,3,3,Oui,15.0,1771,0.971,0.273,0.455,387.91,3394.24,3.25,2,1,0,0,0,0
21,F,2625,Célibataire,Consulting,Consultant,1,2,2,2,0,2,10,2,Infra & Cloud,Frequent,2,2,1,2,1,3,3,1,4,Non,20.0,438,1.0,1.0,1.0,875.0,2624.97,2.0,1,2,0,1,0,0
46,F,18789,Marié(e),Commercial,Senior Manager,2,26,11,4,1,2,4,2,Marketing,Occasionnel,0,8,4,2,5,2,3,3,3,Non,14.000000000000002,2307,0.423,0.364,0.0,695.89,3757.79,3.0,2,1,0,0,0,0
34,F,4538,Célibataire,Commercial,Cadre Commercial,0,4,3,2,0,3,2,3,Marketing,Occasionnel,0,2,3,3,2,1,4,3,3,Oui,12.0,486,0.75,0.667,0.0,907.6,2268.99,2.75,1,0,1,0,0,0
51,M,19847,Divorcé(e),Commercial,Senior Manager,4,31,29,10,1,5,9,3,Infra & Cloud,Frequent,11,10,4,3,5,2,1,2,4,Oui,24.0,3841,0.935,0.345,0.379,620.22,3969.39,2.25,1,1,0,0,0,0
59,M,10512,Célibataire,Consulting,Tech Lead,6,25,9,7,0,6,18,4,Transformation Digitale,Occasionnel,5,4,4,3,3,4,4,2,3,Non,12.0,1126,0.36,0.778,0.556,404.31,3503.99,3.5,2,0,0,0,1,1
34,F,4444,Divorcé(e),Consulting,Consultant,4,15,11,8,2,2,19,3,Transformation Digitale,Frequent,5,10,3,3,2,2,3,4,3,Non,13.0,511,0.733,0.727,0.455,277.75,2221.99,3.0,2,0,0,0,1,0
28,M,2154,Célibataire,Consulting,Consultant,0,5,4,2,0,2,1,4,Transformation Digitale,Frequent,0,2,4,3,1,3,3,2,3,Oui,11.0,213,0.8,0.5,0.0,359.0,2153.98,3.0,2,0,1,0,0,0
44,M,19190,Divorcé(e),Consulting,Senior Manager,1,26,25,9,2,4,4,2,Infra & Cloud,Occasionnel,14,13,3,4,5,1,4,2,3,Non,14.000000000000002,2357,0.962,0.36,0.56,710.74,3837.99,2.5,1,-1,0,0,0,0
34,M,4490,Marié(e),Ressources Humaines,Ressources Humaines,4,14,10,9,2,5,11,3,Infra & Cloud,Frequent,1,8,3,2,2,2,4,4,3,Non,11.0,445,0.714,0.9,0.1,299.33,2244.99,3.25,2,1,0,0,0,0
35,M,3506,Marié(e),Consulting,Assistant de Direction,0,4,3,2,0,3,6,1,Infra & Cloud,Occasionnel,2,2,3,3,1,3,4,3,3,Oui,14.000000000000002,431,0.75,0.667,0.667,701.2,3505.96,3.25,3,0,1,0,0,0
42,F,2372,Marié(e),Consulting,Assistant de Direction,6,18,1,0,0,2,7,4,Transformation Digitale,Occasionnel,0,0,2,4,2,2,4,3,3,Oui,16.0,327,0.056,0.0,0.0,124.84,1185.99,2.75,2,-1,1,0,0,1
43,F,10231,Célibataire,Commercial,Cadre Commercial,3,23,21,7,0,3,4,4,Marketing,Occasionnel,15,17,4,2,3,4,4,4,3,Non,14.000000000000002,1256,0.913,0.333,0.714,426.29,3410.32,4.0,4,1,0,0,0,0
36,F,5410,Célibataire,Consulting,Tech Lead,9,18,16,14,0,2,2,4,Infra & Cloud,Occasionnel,5,12,3,3,2,2,4,3,3,Oui,11.0,536,0.889,0.875,0.312,284.74,2704.99,3.0,2,0,0,0,0,1
44,F,7978,Marié(e),Consulting,Manager,1,10,10,7,1,2,15,3,Transformation Digitale,Occasionnel,0,5,1,3,3,4,4,3,3,Non,11.0,791,1.0,0.7,0.0,725.27,2659.32,3.0,1,0,0,0,1,0
28,M,3867,Marié(e),Consulting,Consultant,1,2,2,2,1,2,2,3,Infra & Cloud,Frequent,2,2,4,2,1,4,2,3,3,Oui,12.0,414,1.0,1.0,1.0,1289.0,3866.96,3.25,2,1,1,1,0,0
51,F,2838,Célibataire,Consulting,Consultant,0,8,7,0,0,6,6,2,Transformation Digitale,Frequent,7,7,2,2,1,3,2,2,3,Non,14.000000000000002,349,0.875,0.0,1.0,315.33,2837.97,2.25,2,1,0,0,0,0
30,F,4695,Célibataire,Consulting,Tech Lead,7,10,8,4,0,3,9,2,Transformation Digitale,Aucun,1,7,3,3,2,3,3,3,3,Oui,18.0,716,0.8,0.5,0.125,426.82,2347.49,3.0,3,0,1,0,0,1
29,F,3339,Divorcé(e),Consulting,Consultant,3,10,7,7,2,2,7,3,Entrepreunariat,Occasionnel,7,7,2,3,1,3,1,3,3,Oui,13.0,384,0.7,1.0,1.0,303.55,3338.97,2.25,1,0,1,0,0,0
28,M,2080,Célibataire,Consulting,Assistant de Direction,2,5,3,2,0,2,1,3,Entrepreunariat,Occasionnel,1,2,4,3,1,1,2,2,3,Non,11.0,206,0.6,0.667,0.333,346.67,2079.98,2.25,1,0,0,0,0,0
25,F,2096,Célibataire,Consulting,Assistant de Direction,1,2,2,2,0,3,1,3,Transformation Digitale,Occasionnel,2,1,4,3,1,2,4,2,3,Non,18.0,320,1.0,1.0,1.0,698.67,2095.98,3.0,2,0,0,1,0,0
32,M,6209,Marié(e),Commercial,Cadre Commercial,1,10,10,7,2,4,8,3,Transformation Digitale,Occasionnel,0,8,3,4,2,4,3,4,3,Non,15.0,810,1.0,0.7,0.0,564.45,3104.48,3.5,3,-1,0,0,0,0
45,F,18061,Célibataire,Consulting,Senior Manager,3,22,0,0,0,4,25,3,Transformation Digitale,Frequent,0,0,2,3,5,2,3,3,4,Non,22.0,3257,0.0,0.0,0.0,785.26,3612.19,2.5,2,1,0,0,1,0
39,F,17123,Divorcé(e),Consulting,Senior Manager,6,21,19,9,2,4,13,4,Transformation Digitale,Occasionnel,15,2,3,2,4,2,4,3,3,Oui,13.0,1970,0.905,0.474,0.789,778.32,4280.74,3.0,2,1,0,0,0,1
58,M,2372,Divorcé(e),Consulting,Assistant de Direction,1,2,2,2,2,3,23,4,Infra & Cloud,Occasionnel,2,2,1,3,1,3,4,3,3,Non,12.0,254,1.0,1.0,1.0,790.67,2371.98,2.75,1,0,0,0,1,0
32,M,4883,Marié(e),Consulting,Consultant,1,10,10,4,1,3,7,2,Infra & Cloud,Occasionnel,1,1,4,3,2,3,1,3,3,Non,18.0,745,1.0,0.4,0.1,443.91,2441.49,2.75,1,0,0,0,0,0
39,M,3904,Célibataire,Consulting,Assistant de Direction,0,6,5,2,0,2,23,3,Transformation Digitale,Occasionnel,0,3,3,3,1,1,1,3,3,Non,13.0,449,0.833,0.4,0.0,557.71,3903.96,2.0,1,0,0,0,1,0
30,F,4627,Marié(e),Consulting,Consultant,0,10,9,2,1,6,6,3,Entrepreunariat,Occasionnel,6,7,1,2,2,4,1,3,3,Non,12.0,496,0.9,0.222,0.667,420.64,2313.49,2.25,1,1,0,0,0,0
36,F,7094,Marié(e),Consulting,Manager,3,10,7,7,0,0,10,4,Entrepreunariat,Occasionnel,1,7,4,3,3,3,1,3,3,Non,12.0,760,0.7,1.0,0.143,644.91,2364.66,2.75,1,0,0,0,0,0
46,F,3423,Célibataire,Ressources Humaines,Ressources Humaines,6,10,7,6,0,3,1,2,Infra & Cloud,Occasionnel,5,7,4,3,1,1,3,4,3,Non,12.0,367,0.7,0.857,0.714,311.18,3422.97,3.0,1,0,0,0,0,1
28,F,6674,Marié(e),Consulting,Consultant,0,10,9,8,3,6,1,3,Infra & Cloud,Aucun,7,5,3,1,2,4,1,3,3,Non,11.0,661,0.9,0.889,0.778,606.73,3336.98,2.75,1,2,0,0,0,0
50,F,16880,Marié(e),Consulting,Directeur Technique,4,25,3,2,0,2,28,3,Infra & Cloud,Occasionnel,1,2,4,3,4,1,2,3,3,Oui,11.0,1673,0.12,0.667,0.333,649.23,4219.99,2.5,1,0,0,0,1,0
40,M,9094,Célibataire,Commercial,Cadre Commercial,2,9,5,4,0,2,25,4,Marketing,Occasionnel,1,0,4,2,3,2,3,3,3,Oui,12.0,974,0.556,0.8,0.2,909.4,3031.32,3.0,2,1,0,0,1,0
52,M,8446,Célibataire,Commercial,Cadre Commercial,9,10,8,7,0,2,5,3,Infra & Cloud,Occasionnel,7,7,2,3,3,2,3,2,3,Oui,19.0,1349,0.8,0.875,0.875,767.82,2815.32,2.25,2,0,0,0,0,1
30,F,11916,Marié(e),Consulting,Senior Manager,1,9,9,1,2,2,17,4,Transformation Digitale,Occasionnel,0,8,2,3,3,1,4,3,4,Oui,23.0,2228,1.0,0.111,0.0,1191.6,3971.99,2.5,1,1,0,0,1,0
39,M,4534,Célibataire,Consulting,Tech Lead,0,9,8,7,0,6,18,2,Infra & Cloud,Occasionnel,1,7,1,3,2,3,1,3,3,Non,11.0,449,0.889,0.875,0.125,453.4,2266.99,2.0,1,0,0,0,1,0
31,F,9852,Divorcé(e),Commercial,Cadre Commercial,1,10,10,8,1,5,2,4,Infra & Cloud,Aucun,9,6,4,3,3,3,1,2,3,Oui,19.0,1573,1.0,0.8,0.9,895.64,3283.99,2.5,1,0,0,0,0,0
41,M,6151,Célibataire,Commercial,Cadre Commercial,1,19,19,2,0,4,10,2,Transformation Digitale,Aucun,11,9,3,1,2,2,1,3,3,Non,13.0,708,1.0,0.105,0.579,307.55,3075.48,2.25,1,2,0,0,0,0
31,F,2302,Célibataire,Commercial,Représentant Commercial,1,3,3,2,0,2,1,3,Infra & Cloud,Frequent,2,2,4,3,1,2,1,4,3,Oui,11.0,228,1.0,0.667,0.667,575.5,2301.98,2.75,1,0,1,0,0,0
44,M,2362,Marié(e),Consulting,Consultant,4,10,3,2,0,4,3,3,Infra & Cloud,Occasionnel,1,2,1,3,1,1,3,4,3,Non,12.0,253,0.3,0.667,0.333,214.73,2361.98,2.25,1,0,0,0,0,0
42,M,17861,Marié(e),Consulting,Senior Manager,0,21,20,8,0,3,2,1,Infra & Cloud,Aucun,2,10,3,3,4,3,4,2,3,Oui,13.0,2055,0.952,0.4,0.1,811.86,4465.24,3.0,2,0,0,0,0,0
55,F,19187,Marié(e),Consulting,Senior Manager,4,23,19,9,1,5,2,2,Transformation Digitale,Occasionnel,9,11,4,1,5,3,4,3,3,Non,14.000000000000002,2356,0.826,0.474,0.474,799.46,3837.39,3.5,3,2,0,0,0,0
56,M,19717,Célibataire,Ressources Humaines,Senior Manager,6,36,7,3,0,4,8,4,Infra & Cloud,Occasionnel,7,7,4,3,5,2,1,3,3,Non,14.000000000000002,2421,0.194,0.429,1.0,532.89,3943.39,2.5,1,0,0,0,0,1
40,M,3544,Divorcé(e),Consulting,Assistant de Direction,9,6,4,2,1,0,16,2,Infra & Cloud,Aucun,0,0,3,3,1,3,2,3,3,Non,16.0,489,0.667,0.5,0.0,506.29,3543.96,2.75,2,0,0,0,1,1
34,M,8500,Divorcé(e),Consulting,Manager,0,10,9,7,1,0,9,3,Infra & Cloud,Occasionnel,1,6,4,3,3,4,4,2,3,Non,11.0,842,0.9,0.778,0.111,772.73,2833.32,3.5,2,0,0,0,0,0
40,M,4661,Célibataire,Consulting,Assistant de Direction,1,9,9,8,0,4,2,3,Infra & Cloud,Occasionnel,8,8,3,3,2,4,3,3,3,Non,13.0,536,1.0,0.889,0.889,466.1,2330.49,3.25,3,0,0,0,0,0
41,F,4103,Divorcé(e),Commercial,Cadre Commercial,0,10,9,3,1,2,1,3,Marketing,Frequent,1,7,3,3,2,1,4,3,3,Non,17.0,596,0.9,0.333,0.111,373.0,2051.49,2.75,1,0,0,0,0,0
35,M,4249,Célibataire,Consulting,Assistant de Direction,1,9,9,6,0,3,4,4,Infra & Cloud,Frequent,1,1,3,3,2,3,2,3,3,Oui,11.0,421,1.0,0.667,0.111,424.9,2124.49,2.75,2,0,1,0,0,0
51,M,14026,Divorcé(e),Ressources Humaines,Senior Manager,1,33,33,9,1,2,5,3,Infra & Cloud,Occasionnel,0,10,3,3,4,2,2,3,3,Oui,11.0,1390,1.0,0.273,0.0,412.53,3506.49,2.5,2,0,0,0,0,0
38,F,6893,Divorcé(e),Commercial,Cadre Commercial,3,11,7,7,1,3,2,2,Infra & Cloud,Occasionnel,1,7,2,3,2,1,4,3,3,Non,15.0,899,0.636,1.0,0.143,574.42,3446.48,2.5,1,0,0,0,0,0
34,F,6125,Célibataire,Commercial,Cadre Commercial,1,10,10,8,0,6,15,2,Transformation Digitale,Occasionnel,9,6,3,3,2,1,4,4,3,Non,12.0,656,1.0,0.8,0.9,556.82,3062.48,3.0,1,0,0,0,1,0
25,M,3669,Marié(e),Consulting,Consultant,3,7,3,2,3,6,19,1,Transformation Digitale,Occasionnel,1,2,4,3,1,4,3,2,3,Non,11.0,364,0.429,0.667,0.333,458.62,3668.96,3.25,2,0,0,0,1,0
58,F,10008,Marié(e),Consulting,Tech Lead,7,31,10,9,0,0,7,4,Transformation Digitale,Occasionnel,5,9,3,2,3,1,4,2,3,Oui,14.000000000000002,1229,0.323,0.9,0.5,312.75,3335.99,2.5,1,1,0,0,0,1
40,M,2387,Marié(e),Consulting,Consultant,3,7,4,2,1,3,1,4,Infra & Cloud,Occasionnel,0,3,2,3,1,2,3,3,4,Non,22.0,430,0.571,0.5,0.0,298.38,2386.98,2.5,2,1,0,0,0,0
36,F,4639,Marié(e),Commercial,Cadre Commercial,2,17,15,7,1,2,7,3,Marketing,Frequent,6,13,1,4,2,1,4,2,3,Non,16.0,640,0.882,0.467,0.4,257.72,2319.49,2.0,1,-1,0,0,0,0
48,M,7898,Célibataire,Consulting,Tech Lead,1,11,10,9,0,2,4,3,Infra & Cloud,Occasionnel,0,8,4,3,3,4,3,3,3,Non,11.0,783,0.909,0.9,0.0,658.17,2632.66,3.5,3,0,0,0,0,0
27,F,2534,Marié(e),Commercial,Représentant Commercial,8,5,1,0,1,4,11,3,Transformation Digitale,Occasionnel,0,0,3,4,1,4,2,3,3,Non,14.000000000000002,311,0.2,0.0,0.0,422.33,2533.97,3.0,2,-1,0,1,0,1
51,F,13142,Célibataire,Consulting,Tech Lead,3,29,5,2,0,1,11,2,Entrepreunariat,Occasionnel,0,3,4,2,4,2,2,2,3,Non,16.0,1813,0.172,0.4,0.0,438.07,3285.49,2.5,2,1,0,0,0,0
18,F,1611,Célibataire,Consulting,Consultant,1,0,0,0,0,5,1,3,Infra & Cloud,Aucun,0,0,4,3,1,4,3,4,3,Non,15.0,210,0.0,0.0,0.0,1611.0,1610.98,3.75,3,0,0,1,0,0
35,F,5363,Marié(e),Consulting,Consultant,0,10,9,7,1,0,1,3,Transformation Digitale,Occasionnel,0,0,4,2,2,4,2,3,3,Non,12.0,575,0.9,0.778,0.0,487.55,2681.49,3.25,2,1,0,0,0,0
27,M,5071,Célibataire,Commercial,Cadre Commercial,3,8,6,2,0,3,2,1,Infra & Cloud,Frequent,0,0,4,1,2,4,2,3,4,Non,20.0,845,0.75,0.333,0.0,563.44,2535.49,3.25,2,3,0,0,0,0
55,M,13695,Célibataire,Commercial,Cadre Commercial,6,24,19,7,0,2,13,4,Marketing,Occasionnel,3,8,1,4,4,3,3,2,3,Oui,17.0,1990,0.792,0.368,0.158,547.8,3423.74,2.25,1,-1,0,0,0,1
56,M,13402,Marié(e),Consulting,Tech Lead,4,33,19,16,1,0,23,3,Infra & Cloud,Occasionnel,15,9,4,3,4,2,1,3,3,Oui,12.0,1436,0.576,0.842,0.789,394.18,3350.49,2.5,1,0,0,0,1,0
34,F,2029,Divorcé(e),Consulting,Assistant de Direction,1,5,5,4,3,2,26,1,Entrepreunariat,Aucun,0,0,1,2,1,3,3,3,4,Non,20.0,338,1.0,0.8,0.0,338.17,2028.98,2.5,1,2,0,0,1,0
40,F,6377,Divorcé(e),Consulting,Manager,5,15,12,11,3,0,2,1,Transformation Digitale,Occasionnel,11,8,2,4,2,3,2,3,4,Non,20.0,1063,0.8,0.917,0.917,398.56,3188.48,2.5,2,0,0,0,0,1
34,M,5429,Marié(e),Consulting,Consultant,4,10,8,7,2,1,29,3,Transformation Digitale,Occasionnel,7,7,2,3,2,3,1,3,3,Non,13.0,625,0.8,0.875,0.875,493.55,2714.49,2.25,1,0,0,0,1,0
31,F,2785,Célibataire,Commercial,Représentant Commercial,7,3,1,0,0,3,2,3,Infra & Cloud,Frequent,0,0,3,2,1,4,3,4,3,Non,14.000000000000002,342,0.333,0.0,0.0,696.25,2784.97,3.5,3,1,0,0,0,1
35,F,4614,Marié(e),Commercial,Cadre Commercial,0,5,4,2,1,0,18,4,Marketing,Frequent,3,2,4,3,2,3,3,2,3,Oui,18.0,704,0.8,0.5,0.75,769.0,2306.99,3.0,2,0,1,0,1,0
38,M,2610,Divorcé(e),Consulting,Assistant de Direction,1,4,4,2,3,2,7,3,Infra & Cloud,Frequent,0,3,4,4,1,3,4,3,3,Non,11.0,259,1.0,0.5,0.0,522.0,2609.97,3.5,3,-1,0,0,0,0
34,F,6687,Célibataire,Consulting,Manager,1,14,14,11,0,2,2,4,Entrepreunariat,Occasionnel,4,11,3,3,2,4,4,4,3,Non,11.0,663,1.0,0.786,0.286,445.8,3343.48,3.75,3,0,0,0,0,0
28,M,4724,Marié(e),Commercial,Cadre Commercial,1,5,5,3,1,0,26,3,Infra & Cloud,Occasionnel,0,4,3,2,2,1,3,3,3,Non,11.0,468,1.0,0.6,0.0,787.33,2361.99,2.5,1,1,0,0,1,0
31,M,6179,Marié(e),Consulting,Tech Lead,1,10,10,2,2,3,22,4,Transformation Digitale,Occasionnel,6,7,4,3,2,3,4,2,3,Oui,15.0,806,1.0,0.2,0.6,561.73,3089.48,3.25,2,0,0,0,1,0
39,M,6120,Marié(e),Commercial,Cadre Commercial,3,8,5,4,2,2,21,4,Infra & Cloud,Occasionnel,1,4,1,2,2,4,4,4,3,Oui,12.0,656,0.625,0.8,0.2,680.0,3059.98,3.25,1,1,0,0,1,0
51,M,10596,Marié(e),Commercial,Cadre Commercial,2,14,4,2,0,5,2,3,Marketing,Frequent,3,2,2,3,3,2,2,3,3,Non,11.0,1050,0.286,0.5,0.75,706.4,3531.99,2.25,2,0,0,0,0,0
41,F,5467,Divorcé(e),Consulting,Assistant de Direction,3,12,6,2,2,4,22,3,Infra & Cloud,Frequent,3,3,4,3,2,4,1,2,3,Oui,14.000000000000002,671,0.5,0.333,0.5,420.54,2733.49,2.75,1,0,0,0,1,0
37,M,2996,Marié(e),Consulting,Assistant de Direction,7,8,6,4,0,2,4,1,Infra & Cloud,Occasionnel,1,3,3,3,1,3,4,3,3,Oui,15.0,391,0.75,0.667,0.167,332.89,2995.97,3.25,3,0,1,0,0,1
33,M,9998,Marié(e),Commercial,Cadre Commercial,6,8,5,4,0,2,5,1,Infra & Cloud,Frequent,1,2,2,3,2,4,1,4,3,Non,13.0,1150,0.625,0.8,0.2,1110.89,4998.98,2.75,1,0,0,0,0,1
32,M,4078,Marié(e),Commercial,Cadre Commercial,0,4,3,2,3,3,2,1,Marketing,Occasionnel,1,2,3,3,2,2,1,2,3,Oui,13.0,469,0.75,0.667,0.333,815.6,2038.99,2.0,1,0,1,0,0,0
39,M,10920,Marié(e),Consulting,Manager,3,13,6,4,1,2,25,2,Infra & Cloud,Aucun,0,5,3,3,3,3,2,3,4,Non,21.0,1895,0.462,0.667,0.0,780.0,3639.99,2.75,2,1,0,0,1,0
25,M,6232,Marié(e),Commercial,Cadre Commercial,2,6,3,2,0,3,18,1,Infra & Cloud,Occasionnel,1,2,1,4,2,3,2,2,3,Non,11.0,618,0.5,0.667,0.333,890.29,3115.98,2.0,1,-1,0,0,1,0
52,F,13247,Marié(e),Consulting,Tech Lead,2,24,5,3,1,3,28,2,Transformation Digitale,Frequent,0,2,4,4,4,3,2,2,3,Oui,11.0,1313,0.208,0.6,0.0,529.88,3311.74,2.75,2,-1,0,0,1,0
43,F,4081,Célibataire,Consulting,Assistant de Direction,1,20,20,7,0,3,6,3,Transformation Digitale,Occasionnel,1,8,1,2,2,3,1,1,3,Oui,14.000000000000002,501,1.0,0.35,0.05,194.33,2040.49,1.5,1,1,1,0,0,0
27,F,5769,Marié(e),Commercial,Cadre Commercial,1,6,6,2,0,3,10,3,Marketing,Occasionnel,4,4,4,2,2,4,4,3,3,Oui,11.0,572,1.0,0.333,0.667,824.14,2884.49,3.75,3,1,0,0,0,0
27,F,2394,Célibataire,Consulting,Assistant de Direction,1,8,8,2,0,2,17,4,Infra & Cloud,Occasionnel,7,7,4,3,1,3,4,3,3,Oui,13.0,275,1.0,0.25,0.875,266.0,2393.98,3.5,3,0,1,0,1,0
26,M,3904,Célibataire,Consulting,Assistant de Direction,0,5,4,3,0,2,2,1,Transformation Digitale,Occasionnel,1,1,1,2,1,4,4,3,3,Non,12.0,418,0.8,0.75,0.25,650.67,3903.96,3.0,1,1,0,0,0,0
42,F,16799,Marié(e),Ressources Humaines,Senior Manager,0,21,20,7,1,5,10,3,Ressources Humaines,Occasionnel,0,9,3,3,4,1,3,3,3,Non,14.000000000000002,2063,0.952,0.35,0.0,763.59,4199.74,2.5,1,0,0,0,0,0
52,F,2950,Marié(e),Consulting,Consultant,9,12,5,4,0,2,8,4,Autre,Occasionnel,0,4,3,3,1,1,3,1,3,Non,13.0,339,0.417,0.8,0.0,226.92,2949.97,2.0,1,0,0,0,0,1
37,F,3629,Célibataire,Consulting,Consultant,4,8,3,2,0,6,11,3,Transformation Digitale,Occasionnel,0,2,1,3,1,3,1,3,3,Non,18.0,554,0.375,0.667,0.0,403.22,3628.96,2.0,1,0,0,0,0,0
35,M,9362,Célibataire,Consulting,Tech Lead,2,10,2,2,0,2,18,2,Infra & Cloud,Frequent,2,2,3,3,3,4,3,3,3,Non,11.0,928,0.2,1.0,1.0,851.09,3120.66,3.25,3,0,0,0,1,0
25,M,3229,Marié(e),Consulting,Consultant,4,7,3,2,1,2,1,3,Entrepreunariat,Occasionnel,0,2,1,3,1,4,2,2,3,Non,11.0,320,0.429,0.667,0.0,403.62,3228.97,2.25,1,0,0,0,0,0
26,M,3578,Célibataire,Consulting,Consultant,0,8,7,7,0,2,7,3,Autre,Occasionnel,0,7,3,4,1,1,4,3,3,Non,12.0,383,0.875,1.0,0.0,397.56,3577.96,2.75,1,-1,0,0,0,0
29,M,7988,Célibataire,Ressources Humaines,Ressources Humaines,1,10,10,9,0,3,17,3,Autre,Occasionnel,0,9,2,2,3,1,1,2,3,Non,13.0,919,1.0,0.9,0.0,726.18,2662.66,1.5,1,1,0,0,1,0
49,M,4284,Célibataire,Consulting,Consultant,3,20,4,3,0,2,28,2,Infra & Cloud,Frequent,1,3,1,2,2,1,1,3,4,Non,20.0,714,0.2,0.75,0.25,204.0,2141.99,1.5,1,2,0,0,1,0
29,F,7553,Célibataire,Consulting,Manager,0,9,8,7,0,1,14,1,Autre,Frequent,7,7,3,3,3,4,1,3,3,Oui,12.0,809,0.889,0.875,0.875,755.3,2517.66,2.75,1,0,0,0,0,0
54,F,17328,Célibataire,Consulting,Directeur Technique,6,29,20,7,0,3,1,3,Transformation Digitale,Occasionnel,12,7,4,3,4,4,4,2,3,Non,19.0,2767,0.69,0.35,0.6,577.6,4331.99,3.5,2,0,0,0,0,1
58,F,19701,Marié(e),Consulting,Directeur Technique,3,32,9,8,1,3,1,3,Transformation Digitale,Occasionnel,1,5,4,3,5,1,3,3,4,Oui,21.0,3419,0.281,0.889,0.111,597.0,3940.19,2.75,1,1,0,0,0,0
55,M,14732,Divorcé(e),Consulting,Directeur Technique,2,31,7,7,2,4,1,4,Transformation Digitale,Occasionnel,0,0,2,4,4,4,4,4,3,Non,13.0,1695,0.226,1.0,0.0,460.38,3682.99,3.5,2,-1,0,0,0,0
36,F,9278,Célibataire,Commercial,Cadre Commercial,3,15,5,4,0,3,3,4,Marketing,Occasionnel,0,1,1,3,2,2,4,3,3,Oui,16.0,1280,0.333,0.8,0.0,579.88,4638.98,2.5,1,0,0,0,0,0
31,F,1359,Célibataire,Commercial,Représentant Commercial,1,1,1,0,0,3,1,4,Infra & Cloud,Frequent,0,0,2,1,1,3,2,3,3,Non,12.0,146,1.0,0.0,0.0,679.5,1358.99,2.5,2,2,0,0,0,0
30,F,4779,Divorcé(e),Commercial,Cadre Commercial,7,8,3,2,2,3,7,4,Marketing,Occasionnel,0,2,4,3,2,1,2,3,3,Non,14.000000000000002,587,0.375,0.667,0.0,531.0,2389.49,2.5,1,0,0,0,0,1
31,F,16422,Célibataire,Consulting,Directeur Technique,3,9,3,2,0,3,8,5,Infra & Cloud,Occasionnel,1,0,1,3,4,2,3,4,3,Non,11.0,1627,0.333,0.667,0.333,1642.2,4105.49,2.5,1,0,0,0,0,0
34,M,2996,Divorcé(e),Consulting,Assistant de Direction,5,10,4,3,2,2,1,4,Autre,Frequent,1,3,4,3,1,1,3,3,3,Non,14.000000000000002,368,0.4,0.75,0.25,272.36,2995.97,2.75,1,0,0,0,0,1
31,F,1261,Célibataire,Consulting,Assistant de Direction,1,1,1,0,0,3,8,3,Infra & Cloud,Occasionnel,0,0,1,2,1,2,3,4,3,Non,12.0,135,1.0,0.0,0.0,630.5,1260.99,2.5,1,1,0,0,0,0
27,M,2099,Marié(e),Consulting,Consultant,0,6,5,0,0,3,11,1,Infra & Cloud,Occasionnel,1,4,2,3,1,1,2,4,3,Non,14.000000000000002,258,0.833,0.0,0.2,299.86,2098.98,2.25,1,0,0,0,0,0
36,M,5810,Célibataire,Consulting,Consultant,1,10,10,4,0,2,4,4,Infra & Cloud,Occasionnel,1,8,1,2,2,4,3,2,3,Non,16.0,801,1.0,0.4,0.1,528.18,2904.99,2.5,1,1,0,0,0,0
36,F,5647,Marié(e),Commercial,Cadre Commercial,4,11,3,2,2,3,16,4,Marketing,Occasionnel,0,2,3,2,2,1,1,2,3,Non,13.0,650,0.273,0.667,0.0,470.58,2823.49,1.75,1,1,0,0,1,0
47,M,3420,Marié(e),Consulting,Assistant de Direction,7,17,6,5,1,2,1,3,Entrepreunariat,Occasionnel,1,2,1,3,1,4,3,2,3,Non,12.0,366,0.353,0.833,0.167,190.0,3419.97,2.5,1,0,0,0,0,1
25,M,4400,Marié(e),Commercial,Représentant Commercial,3,6,3,2,0,2,9,2,Infra & Cloud,Occasionnel,2,2,1,2,1,1,1,3,3,Non,12.0,471,0.5,0.667,0.667,628.57,4399.96,1.5,1,1,0,0,0,0
37,M,3500,Célibataire,Consulting,Consultant,0,7,6,5,0,2,5,2,Entrepreunariat,Aucun,1,3,3,4,1,3,1,1,3,Non,14.000000000000002,430,0.857,0.833,0.167,437.5,3499.97,2.0,1,-1,0,0,0,0
56,F,2066,Marié(e),Consulting,Assistant de Direction,2,5,3,2,1,3,1,2,Infra & Cloud,Occasionnel,1,0,1,3,1,1,4,4,4,Non,22.0,373,0.6,0.667,0.333,344.33,2065.98,2.5,1,1,0,0,0,0
47,F,17169,Marié(e),Consulting,Directeur Technique,3,26,20,17,2,2,2,4,Transformation Digitale,Occasionnel,5,6,1,3,4,3,2,4,3,Non,19.0,2741,0.769,0.85,0.25,635.89,4292.24,2.5,1,0,0,0,0,0
24,F,4162,Marié(e),Commercial,Cadre Commercial,1,5,5,4,2,3,4,1,Transformation Digitale,Occasionnel,0,3,4,3,2,3,3,3,3,Oui,12.0,446,1.0,0.8,0.0,693.67,2080.99,3.25,3,0,1,0,0,0
32,M,9204,Marié(e),Commercial,Cadre Commercial,4,7,4,3,1,3,7,5,Marketing,Occasionnel,0,3,4,3,2,4,3,2,3,Non,12.0,986,0.571,0.75,0.0,1150.5,4601.98,3.25,2,0,0,0,0,0
34,F,3294,Marié(e),Consulting,Consultant,5,7,5,4,1,2,1,3,Infra & Cloud,Occasionnel,0,2,4,2,1,2,1,2,3,Non,17.0,479,0.714,0.8,0.0,411.75,3293.97,2.25,1,1,0,0,0,1
41,M,2127,Marié(e),Consulting,Assistant de Direction,2,7,4,2,0,5,5,5,Transformation Digitale,Occasionnel,0,3,2,4,1,3,1,2,3,Oui,12.0,228,0.571,0.5,0.0,265.88,2126.98,2.0,1,-1,1,0,0,0
40,M,3975,Divorcé(e),Consulting,Consultant,3,11,8,7,2,2,9,4,Autre,Aucun,0,7,3,3,2,3,3,4,3,Non,11.0,394,0.727,0.875,0.0,331.25,1987.49,3.25,3,0,0,0,0,0
31,M,10793,Divorcé(e),Commercial,Cadre Commercial,1,13,13,7,1,5,8,2,Infra & Cloud,Occasionnel,9,9,1,3,3,4,1,3,3,Non,18.0,1646,1.0,0.538,0.692,770.93,3597.65,2.25,1,0,0,0,0,0
46,M,10096,Divorcé(e),Commercial,Cadre Commercial,4,28,7,7,1,1,9,3,Marketing,Occasionnel,4,3,1,3,3,4,1,4,3,Non,11.0,1001,0.25,1.0,0.571,348.14,3365.32,2.5,1,0,0,0,0,0
39,F,3646,Célibataire,Consulting,Consultant,2,11,1,0,0,2,2,3,Infra & Cloud,Aucun,0,0,1,2,1,1,2,4,4,Oui,23.0,682,0.091,0.0,0.0,303.83,3645.96,2.0,1,2,1,0,0,0
31,F,7446,Célibataire,Consulting,Tech Lead,1,10,10,8,0,2,1,5,Infra & Cloud,Frequent,4,7,3,4,3,2,1,3,3,Non,11.0,738,1.0,0.8,0.4,676.91,2481.99,2.25,1,-1,0,0,0,0
45,M,10851,Divorcé(e),Consulting,Manager,2,24,7,7,1,2,20,3,Transformation Digitale,Occasionnel,0,7,2,1,3,1,2,3,3,Oui,18.0,1655,0.292,1.0,0.0,434.04,3616.99,2.0,1,2,0,0,1,0
31,F,2109,Célibataire,Ressources Humaines,Ressources Humaines,9,8,3,2,0,3,8,2,Transformation Digitale,Occasionnel,0,2,4,4,1,2,4,3,3,Non,18.0,322,0.375,0.667,0.0,234.33,2108.98,3.25,2,-1,0,0,0,1
31,M,3722,Marié(e),Consulting,Consultant,6,7,2,2,1,2,2,3,Infra & Cloud,Frequent,2,2,2,3,1,4,3,1,3,Oui,13.0,428,0.286,1.0,1.0,465.25,3721.96,2.5,1,0,1,0,0,1
45,M,9380,Marié(e),Consulting,Tech Lead,4,10,3,1,2,4,29,3,Entrepreunariat,Occasionnel,1,2,2,3,3,4,4,4,3,Oui,18.0,1431,0.3,0.333,0.333,852.73,3126.66,3.5,2,0,0,0,1,0
48,M,5486,Divorcé(e),Commercial,Cadre Commercial,4,15,2,2,3,3,7,3,Marketing,Occasionnel,2,2,3,3,2,1,1,3,3,Non,11.0,544,0.133,1.0,1.0,342.88,2742.99,2.0,1,0,0,0,0,0
34,F,2742,Marié(e),Ressources Humaines,Ressources Humaines,1,2,2,2,0,0,9,4,Entrepreunariat,Occasionnel,2,2,1,3,1,3,4,3,3,Non,15.0,358,1.0,1.0,1.0,914.0,2741.97,2.75,1,0,0,0,0,0
40,M,13757,Divorcé(e),Consulting,Directeur Technique,2,16,9,8,1,5,8,1,Transformation Digitale,Aucun,4,8,4,2,3,2,3,3,3,Non,11.0,1363,0.562,0.889,0.444,809.24,4585.65,3.0,2,1,0,0,0,0
28,M,8463,Célibataire,Commercial,Cadre Commercial,0,6,5,4,0,4,5,3,Transformation Digitale,Occasionnel,1,3,4,3,2,1,4,3,3,Non,18.0,1291,0.833,0.8,0.2,1209.0,4231.48,3.0,1,0,0,0,0,0
44,M,3162,Célibataire,Consulting,Consultant,3,7,5,2,0,5,5,3,Infra & Cloud,Aucun,0,3,3,2,1,3,4,3,3,Non,14.000000000000002,388,0.714,0.4,0.0,395.25,3161.97,3.25,3,1,0,0,0,0
53,M,16598,Célibataire,Consulting,Directeur Technique,4,35,9,8,0,2,2,3,Transformation Digitale,Occasionnel,8,8,4,4,4,2,2,2,3,Non,12.0,1778,0.257,0.889,0.889,461.06,4149.49,2.5,2,-1,0,0,0,0
49,M,6651,Marié(e),Consulting,Manager,2,20,3,2,1,0,5,4,Entrepreunariat,Occasionnel,1,2,1,3,2,3,2,2,3,Non,14.000000000000002,817,0.15,0.667,0.333,316.71,3325.48,2.0,1,0,0,0,0,0
40,M,2345,Divorcé(e),Consulting,Assistant de Direction,2,8,3,1,1,3,2,3,Transformation Digitale,Occasionnel,1,2,3,3,1,3,3,4,3,Non,14.000000000000002,288,0.375,0.333,0.333,260.56,2344.98,3.25,3,0,0,0,0,0
44,M,3420,Célibataire,Consulting,Assistant de Direction,1,6,5,2,0,3,20,3,Infra & Cloud,Occasionnel,1,3,4,3,1,2,3,2,3,Non,13.0,393,0.833,0.4,0.2,488.57,3419.97,2.75,2,0,0,0,1,0
33,M,4373,Marié(e),Commercial,Cadre Commercial,0,5,4,3,2,2,7,3,Transformation Digitale,Frequent,0,3,4,3,2,1,1,3,3,Non,14.000000000000002,537,0.8,0.75,0.0,728.83,2186.49,2.25,1,0,0,0,0,0
34,M,4759,Célibataire,Commercial,Cadre Commercial,3,15,13,9,0,2,3,3,Autre,Occasionnel,3,12,4,1,2,1,4,3,3,Non,18.0,726,0.867,0.692,0.231,297.44,2379.49,3.0,1,2,0,0,0,0
30,M,5301,Marié(e),Commercial,Cadre Commercial,8,4,2,1,2,2,16,1,Infra & Cloud,Occasionnel,2,2,4,3,2,3,3,2,3,Non,15.0,691,0.5,0.5,1.0,1060.2,2650.49,3.0,2,0,0,1,1,1
42,F,3673,Célibataire,Consulting,Consultant,1,12,12,9,0,3,9,2,Transformation Digitale,Frequent,5,8,1,3,1,4,3,3,3,Non,13.0,423,1.0,0.75,0.417,282.54,3672.96,2.75,1,0,0,0,0,0
44,F,4768,Marié(e),Commercial,Cadre Commercial,7,11,1,0,1,4,1,5,Marketing,Frequent,0,0,1,3,2,3,3,2,3,Non,12.0,511,0.091,0.0,0.0,397.33,2383.99,2.25,1,0,0,0,0,1
30,M,1274,Divorcé(e),Consulting,Assistant de Direction,1,1,1,0,2,2,7,3,Entrepreunariat,Aucun,0,0,3,3,1,3,2,2,3,Non,13.0,147,1.0,0.0,0.0,637.0,1273.99,2.5,2,0,0,1,0,0
57,M,4900,Marié(e),Consulting,Assistant de Direction,0,13,12,9,1,2,1,2,Infra & Cloud,Occasionnel,2,8,2,4,2,3,1,2,4,Non,24.0,948,0.923,0.75,0.167,350.0,2449.99,2.0,1,0,0,0,0,0
49,M,10466,Divorcé(e),Consulting,Manager,3,29,8,7,2,3,7,4,Infra & Cloud,Occasionnel,0,7,3,3,3,2,2,3,3,Non,14.000000000000002,1285,0.276,0.875,0.0,348.87,3488.66,2.5,2,0,0,0,0,0
34,M,17007,Divorcé(e),Consulting,Directeur Technique,7,16,14,8,2,3,15,3,Transformation Digitale,Frequent,6,9,2,3,4,1,4,2,3,Non,14.000000000000002,2089,0.875,0.571,0.429,1000.41,4251.74,2.25,1,0,0,0,1,1
28,M,2909,Marié(e),Commercial,Représentant Commercial,3,5,3,2,1,3,1,3,Entrepreunariat,Frequent,1,2,1,3,1,3,4,4,3,Non,15.0,379,0.6,0.667,0.333,484.83,2908.97,3.0,1,0,0,0,0,0
29,F,5765,Célibataire,Commercial,Cadre Commercial,5,7,5,3,0,4,13,3,Entrepreunariat,Frequent,0,0,1,3,2,2,1,1,3,Non,11.0,571,0.714,0.6,0.0,720.62,2882.49,1.25,1,0,0,0,0,1
34,F,4599,Célibataire,Commercial,Cadre Commercial,0,16,15,9,0,2,24,4,Transformation Digitale,Occasionnel,10,10,1,2,2,2,3,4,4,Oui,23.0,860,0.937,0.6,0.667,270.53,2299.49,2.5,1,2,1,0,1,0
35,M,2404,Marié(e),Commercial,Représentant Commercial,1,1,1,0,1,3,7,1,Infra & Cloud,Occasionnel,0,0,4,3,1,3,1,3,3,Non,13.0,277,1.0,0.0,0.0,1202.0,2403.98,2.75,1,0,0,0,0,0
24,M,3172,Célibataire,Consulting,Consultant,2,4,0,0,0,2,9,3,Transformation Digitale,Frequent,0,0,2,3,1,1,3,2,3,Oui,11.0,314,0.0,0.0,0.0,634.4,3171.97,2.0,1,0,1,1,0,0
24,F,2033,Marié(e),Commercial,Représentant Commercial,1,1,1,0,1,2,13,2,Infra & Cloud,Aucun,0,0,4,3,1,2,3,3,3,Non,13.0,234,1.0,0.0,0.0,1016.5,2032.98,3.0,2,0,0,1,0,0
44,M,10209,Célibataire,Consulting,Tech Lead,5,16,2,2,0,2,2,1,Transformation Digitale,Frequent,2,2,2,3,3,3,2,2,3,Oui,18.0,1557,0.125,1.0,1.0,600.53,3402.99,2.25,2,0,0,0,0,1
29,M,8620,Divorcé(e),Commercial,Cadre Commercial,1,10,10,7,2,3,19,3,Infra & Cloud,Occasionnel,0,4,3,2,2,3,3,3,3,Non,14.000000000000002,1059,1.0,0.7,0.0,783.64,4309.98,3.0,3,1,0,0,1,0
30,M,2064,Divorcé(e),Ressources Humaines,Ressources Humaines,0,6,5,3,1,3,1,3,Infra & Cloud,Occasionnel,1,3,3,3,1,3,1,4,4,Non,21.0,358,0.833,0.6,0.2,294.86,2063.98,2.75,1,1,0,0,0,0
55,M,4035,Marié(e),Consulting,Manager,0,4,3,2,0,2,4,4,Infra & Cloud,Occasionnel,1,2,4,3,2,3,2,3,3,Oui,16.0,557,0.75,0.667,0.333,807.0,2017.49,3.0,2,0,1,0,0,0
33,F,3838,Marié(e),Consulting,Consultant,8,8,5,4,0,5,4,4,Transformation Digitale,Occasionnel,0,2,1,2,1,2,4,3,3,Non,11.0,380,0.625,0.8,0.0,426.44,3837.96,2.5,1,1,0,0,0,1
47,F,4591,Marié(e),Commercial,Cadre Commercial,3,11,5,4,1,4,14,3,Transformation Digitale,Occasionnel,1,2,3,3,2,3,3,2,3,Oui,17.0,667,0.455,0.8,0.2,382.58,2295.49,2.75,2,0,1,0,0,0
28,M,2561,Célibataire,Consulting,Consultant,7,8,0,0,0,2,2,2,Transformation Digitale,Frequent,0,0,3,2,1,1,3,2,3,Non,11.0,254,0.0,0.0,0.0,284.56,2560.97,2.25,1,1,0,1,0,1
28,M,1563,Divorcé(e),Consulting,Assistant de Direction,1,1,1,0,1,2,1,3,Infra & Cloud,Occasionnel,0,0,1,2,1,3,4,1,3,Non,14.000000000000002,192,1.0,0.0,0.0,781.5,1562.98,2.25,1,1,0,1,0,0
28,M,4898,Célibataire,Commercial,Cadre Commercial,0,5,4,2,0,5,7,3,Infra & Cloud,Frequent,1,3,3,3,2,1,4,3,3,Non,14.000000000000002,602,0.8,0.5,0.25,816.33,2448.99,2.75,1,0,0,0,0,0
49,F,4789,Marié(e),Consulting,Consultant,4,10,3,2,1,3,3,2,Transformation Digitale,Occasionnel,1,2,3,2,2,1,1,3,4,Non,25.0,958,0.3,0.667,0.333,435.36,2394.49,2.0,1,2,0,0,0,0
29,F,3180,Marié(e),Consulting,Consultant,0,4,3,2,3,3,2,1,Infra & Cloud,Frequent,0,2,4,3,1,2,3,3,3,Non,13.0,366,0.75,0.667,0.0,636.0,3179.97,3.0,2,0,0,0,0,0
28,M,6549,Marié(e),Consulting,Tech Lead,1,8,8,6,2,2,29,1,Infra & Cloud,Occasionnel,1,7,3,1,2,2,2,2,3,Non,14.000000000000002,804,1.0,0.75,0.125,727.67,3274.48,2.25,2,2,0,0,1,0
33,M,6388,Célibataire,Consulting,Manager,2,14,0,0,0,6,8,5,Infra & Cloud,Occasionnel,0,0,4,3,2,3,1,3,3,Oui,17.0,928,0.0,0.0,0.0,425.87,3193.98,2.75,1,0,0,0,0,0
32,M,11244,Célibataire,Consulting,Senior Manager,2,10,5,2,0,5,10,3,Transformation Digitale,Occasionnel,0,0,3,3,3,4,2,4,4,Non,25.0,2249,0.5,0.4,0.0,1022.18,3747.99,3.25,2,1,0,0,0,0
54,F,16032,Divorcé(e),Consulting,Senior Manager,3,26,14,9,1,2,11,4,Transformation Digitale,Frequent,1,12,2,3,4,4,1,3,4,Non,20.0,2672,0.538,0.643,0.071,593.78,4007.99,2.5,1,1,0,0,0,0
29,M,2362,Célibataire,Consulting,Assistant de Direction,6,11,9,7,0,2,1,4,Entrepreunariat,Occasionnel,0,7,1,2,1,1,3,1,3,Non,13.0,272,0.818,0.778,0.0,196.83,2361.98,1.5,1,1,0,0,0,1
44,M,16328,Marié(e),Consulting,Directeur Technique,3,24,20,6,1,1,28,3,Infra & Cloud,Occasionnel,14,17,4,3,4,1,3,4,3,Non,13.0,1878,0.833,0.3,0.7,653.12,4081.99,3.0,1,0,0,0,1,0
39,F,8376,Célibataire,Consulting,Tech Lead,4,9,2,0,0,3,6,3,Infra & Cloud,Occasionnel,2,2,2,3,3,2,4,3,3,Non,18.0,1278,0.222,0.0,1.0,837.6,2791.99,2.75,2,0,0,0,0,0
46,F,16606,Marié(e),Commercial,Senior Manager,8,23,13,12,1,2,3,3,Infra & Cloud,Occasionnel,5,1,3,3,4,2,4,4,3,Non,12.0,1779,0.565,0.923,0.385,691.92,4151.49,3.25,2,0,0,0,0,1
35,F,8606,Célibataire,Consulting,Manager,1,11,11,8,0,3,16,3,Infra & Cloud,Occasionnel,3,3,4,2,3,2,4,1,3,Non,19.0,1374,1.0,0.727,0.273,717.17,2868.66,2.75,1,1,0,0,1,0
23,M,2272,Célibataire,Consulting,Consultant,0,5,4,3,0,2,20,1,Infra & Cloud,Occasionnel,1,2,1,3,2,3,2,3,3,Non,14.000000000000002,279,0.8,0.75,0.25,378.67,1135.99,2.25,1,0,0,0,1,0
40,M,2018,Célibataire,Consulting,Consultant,3,15,5,4,0,3,9,4,Infra & Cloud,Occasionnel,1,0,4,3,1,1,2,1,3,Non,14.000000000000002,248,0.333,0.8,0.2,126.12,2017.98,2.0,1,0,0,0,0,0
34,M,7083,Marié(e),Commercial,Cadre Commercial,1,10,10,9,0,3,1,3,Entrepreunariat,Occasionnel,8,6,4,2,3,3,4,3,3,Oui,14.000000000000002,870,1.0,0.9,0.8,643.91,2360.99,3.5,3,1,0,0,0,0
31,F,4084,Célibataire,Consulting,Assistant de Direction,1,7,7,2,0,2,3,3,Infra & Cloud,Frequent,7,7,4,3,1,3,1,1,3,Non,12.0,438,1.0,0.286,1.0,510.5,4083.96,2.25,1,0,0,0,0,0
50,M,14411,Célibataire,Consulting,Directeur Technique,1,32,32,6,0,2,22,5,Transformation Digitale,Frequent,13,9,3,1,4,4,4,3,3,Oui,13.0,1658,1.0,0.187,0.406,436.7,3602.74,3.5,3,2,0,0,1,0
34,M,2308,Marié(e),Commercial,Représentant Commercial,0,12,11,10,1,4,7,2,Entrepreunariat,Occasionnel,5,7,2,3,1,3,2,3,4,Oui,25.0,462,0.917,0.909,0.455,177.54,2307.98,2.5,2,1,1,0,0,0
42,M,4841,Marié(e),Consulting,Consultant,4,4,1,0,1,3,2,3,Transformation Digitale,Occasionnel,0,0,3,2,1,2,2,3,3,Non,14.000000000000002,595,0.25,0.0,0.0,968.2,4840.95,2.5,2,1,0,0,0,0
37,M,4285,Marié(e),Consulting,Assistant de Direction,1,10,10,8,0,2,13,3,Transformation Digitale,Occasionnel,3,7,1,3,2,4,1,3,3,Non,17.0,623,1.0,0.8,0.3,389.55,2142.49,2.25,1,0,0,0,0,0
29,F,9715,Marié(e),Consulting,Manager,3,9,7,7,1,3,8,1,Autre,Occasionnel,0,7,3,1,2,1,3,3,3,Non,13.0,1118,0.778,1.0,0.0,971.5,4857.48,2.5,1,2,0,0,0,0
33,M,4320,Célibataire,Consulting,Tech Lead,1,5,5,3,0,2,25,3,Infra & Cloud,Occasionnel,0,2,4,2,2,2,4,3,3,Non,13.0,497,1.0,0.6,0.0,720.0,2159.99,3.25,2,1,0,0,1,0
45,M,2132,Marié(e),Consulting,Assistant de Direction,4,8,5,4,1,3,28,3,Entrepreunariat,Occasionnel,0,3,4,3,1,4,4,3,4,Non,20.0,355,0.625,0.8,0.0,236.89,2131.98,3.75,3,1,0,0,1,0
42,M,10124,Marié(e),Consulting,Manager,2,24,20,8,1,3,2,3,Infra & Cloud,Frequent,13,9,4,3,3,4,3,1,3,Oui,14.000000000000002,1243,0.833,0.4,0.65,404.96,3374.66,3.0,1,0,0,0,0,0
40,M,5473,Marié(e),Commercial,Cadre Commercial,0,9,8,4,0,5,9,2,Transformation Digitale,Occasionnel,7,1,1,3,2,1,4,4,3,Non,12.0,586,0.889,0.5,0.875,547.3,2736.49,2.5,1,0,0,0,0,0
33,M,5207,Marié(e),Consulting,Consultant,1,15,15,14,1,3,28,4,Infra & Cloud,Occasionnel,5,7,2,3,2,3,2,3,3,Oui,12.0,558,1.0,0.933,0.333,325.44,2603.49,2.5,2,0,0,0,1,0
40,M,16437,Célibataire,Ressources Humaines,Senior Manager,1,21,21,7,0,2,6,2,Transformation Digitale,Occasionnel,7,7,3,3,4,4,4,3,4,Oui,21.0,2853,1.0,0.333,0.333,747.14,4109.24,3.5,3,1,0,0,0,0
24,M,2296,Divorcé(e),Consulting,Consultant,0,2,1,1,3,3,21,2,Entrepreunariat,Occasionnel,0,0,3,2,1,1,2,3,3,Non,14.000000000000002,282,0.5,1.0,0.0,765.33,2295.98,2.25,1,1,0,1,1,0
40,M,4069,Divorcé(e),Consulting,Manager,3,8,2,2,0,2,8,2,Infra & Cloud,Aucun,2,2,4,3,2,4,3,3,3,Oui,18.0,621,0.25,1.0,1.0,452.11,2034.49,3.5,3,0,1,0,0,0
45,M,7441,Divorcé(e),Consulting,Manager,1,10,10,8,3,4,1,4,Entrepreunariat,Occasionnel,7,7,1,3,3,2,1,3,3,Non,12.0,797,1.0,0.8,0.7,676.45,2480.33,1.75,1,0,0,0,0,0
35,F,2430,Marié(e),Commercial,Représentant Commercial,0,6,5,3,2,5,28,4,Infra & Cloud,Occasionnel,4,2,2,2,1,3,1,3,4,Non,23.0,454,0.833,0.6,0.8,347.14,2429.98,2.25,1,2,0,0,1,0
32,F,5878,Marié(e),Consulting,Assistant de Direction,3,12,7,1,1,2,5,2,Infra & Cloud,Occasionnel,2,5,4,2,2,2,1,3,3,Non,12.0,630,0.583,0.143,0.286,452.15,2938.99,2.5,1,1,0,0,0,0
36,M,2644,Célibataire,Commercial,Représentant Commercial,3,7,3,2,0,3,2,4,Infra & Cloud,Occasionnel,1,2,3,3,1,4,4,2,4,Oui,21.0,459,0.429,0.667,0.333,330.5,2643.97,3.25,2,1,1,0,0,0
48,F,6439,Divorcé(e),Commercial,Cadre Commercial,8,18,8,7,1,2,16,4,Infra & Cloud,Occasionnel,7,7,3,3,2,3,3,3,3,Non,14.000000000000002,791,0.444,0.875,0.875,338.89,3219.48,3.0,3,0,0,0,1,1
29,M,2451,Marié(e),Consulting,Assistant de Direction,6,5,1,0,2,2,9,3,Infra & Cloud,Occasionnel,0,0,3,4,1,3,1,2,3,Non,18.0,374,0.2,0.0,0.0,408.5,2450.98,2.25,1,-1,0,1,0,1
33,M,6392,Marié(e),Commercial,Cadre Commercial,2,8,2,2,1,6,8,4,Infra & Cloud,Occasionnel,2,2,1,3,2,1,4,1,3,Non,13.0,735,0.25,1.0,1.0,710.22,3195.98,1.75,1,0,0,0,0,0
30,M,9714,Marié(e),Commercial,Cadre Commercial,1,10,10,8,1,4,1,3,Infra & Cloud,Occasionnel,6,7,2,2,2,1,4,3,3,Non,11.0,963,1.0,0.8,0.6,883.09,4856.98,2.5,1,1,0,0,0,0
38,M,6077,Marié(e),Ressources Humaines,Ressources Humaines,3,10,6,3,0,2,10,4,Ressources Humaines,Frequent,1,2,3,3,2,3,3,3,3,Non,11.0,602,0.6,0.5,0.167,552.45,3038.48,3.0,3,0,0,0,0,0
35,M,2450,Célibataire,Consulting,Consultant,1,3,3,0,0,3,1,3,Transformation Digitale,Occasionnel,1,2,4,2,1,1,2,3,3,Non,19.0,391,1.0,0.0,0.333,612.5,2449.98,2.5,1,1,0,0,0,0
30,M,9250,Marié(e),Commercial,Cadre Commercial,3,9,4,2,1,3,29,4,Entrepreunariat,Occasionnel,1,3,3,3,3,2,2,3,3,Non,12.0,991,0.444,0.5,0.25,925.0,3083.32,2.5,2,0,0,0,1,0
35,F,2074,Divorcé(e),Consulting,Consultant,1,1,1,0,1,2,2,3,Infra & Cloud,Occasionnel,0,0,1,3,1,1,4,3,3,Oui,12.0,222,1.0,0.0,0.0,1037.0,2073.98,2.25,1,0,1,0,0,0
53,F,10169,Marié(e),Consulting,Tech Lead,0,34,33,7,1,4,2,5,Entrepreunariat,Occasionnel,1,9,3,2,3,4,2,3,3,Non,16.0,1403,0.971,0.212,0.03,290.54,3389.66,3.0,2,1,0,0,0,0
38,M,4855,Marié(e),Consulting,Tech Lead,4,7,5,2,2,2,2,3,Transformation Digitale,Occasionnel,1,4,3,3,2,2,1,3,3,Non,11.0,481,0.714,0.4,0.2,606.88,2427.49,2.25,1,0,0,0,0,0
32,M,4087,Marié(e),Consulting,Assistant de Direction,4,9,6,5,1,3,1,4,Entrepreunariat,Aucun,1,2,4,3,2,1,2,2,3,Non,14.000000000000002,502,0.667,0.833,0.167,408.7,2043.49,2.25,1,0,0,0,0,0
48,F,2367,Marié(e),Consulting,Assistant de Direction,8,10,8,2,1,3,15,4,Autre,Occasionnel,7,6,3,3,1,1,4,2,3,Non,12.0,254,0.8,0.25,0.875,215.18,2366.98,2.5,1,0,0,0,1,1
34,M,2972,Célibataire,Consulting,Assistant de Direction,1,1,1,0,0,4,7,4,Transformation Digitale,Occasionnel,0,0,1,3,1,4,3,1,3,Non,13.0,342,1.0,0.0,0.0,1486.0,2971.97,2.25,1,0,0,0,0,0
55,M,19586,Marié(e),Commercial,Senior Manager,1,36,36,6,1,3,26,5,Marketing,Occasionnel,2,13,3,2,5,4,3,3,4,Non,21.0,3399,1.0,0.167,0.056,529.35,3917.19,3.25,3,2,0,0,1,0
34,M,5484,Marié(e),Consulting,Assistant de Direction,9,9,2,2,1,3,1,4,Infra & Cloud,Occasionnel,2,1,2,3,2,4,2,2,3,Non,17.0,797,0.222,1.0,1.0,548.4,2741.99,2.5,2,0,0,0,0,1
26,F,2061,Marié(e),Consulting,Assistant de Direction,1,1,1,0,0,5,3,3,Infra & Cloud,Occasionnel,0,0,1,3,1,4,1,3,4,Non,21.0,358,1.0,0.0,0.0,1030.5,2060.98,2.25,1,1,0,1,0,0
38,M,9924,Marié(e),Commercial,Cadre Commercial,0,10,9,8,1,3,14,3,Infra & Cloud,Occasionnel,7,7,3,3,2,2,4,3,3,Non,11.0,983,0.9,0.889,0.778,902.18,4961.98,3.0,2,0,0,0,0,0
38,F,4198,Célibataire,Commercial,Cadre Commercial,2,8,3,2,0,5,16,3,Infra & Cloud,Occasionnel,1,2,2,3,2,2,2,4,3,Non,12.0,450,0.375,0.667,0.333,466.44,2098.99,2.5,2,0,0,0,1,0
36,F,6815,Célibataire,Commercial,Cadre Commercial,6,15,1,0,0,5,1,4,Infra & Cloud,Occasionnel,0,0,2,3,2,3,1,3,3,Non,13.0,784,0.067,0.0,0.0,425.94,3407.48,2.25,1,0,0,0,0,1
29,M,4723,Célibataire,Consulting,Consultant,1,10,10,9,0,3,3,1,Transformation Digitale,Occasionnel,1,5,2,3,1,1,4,3,3,Oui,18.0,720,1.0,0.9,0.1,429.36,4722.95,2.5,1,0,1,0,0,0
35,F,6142,Célibataire,Consulting,Manager,3,10,5,2,0,4,10,4,Transformation Digitale,Occasionnel,0,4,1,3,2,3,3,3,3,Oui,16.0,847,0.5,0.4,0.0,558.36,3070.98,2.5,1,0,0,0,0,0
39,M,8237,Marié(e),Commercial,Cadre Commercial,2,11,7,6,1,3,6,3,Transformation Digitale,Occasionnel,7,6,4,4,3,3,1,3,3,Non,11.0,816,0.636,0.857,1.0,686.42,2745.66,2.75,1,-1,0,0,0,0
29,M,8853,Divorcé(e),Consulting,Manager,1,6,6,4,1,0,2,1,Infra & Cloud,Frequent,1,3,1,3,2,4,4,4,3,Non,19.0,1414,1.0,0.667,0.167,1264.71,4426.48,3.25,1,0,0,0,0,0
50,M,19331,Marié(e),Commercial,Senior Manager,4,27,1,0,1,2,9,3,Marketing,Occasionnel,0,0,3,3,5,3,3,3,3,Oui,16.0,2666,0.037,0.0,0.0,690.39,3866.19,3.0,3,0,0,0,0,0
23,M,2073,Marié(e),Consulting,Assistant de Direction,2,4,2,2,1,2,10,3,Entrepreunariat,Occasionnel,2,2,4,4,1,3,4,3,3,Non,16.0,286,0.5,1.0,1.0,414.6,2072.98,3.5,3,-1,0,1,0,0
36,M,5562,Marié(e),Consulting,Consultant,3,9,3,2,1,3,6,4,Infra & Cloud,Frequent,0,2,1,4,2,1,4,3,3,Oui,13.0,640,0.333,0.667,0.0,556.2,2780.99,2.25,1,-1,0,0,0,0
42,M,19613,Célibataire,Consulting,Senior Manager,8,24,1,0,0,2,9,2,Autre,Occasionnel,0,1,4,2,5,4,4,3,4,Non,22.0,3537,0.042,0.0,0.0,784.52,3922.59,3.75,3,2,0,0,0,1
35,M,3407,Marié(e),Consulting,Consultant,1,10,10,9,2,3,28,3,Infra & Cloud,Occasionnel,6,8,2,4,2,3,4,2,3,Non,17.0,495,1.0,0.9,0.6,309.73,1703.49,2.75,2,-1,0,0,1,0
34,M,5063,Marié(e),Consulting,Manager,1,8,8,2,1,3,10,4,Entrepreunariat,Frequent,7,7,4,2,2,3,2,2,3,Non,14.000000000000002,622,1.0,0.25,0.875,562.56,2531.49,2.75,2,1,0,0,0,0
40,F,4639,Marié(e),Commercial,Cadre Commercial,1,5,5,4,1,2,14,2,Infra & Cloud,Occasionnel,1,2,4,3,2,1,3,3,3,Non,15.0,605,1.0,0.8,0.2,773.17,2319.49,2.75,1,0,0,0,0,0
43,M,4876,Divorcé(e),Consulting,Consultant,5,8,6,4,1,0,27,3,Entrepreunariat,Occasionnel,0,2,4,4,1,2,3,3,3,Non,12.0,522,0.75,0.667,0.0,541.78,4875.95,3.0,2,-1,0,0,1,1
35,M,2690,Marié(e),Consulting,Consultant,1,1,1,0,1,5,7,2,Infra & Cloud,Occasionnel,0,1,3,2,1,4,4,2,3,Non,18.0,410,1.0,0.0,0.0,1345.0,2689.97,3.25,2,1,0,0,0,0
46,M,17567,Célibataire,Commercial,Senior Manager,1,27,26,0,0,5,1,4,Infra & Cloud,Occasionnel,0,12,4,4,4,1,2,1,3,Non,15.0,2291,0.963,0.0,0.0,627.39,4391.74,2.0,1,-1,0,0,0,0
28,M,2408,Marié(e),Consulting,Consultant,1,1,1,1,3,3,24,3,Transformation Digitale,Occasionnel,0,0,3,3,1,2,3,3,3,Oui,17.0,350,1.0,1.0,0.0,1204.0,2407.98,2.75,2,0,1,1,1,0
22,F,2814,Marié(e),Consulting,Assistant de Direction,1,4,4,2,0,2,26,2,Autre,Aucun,1,3,2,2,1,3,2,2,3,Oui,14.000000000000002,346,1.0,0.5,0.25,562.8,2813.97,2.25,2,1,1,0,1,0
50,M,11245,Marié(e),Consulting,Manager,2,32,30,8,1,3,20,5,Transformation Digitale,Frequent,12,13,2,3,4,3,3,3,3,Oui,15.0,1467,0.937,0.267,0.4,340.76,2811.24,2.75,2,0,0,0,1,0
32,F,3312,Marié(e),Consulting,Assistant de Direction,3,6,3,2,2,3,5,4,Autre,Occasionnel,0,2,2,4,1,4,4,3,3,Non,17.0,481,0.5,0.667,0.0,473.14,3311.97,3.25,2,-1,0,0,0,0
44,F,19049,Divorcé(e),Consulting,Directeur Technique,0,23,22,7,1,4,7,3,Transformation Digitale,Occasionnel,1,10,2,3,5,4,4,2,3,Oui,14.000000000000002,2339,0.957,0.318,0.045,793.71,3809.79,3.0,2,0,0,0,0,0
30,M,2141,Marié(e),Consulting,Assistant de Direction,1,6,6,4,1,3,7,3,Transformation Digitale,Occasionnel,1,1,2,2,1,2,2,2,3,Non,12.0,229,1.0,0.667,0.167,305.86,2140.98,2.0,2,1,0,0,0,0
45,F,5769,Célibataire,Consulting,Consultant,1,10,10,7,0,3,5,5,Transformation Digitale,Occasionnel,1,4,3,1,2,1,1,3,3,Oui,14.000000000000002,708,1.0,0.7,0.1,524.45,2884.49,2.0,1,2,0,0,0,0
45,M,4385,Marié(e),Commercial,Cadre Commercial,1,10,10,7,1,2,26,3,Marketing,Aucun,4,5,1,2,2,1,1,3,3,Non,15.0,572,1.0,0.7,0.4,398.64,2192.49,1.5,1,1,0,0,1,0
31,M,5332,Célibataire,Commercial,Cadre Commercial,7,10,5,2,0,3,2,4,Autre,Frequent,0,3,4,3,2,1,4,3,3,Non,13.0,613,0.5,0.4,0.0,484.73,2665.99,3.0,1,0,0,0,0,1
36,F,4663,Marié(e),Consulting,Tech Lead,9,7,3,2,2,2,12,4,Infra & Cloud,Occasionnel,1,1,3,3,2,3,2,3,3,Oui,12.0,500,0.429,0.667,0.333,582.88,2331.49,2.75,2,0,1,0,0,1
34,M,4724,Divorcé(e),Consulting,Tech Lead,1,9,9,7,1,3,10,4,Infra & Cloud,Frequent,7,2,3,4,2,4,1,3,3,Non,13.0,543,1.0,0.778,0.778,472.4,2361.99,2.75,1,-1,0,0,0,0
49,F,3211,Marié(e),Consulting,Consultant,1,10,9,6,1,3,25,4,Infra & Cloud,Occasionnel,1,4,3,3,1,1,4,2,3,Non,14.000000000000002,394,0.9,0.667,0.111,291.91,3210.97,2.5,1,0,0,0,1,0
39,M,5377,Marié(e),Consulting,Tech Lead,2,10,7,7,3,3,10,5,Transformation Digitale,Occasionnel,7,7,2,3,2,1,4,3,3,Non,13.0,619,0.7,1.0,1.0,488.82,2688.49,2.5,1,0,0,0,0,0
27,M,4066,Divorcé(e),Consulting,Consultant,1,7,7,7,2,3,19,3,Autre,Occasionnel,0,7,4,2,1,1,1,3,3,Non,11.0,403,1.0,1.0,0.0,508.25,4065.96,2.25,1,1,0,0,1,0
35,M,5208,Marié(e),Consulting,Assistant de Direction,1,16,16,15,0,2,18,5,Infra & Cloud,Occasionnel,1,10,2,4,2,1,4,3,3,Non,11.0,516,1.0,0.937,0.062,306.35,2603.99,2.5,1,-1,0,0,1,0
28,F,4877,Divorcé(e),Consulting,Tech Lead,0,6,5,3,1,5,27,3,Transformation Digitale,Occasionnel,0,0,2,1,2,1,2,2,4,Non,21.0,846,0.833,0.6,0.0,696.71,2438.49,1.75,1,3,0,0,1,0
21,M,3117,Célibataire,Consulting,Assistant de Direction,1,3,2,2,0,2,5,1,Transformation Digitale,Occasionnel,2,2,3,3,1,4,3,3,3,Non,18.0,475,0.667,1.0,1.0,779.25,3116.97,3.25,3,0,0,1,0,0
18,F,1569,Célibataire,Commercial,Représentant Commercial,1,0,0,0,0,2,3,2,Transformation Digitale,Frequent,0,0,2,3,1,4,3,4,3,Oui,12.0,168,0.0,0.0,0.0,1569.0,1568.98,3.25,2,0,1,1,0,0
47,F,19658,Marié(e),Ressources Humaines,Senior Manager,3,27,5,2,1,2,26,4,Infra & Cloud,Occasionnel,1,0,4,3,5,3,3,3,3,Non,11.0,1948,0.185,0.4,0.2,702.07,3931.59,3.25,3,0,0,0,1,0
39,M,3069,Divorcé(e),Consulting,Consultant,0,11,10,8,1,3,3,2,Transformation Digitale,Occasionnel,0,7,3,2,2,3,4,3,3,Non,15.0,400,0.909,0.8,0.0,255.75,1534.49,3.25,3,1,0,0,0,0
40,F,10435,Marié(e),Consulting,Tech Lead,1,18,18,15,2,2,15,3,Infra & Cloud,Occasionnel,14,12,1,2,3,3,4,3,3,Non,13.0,1200,1.0,0.833,0.778,549.21,3478.32,2.75,1,1,0,0,1,0
35,F,4148,Marié(e),Consulting,Manager,1,15,14,11,1,5,8,4,Infra & Cloud,Aucun,2,9,3,3,2,3,4,3,3,Non,12.0,444,0.933,0.786,0.143,259.25,2073.99,3.25,3,0,0,0,0,0
37,M,5768,Marié(e),Consulting,Tech Lead,3,9,4,3,3,2,19,3,Infra & Cloud,Occasionnel,0,2,3,3,2,3,1,2,3,Non,17.0,838,0.444,0.75,0.0,576.8,2883.99,2.25,1,0,0,0,1,0
39,F,5042,Célibataire,Consulting,Tech Lead,0,10,9,2,0,2,4,3,Transformation Digitale,Frequent,3,8,1,3,2,3,4,1,3,Non,13.0,580,0.9,0.222,0.333,458.36,2520.99,2.25,1,0,0,0,0,0
45,F,5770,Divorcé(e),Consulting,Tech Lead,1,10,10,7,2,3,2,2,Autre,Occasionnel,3,9,4,2,2,4,1,3,3,Non,19.0,921,1.0,0.7,0.3,524.55,2884.99,3.0,1,1,0,0,0,0
38,F,7756,Marié(e),Consulting,Tech Lead,3,10,5,4,1,6,2,2,Transformation Digitale,Occasionnel,0,2,4,2,3,3,4,4,3,Oui,19.0,1238,0.5,0.8,0.0,705.09,2585.32,3.75,3,1,0,0,0,0
35,M,10306,Marié(e),Commercial,Cadre Commercial,9,15,13,12,0,3,10,3,Transformation Digitale,Occasionnel,6,0,4,2,3,1,3,3,3,Non,17.0,1497,0.867,0.923,0.462,644.12,3435.32,2.75,1,1,0,0,0,1
37,F,3936,Marié(e),Consulting,Assistant de Direction,1,8,8,4,1,2,10,3,Transformation Digitale,Occasionnel,7,7,2,3,1,2,1,1,3,Non,11.0,390,1.0,0.5,0.875,437.33,3935.96,1.5,1,0,0,0,0,0
40,F,7945,Célibataire,Consulting,Tech Lead,6,18,4,2,0,2,16,3,Infra & Cloud,Occasionnel,3,3,3,3,3,4,4,2,3,Oui,15.0,1036,0.222,0.5,0.75,418.16,2648.32,3.25,2,0,0,0,1,1
44,M,5743,Marié(e),Ressources Humaines,Ressources Humaines,4,14,10,7,0,3,1,5,Ressources Humaines,Frequent,0,2,1,3,2,4,3,3,3,Oui,11.0,569,0.714,0.7,0.0,382.87,2871.49,2.75,1,0,0,0,0,0
48,M,15202,Marié(e),Consulting,Senior Manager,2,23,2,2,1,3,4,5,Transformation Digitale,Frequent,2,2,3,2,4,4,2,3,4,Non,25.0,3040,0.087,1.0,1.0,633.42,3800.49,3.0,2,2,0,0,0,0
35,M,5440,Divorcé(e),Commercial,Cadre Commercial,6,7,2,2,2,2,15,2,Transformation Digitale,Occasionnel,2,2,1,1,2,4,4,2,3,Oui,14.000000000000002,668,0.286,1.0,1.0,680.0,2719.99,2.75,1,2,0,0,1,1
24,F,3760,Célibataire,Consulting,Assistant de Direction,1,6,6,3,0,2,2,1,Entrepreunariat,Frequent,1,3,1,3,1,4,3,3,3,Oui,13.0,433,1.0,0.5,0.167,537.14,3759.96,2.75,1,0,1,0,0,0
27,F,3517,Marié(e),Consulting,Assistant de Direction,7,5,3,2,0,0,8,3,Transformation Digitale,Occasionnel,0,2,2,4,1,3,1,3,3,Non,17.0,511,0.6,0.667,0.0,586.17,3516.96,2.25,1,-1,0,0,0,1
27,M,2580,Célibataire,Consulting,Assistant de Direction,2,6,4,2,0,0,2,3,Transformation Digitale,Frequent,1,2,4,3,1,4,3,2,3,Non,13.0,297,0.667,0.5,0.25,368.57,2579.97,3.25,2,0,0,0,0,0
40,M,2166,Célibataire,Consulting,Consultant,3,10,4,2,0,3,7,3,Infra & Cloud,Occasionnel,0,3,1,3,1,1,2,1,3,Oui,14.000000000000002,266,0.4,0.5,0.0,196.91,2165.98,1.25,1,0,1,0,0,0
29,M,5869,Célibataire,Commercial,Cadre Commercial,9,8,5,2,0,2,10,3,Transformation Digitale,Occasionnel,1,4,3,2,2,3,3,3,3,Non,11.0,582,0.625,0.4,0.2,652.11,2934.49,3.0,3,1,0,0,0,1
36,F,8008,Marié(e),Consulting,Manager,4,9,3,2,2,6,5,4,Infra & Cloud,Occasionnel,0,2,2,3,3,1,3,3,3,Non,12.0,858,0.333,0.667,0.0,800.8,2669.32,2.25,1,0,0,0,0,0
25,M,5206,Divorcé(e),Consulting,Tech Lead,1,7,7,7,2,6,2,1,Infra & Cloud,Frequent,0,7,4,4,2,3,3,3,3,Non,17.0,756,1.0,1.0,0.0,650.75,2602.99,3.25,3,-1,0,0,0,0
39,M,5295,Marié(e),Consulting,Tech Lead,4,7,5,4,0,3,12,3,Transformation Digitale,Occasionnel,1,0,4,3,2,2,3,3,4,Non,21.0,919,0.714,0.8,0.2,661.88,2647.49,3.0,2,1,0,0,0,0
49,F,16413,Marié(e),Consulting,Directeur Technique,3,27,4,2,2,2,22,4,Autre,Occasionnel,1,2,1,3,4,2,2,3,3,Non,16.0,2264,0.148,0.5,0.25,586.18,4103.24,2.0,1,0,0,0,1,0
50,F,13269,Divorcé(e),Consulting,Directeur Technique,5,19,14,11,3,3,17,5,Infra & Cloud,Occasionnel,1,11,4,2,3,1,3,3,3,Non,15.0,1731,0.737,0.786,0.071,663.45,4422.99,2.75,1,1,0,0,1,1
20,F,2783,Célibataire,Commercial,Représentant Commercial,1,2,2,2,0,3,2,3,Transformation Digitale,Occasionnel,2,2,3,3,1,3,1,3,3,Non,19.0,444,1.0,1.0,1.0,927.67,2782.97,2.5,1,0,0,1,0,0
34,F,5433,Divorcé(e),Consulting,Assistant de Direction,1,11,11,8,1,2,3,3,Infra & Cloud,Occasionnel,7,9,4,3,2,2,3,3,3,Non,12.0,582,1.0,0.727,0.636,452.75,2716.49,3.0,2,0,0,0,0,0
36,M,2013,Célibataire,Consulting,Consultant,2,15,4,3,0,4,7,3,Infra & Cloud,Occasionnel,1,3,1,3,1,2,3,3,3,Non,11.0,199,0.267,0.75,0.25,125.81,2012.98,2.25,1,0,0,0,0,0
49,F,13966,Marié(e),Consulting,Manager,2,30,15,11,1,3,6,1,Infra & Cloud,Occasionnel,2,12,3,2,4,3,2,3,3,Oui,19.0,2230,0.5,0.733,0.133,450.52,3491.49,2.75,2,1,0,0,0,0
36,F,4374,Marié(e),Consulting,Tech Lead,0,4,3,2,0,6,1,4,Transformation Digitale,Aucun,1,2,4,2,2,3,3,3,3,Non,15.0,571,0.75,0.667,0.333,874.8,2186.99,3.25,3,1,0,0,0,0
36,M,6842,Divorcé(e),Consulting,Manager,6,13,5,4,1,3,3,2,Infra & Cloud,Occasionnel,0,4,4,4,2,1,1,3,4,Non,20.0,1140,0.385,0.8,0.0,488.71,3420.98,2.25,1,0,0,0,0,1
54,F,17426,Marié(e),Consulting,Senior Manager,3,36,10,8,1,6,22,5,Transformation Digitale,Occasionnel,4,7,2,3,4,3,3,3,4,Non,25.0,3485,0.278,0.8,0.4,470.97,4356.49,2.75,2,1,0,0,1,0
43,M,17603,Marié(e),Consulting,Directeur Technique,1,14,14,10,1,3,15,2,Infra & Cloud,Occasionnel,6,11,3,2,4,3,1,3,4,Non,24.0,3407,1.0,0.714,0.429,1173.53,4400.74,2.5,1,2,0,0,1,0
35,M,4581,Célibataire,Commercial,Cadre Commercial,3,13,11,9,0,2,12,4,Autre,Frequent,6,7,4,3,2,4,1,4,4,Oui,24.0,887,0.846,0.818,0.545,327.21,2290.49,3.25,1,1,1,0,0,0
38,M,4735,Marié(e),Consulting,Assistant de Direction,7,19,13,11,2,4,1,3,Infra & Cloud,Frequent,2,9,4,3,2,4,4,4,3,Non,15.0,618,0.684,0.846,0.154,236.75,2367.49,4.0,4,0,0,0,0,1
29,M,4187,Divorcé(e),Commercial,Cadre Commercial,1,10,10,0,1,3,5,3,Transformation Digitale,Occasionnel,0,9,1,2,2,2,2,2,3,Oui,13.0,482,1.0,0.0,0.0,380.64,2093.49,1.75,1,1,1,0,0,0
33,M,5505,Divorcé(e),Commercial,Cadre Commercial,1,6,6,2,2,5,2,4,Transformation Digitale,Occasionnel,0,4,4,3,2,4,3,3,3,Non,14.000000000000002,676,1.0,0.333,0.0,786.43,2752.49,3.5,3,0,0,0,0,0
32,M,5470,Divorcé(e),Consulting,Assistant de Direction,0,10,9,5,2,4,2,3,Transformation Digitale,Occasionnel,1,6,4,3,2,2,3,2,3,Non,13.0,629,0.9,0.556,0.111,497.27,2734.99,2.75,2,0,0,0,0,0
31,F,5476,Marié(e),Commercial,Cadre Commercial,1,10,10,0,2,2,5,4,Infra & Cloud,Occasionnel,0,2,1,3,2,4,1,3,3,Non,11.0,543,1.0,0.0,0.0,497.82,2737.99,2.25,1,0,0,0,0,0
49,F,2587,Divorcé(e),Consulting,Consultant,4,17,2,2,1,2,16,3,Transformation Digitale,Occasionnel,2,2,4,3,1,1,2,2,3,Oui,16.0,357,0.118,1.0,1.0,143.72,2586.97,2.25,1,0,1,0,1,0
38,F,2440,Célibataire,Consulting,Consultant,1,4,4,3,0,3,2,3,Transformation Digitale,Frequent,3,3,4,2,1,2,2,3,4,Non,22.0,440,1.0,0.75,0.75,488.0,2439.98,2.75,2,2,0,0,0,0
47,F,15972,Divorcé(e),Commercial,Senior Manager,6,29,3,2,3,2,2,4,Infra & Cloud,Occasionnel,1,2,2,4,4,2,3,3,3,Non,14.000000000000002,1961,0.103,0.667,0.333,532.4,3992.99,2.5,2,-1,0,0,0,1
49,M,15379,Célibataire,Consulting,Senior Manager,4,23,8,7,0,2,1,3,Infra & Cloud,Occasionnel,0,0,3,3,4,3,1,3,3,Non,14.000000000000002,1889,0.348,0.875,0.0,640.79,3844.74,2.5,1,0,0,0,0,0
41,M,7082,Célibataire,Commercial,Cadre Commercial,3,21,2,0,0,2,23,2,Infra & Cloud,Occasionnel,0,2,4,3,3,3,4,3,3,Oui,16.0,977,0.095,0.0,0.0,321.91,2360.66,3.5,3,0,0,0,1,0
20,M,2728,Célibataire,Commercial,Représentant Commercial,1,2,2,2,0,3,9,1,Infra & Cloud,Occasionnel,0,2,4,3,1,1,1,3,3,Non,11.0,270,1.0,1.0,0.0,909.33,2727.97,2.25,1,0,0,1,0,0
33,F,5368,Divorcé(e),Commercial,Cadre Commercial,1,7,6,5,1,2,16,3,Infra & Cloud,Aucun,1,2,3,3,2,4,3,3,4,Oui,25.0,1074,0.857,0.833,0.167,671.0,2683.99,3.25,3,1,0,0,1,0
36,M,5347,Marié(e),Consulting,Manager,6,10,3,2,2,2,26,4,Infra & Cloud,Occasionnel,0,2,1,3,2,3,2,2,3,Non,14.000000000000002,657,0.3,0.667,0.0,486.09,2673.49,2.0,1,0,0,0,1,1
44,F,3195,Divorcé(e),Ressources Humaines,Ressources Humaines,4,8,2,2,3,2,1,3,Infra & Cloud,Occasionnel,2,2,3,3,1,4,1,3,3,Oui,18.0,487,0.25,1.0,1.0,355.0,3194.97,2.75,1,0,1,0,0,0
23,M,3989,Célibataire,Consulting,Consultant,1,5,5,4,0,2,8,1,Transformation Digitale,Occasionnel,1,2,4,2,1,3,1,3,3,Oui,11.0,395,1.0,0.8,0.2,664.83,3988.96,2.75,1,1,1,0,0,0
38,F,3306,Marié(e),Consulting,Consultant,7,7,0,0,1,5,4,2,Transformation Digitale,Occasionnel,0,0,4,3,1,3,4,2,3,Non,19.0,528,0.0,0.0,0.0,413.25,3305.97,3.25,2,0,0,0,0,1
53,M,7005,Marié(e),Consulting,Manager,3,11,4,3,0,2,24,4,Transformation Digitale,Occasionnel,1,2,2,4,3,4,3,3,3,Non,15.0,914,0.364,0.75,0.25,583.75,2334.99,3.0,2,-1,0,0,1,0
48,F,2655,Marié(e),Commercial,Représentant Commercial,2,19,9,7,2,3,7,2,Transformation Digitale,Frequent,7,7,4,3,1,3,3,3,3,Oui,11.0,263,0.474,0.778,0.778,132.75,2654.97,3.25,3,0,1,0,0,0
32,M,1393,Célibataire,Consulting,Consultant,1,1,1,0,0,2,2,4,Infra & Cloud,Occasionnel,0,0,4,3,1,2,1,3,3,Non,12.0,149,1.0,0.0,0.0,696.5,1392.99,2.5,1,0,0,0,0,0
26,M,2570,Célibataire,Consulting,Consultant,1,7,7,7,0,5,7,3,Transformation Digitale,Aucun,5,7,4,3,1,4,3,3,4,Non,20.0,428,1.0,1.0,0.714,321.25,2569.97,3.5,3,1,0,0,0,0
55,M,3537,Divorcé(e),Consulting,Assistant de Direction,5,8,4,2,1,1,22,3,Entrepreunariat,Occasionnel,1,2,1,2,1,2,4,3,3,Non,12.0,379,0.5,0.5,0.25,393.0,3536.96,2.5,1,1,0,0,1,1
34,M,3986,Marié(e),Consulting,Consultant,1,15,15,10,1,3,5,2,Transformation Digitale,Occasionnel,4,13,2,2,2,4,3,4,3,Non,14.000000000000002,490,1.0,0.667,0.267,249.12,1992.99,3.25,2,1,0,0,0,0
60,M,10883,Divorcé(e),Consulting,Manager,3,19,1,0,1,2,1,4,Transformation Digitale,Occasionnel,0,0,3,1,3,4,3,4,4,Non,20.0,1814,0.053,0.0,0.0,544.15,3627.65,3.5,3,3,0,0,0,0
33,M,2028,Marié(e),Consulting,Consultant,1,14,14,11,3,6,21,3,Transformation Digitale,Occasionnel,2,13,2,4,1,2,4,3,3,Non,18.0,309,1.0,0.786,0.143,135.2,2027.98,2.75,2,-1,0,0,1,0
37,M,9525,Divorcé(e),Commercial,Cadre Commercial,1,6,6,3,2,2,1,4,Transformation Digitale,Frequent,1,3,3,1,2,4,3,2,3,Non,14.000000000000002,1170,1.0,0.5,0.167,1360.71,4762.48,3.0,2,2,0,0,0,0
34,F,2929,Marié(e),Consulting,Assistant de Direction,1,10,10,9,0,3,19,3,Infra & Cloud,Occasionnel,8,7,2,2,1,4,2,3,3,Non,12.0,314,1.0,0.9,0.8,266.27,2928.97,2.75,2,1,0,0,1,0
23,M,2275,Divorcé(e),Commercial,Représentant Commercial,1,3,3,2,1,2,7,3,Infra & Cloud,Occasionnel,0,2,3,3,1,4,2,3,4,Oui,21.0,395,1.0,0.667,0.0,568.75,2274.98,3.0,2,1,1,0,0,0
44,F,7879,Marié(e),Consulting,Manager,1,9,8,7,1,2,2,3,Infra & Cloud,Occasionnel,6,7,3,4,3,4,2,3,3,Oui,19.0,1258,0.889,0.875,0.75,787.9,2626.32,3.0,2,-1,0,0,0,0
35,M,4930,Célibataire,Consulting,Assistant de Direction,0,6,5,4,0,2,2,4,Transformation Digitale,Frequent,1,4,1,2,1,4,3,4,3,Oui,14.000000000000002,605,0.833,0.8,0.2,704.29,4929.95,3.0,1,1,0,0,0,0
43,M,7847,Marié(e),Commercial,Cadre Commercial,1,10,10,9,1,3,2,3,Transformation Digitale,Occasionnel,8,8,4,3,2,4,1,3,3,Oui,17.0,1140,1.0,0.9,0.8,713.36,3923.48,3.0,1,0,0,0,0,0
24,M,4401,Marié(e),Consulting,Assistant de Direction,1,5,5,3,1,1,9,3,Transformation Digitale,Occasionnel,0,4,3,4,1,3,4,3,3,Non,16.0,607,1.0,0.6,0.0,733.5,4400.96,3.25,3,-1,0,0,0,0
41,M,9241,Célibataire,Commercial,Cadre Commercial,1,10,10,8,0,3,6,3,Marketing,Occasionnel,8,7,4,3,3,3,2,3,3,Non,12.0,990,1.0,0.8,0.8,840.09,3080.32,3.0,2,0,0,0,0,0
29,F,2974,Marié(e),Consulting,Consultant,9,9,5,3,1,2,9,4,Transformation Digitale,Occasionnel,1,2,4,3,1,3,3,3,3,Non,17.0,432,0.556,0.6,0.2,297.4,2973.97,3.25,3,0,0,0,0,1
36,F,4502,Célibataire,Commercial,Représentant Commercial,3,17,13,7,0,2,2,4,Infra & Cloud,Occasionnel,6,7,3,3,2,4,3,2,3,Non,15.0,587,0.765,0.538,0.462,250.11,2250.99,3.0,2,0,0,0,0,0
45,M,10748,Marié(e),Consulting,Manager,3,25,23,15,1,3,1,1,Infra & Cloud,Aucun,14,4,3,2,3,3,4,2,4,Non,23.0,2010,0.92,0.652,0.609,413.38,3582.65,3.0,2,2,0,0,0,0
24,M,1555,Marié(e),Ressources Humaines,Ressources Humaines,1,1,1,0,1,2,22,1,Ressources Humaines,Occasionnel,0,0,4,1,1,3,3,3,3,Non,11.0,154,1.0,0.0,0.0,777.5,1554.98,3.25,3,2,0,1,1,0
47,M,12936,Marié(e),Commercial,Cadre Commercial,7,25,23,5,0,3,9,3,Infra & Cloud,Frequent,14,10,3,1,4,3,3,1,3,Non,11.0,1282,0.92,0.217,0.609,497.54,3233.99,2.5,1,2,0,0,0,1
26,M,2305,Marié(e),Consulting,Consultant,1,3,3,2,3,3,17,4,Transformation Digitale,Occasionnel,0,2,4,1,1,3,3,4,3,Non,15.0,301,1.0,0.667,0.0,576.25,2304.98,3.5,3,2,0,0,1,0
45,F,16704,Célibataire,Consulting,Directeur Technique,1,21,21,6,0,2,28,2,Entrepreunariat,Occasionnel,8,6,4,2,4,2,3,3,3,Non,11.0,1655,1.0,0.286,0.381,759.27,4175.99,3.0,2,1,0,0,1,0
32,M,3433,Marié(e),Consulting,Assistant de Direction,6,10,5,2,1,3,10,3,Infra & Cloud,Frequent,1,3,1,3,1,3,1,2,3,Non,13.0,395,0.5,0.4,0.2,312.09,3432.97,1.75,1,0,0,0,0,1
31,M,3477,Marié(e),Consulting,Consultant,1,6,5,2,1,2,2,4,Infra & Cloud,Occasionnel,0,3,2,3,1,3,4,4,3,Non,14.000000000000002,427,0.833,0.4,0.0,496.71,3476.97,3.25,2,0,0,0,0,0
41,M,6430,Marié(e),Ressources Humaines,Ressources Humaines,6,10,3,2,1,4,4,3,Ressources Humaines,Aucun,1,2,3,1,2,2,2,3,3,Non,19.0,1027,0.3,0.667,0.333,584.55,3214.98,2.5,2,2,0,0,0,1
40,F,6516,Marié(e),Consulting,Tech Lead,2,18,1,0,1,3,8,2,Infra & Cloud,Occasionnel,0,0,2,3,2,1,2,3,3,Oui,16.0,899,0.056,0.0,0.0,342.95,3257.98,2.0,1,0,0,0,0,0
24,M,3907,Divorcé(e),Consulting,Consultant,1,6,6,2,3,2,29,1,Transformation Digitale,Occasionnel,1,2,2,3,1,1,2,4,3,Non,13.0,449,1.0,0.333,0.167,558.14,3906.96,2.25,1,0,0,0,1,0
46,M,5562,Célibataire,Consulting,Manager,6,19,10,7,0,3,13,4,Infra & Cloud,Occasionnel,0,9,3,3,2,2,4,3,3,Non,14.000000000000002,683,0.526,0.7,0.0,278.1,2780.99,3.0,2,0,0,0,0,1
35,M,6883,Marié(e),Consulting,Tech Lead,2,17,7,7,1,3,27,4,Infra & Cloud,Occasionnel,0,7,4,3,2,3,2,3,3,Non,16.0,949,0.412,1.0,0.0,382.39,3441.48,3.0,2,0,0,0,1,0
30,M,2862,Marié(e),Consulting,Assistant de Direction,1,10,10,0,1,2,16,1,Infra & Cloud,Occasionnel,0,8,2,3,1,4,2,2,3,Non,12.0,307,1.0,0.0,0.0,260.18,2861.97,2.5,2,0,0,0,1,0
47,M,4978,Marié(e),Commercial,Cadre Commercial,7,4,1,0,1,3,2,4,Marketing,Aucun,0,0,3,3,2,2,4,1,3,Non,11.0,493,0.25,0.0,0.0,995.6,2488.99,2.5,1,0,0,0,0,1
46,M,10368,Divorcé(e),Commercial,Cadre Commercial,4,13,10,6,1,5,2,3,Infra & Cloud,Occasionnel,0,3,3,3,3,4,2,2,3,Oui,12.0,1111,0.769,0.6,0.0,740.57,3455.99,2.75,2,0,0,0,0,0
36,M,6134,Divorcé(e),Commercial,Cadre Commercial,5,16,2,2,3,3,13,5,Marketing,Occasionnel,2,2,2,2,2,1,2,3,3,Oui,13.0,706,0.125,1.0,1.0,360.82,3066.98,2.0,1,1,0,0,0,1
32,M,6735,Célibataire,Commercial,Cadre Commercial,6,10,0,0,0,2,1,2,Infra & Cloud,Occasionnel,0,0,1,1,2,2,2,3,3,Non,15.0,878,0.0,0.0,0.0,612.27,3367.48,2.0,1,2,0,0,0,1
23,F,3295,Célibataire,Consulting,Consultant,1,3,3,2,0,3,4,1,Transformation Digitale,Occasionnel,1,2,3,3,1,2,3,1,3,Non,13.0,379,1.0,0.667,0.333,823.75,3294.97,2.25,1,0,0,0,0,0
31,F,5238,Célibataire,Consulting,Tech Lead,2,9,5,4,0,3,24,1,Entrepreunariat,Frequent,1,4,4,3,2,4,4,2,4,Non,20.0,873,0.556,0.8,0.2,523.8,2618.99,3.5,2,1,0,0,1,0
39,M,6472,Marié(e),Consulting,Consultant,1,9,9,8,1,2,1,3,Infra & Cloud,Aucun,5,8,4,3,2,4,4,3,3,Oui,15.0,844,1.0,0.889,0.556,647.2,3235.98,3.75,3,0,0,0,0,0
32,M,9610,Marié(e),Commercial,Cadre Commercial,3,10,4,3,1,2,19,3,Infra & Cloud,Occasionnel,0,2,4,1,3,3,3,1,3,Non,13.0,1106,0.4,0.75,0.0,873.64,3203.32,2.75,1,2,0,0,1,0
40,M,19833,Célibataire,Commercial,Senior Manager,1,21,21,8,0,3,7,4,Transformation Digitale,Occasionnel,12,8,2,3,5,2,2,2,3,Non,14.000000000000002,2436,1.0,0.381,0.571,901.5,3966.59,2.0,2,0,0,0,0,0
45,F,9756,Marié(e),Ressources Humaines,Ressources Humaines,4,9,5,0,2,2,4,3,Infra & Cloud,Occasionnel,0,3,3,1,3,3,3,4,4,Non,21.0,1693,0.556,0.0,0.0,975.6,3251.99,3.25,3,3,0,0,0,0
30,F,4968,Célibataire,Consulting,Assistant de Direction,0,10,9,7,0,2,2,4,Entrepreunariat,Frequent,0,7,4,2,1,1,4,3,3,Non,16.0,685,0.9,0.778,0.0,451.64,4967.95,3.0,1,1,0,0,0,0
24,M,2145,Marié(e),Ressources Humaines,Ressources Humaines,0,3,2,2,1,2,10,3,Transformation Digitale,Frequent,2,1,1,3,1,4,4,3,3,Non,14.000000000000002,263,0.667,1.0,1.0,536.25,2144.98,3.0,1,0,0,1,0,0
30,F,2180,Divorcé(e),Ressources Humaines,Ressources Humaines,6,6,4,2,1,0,8,3,Ressources Humaines,Frequent,1,2,3,2,1,4,3,2,3,Non,11.0,216,0.667,0.5,0.25,311.43,2179.98,3.0,2,1,0,0,0,1
31,M,8346,Marié(e),Commercial,Cadre Commercial,1,6,5,2,1,3,5,3,Entrepreunariat,Occasionnel,0,2,1,3,2,3,3,3,3,Non,19.0,1333,0.833,0.4,0.0,1192.29,4172.98,2.5,1,0,0,0,0,0
27,F,3445,Célibataire,Consulting,Assistant de Direction,1,6,6,2,0,5,8,3,Transformation Digitale,Occasionnel,1,4,3,3,1,4,3,2,3,Non,11.0,341,1.0,0.333,0.167,492.14,3444.97,3.0,2,0,0,0,0,0
29,F,2760,Célibataire,Commercial,Représentant Commercial,1,2,2,2,0,3,9,3,Marketing,Occasionnel,2,2,2,1,1,2,3,3,3,Non,13.0,318,1.0,1.0,1.0,920.0,2759.97,2.5,2,2,0,1,0,0
29,M,6294,Célibataire,Consulting,Manager,8,10,3,2,0,5,1,3,Infra & Cloud,Frequent,0,2,4,4,2,3,4,4,3,Oui,12.0,674,0.3,0.667,0.0,572.18,3146.98,3.75,3,-1,0,0,0,1
30,M,7140,Divorcé(e),Commercial,Cadre Commercial,2,12,7,7,1,2,15,2,Marketing,Occasionnel,1,7,3,2,3,1,1,3,3,Non,11.0,708,0.583,1.0,0.143,549.23,2379.99,2.0,1,1,0,0,1,0
34,M,2932,Marié(e),Consulting,Assistant de Direction,0,6,5,0,3,3,2,4,Transformation Digitale,Occasionnel,1,2,4,4,1,4,1,3,3,Oui,14.000000000000002,360,0.833,0.0,0.2,418.86,2931.97,3.0,1,-1,1,0,0,0
33,F,5147,Célibataire,Commercial,Cadre Commercial,8,13,11,7,0,2,2,3,Marketing,Aucun,1,7,4,3,2,2,4,2,3,Non,15.0,671,0.846,0.636,0.091,367.64,2573.49,3.0,2,0,0,0,0,1
49,F,4507,Célibataire,Commercial,Cadre Commercial,3,8,5,1,0,1,11,4,Marketing,Occasionnel,0,4,4,3,2,4,3,4,3,Non,12.0,483,0.625,0.2,0.0,500.78,2253.49,3.75,3,0,0,0,0,0
33,F,8564,Célibataire,Commercial,Cadre Commercial,2,11,0,0,0,2,16,3,Infra & Cloud,Occasionnel,0,0,1,3,3,1,3,2,4,Oui,20.0,1427,0.0,0.0,0.0,713.67,2854.66,1.75,1,1,0,0,1,0
38,F,2468,Marié(e),Consulting,Consultant,4,9,6,1,1,4,2,2,Transformation Digitale,Frequent,0,5,3,2,1,2,2,2,3,Non,14.000000000000002,303,0.667,0.167,0.0,246.8,2467.98,2.25,2,1,0,0,0,0
31,M,8161,Marié(e),Commercial,Cadre Commercial,2,10,1,0,3,2,16,4,Marketing,Occasionnel,0,0,1,3,3,3,1,3,3,Non,13.0,939,0.1,0.0,0.0,741.91,2720.32,2.0,1,0,0,0,1,0
29,F,2109,Divorcé(e),Consulting,Assistant de Direction,1,1,1,0,1,2,4,3,Entrepreunariat,Occasionnel,0,0,4,2,1,1,3,3,3,Non,13.0,243,1.0,0.0,0.0,1054.5,2108.98,2.75,1,1,0,1,0,0
30,M,5294,Marié(e),Consulting,Manager,3,10,7,0,1,3,16,3,Infra & Cloud,Occasionnel,1,7,3,4,2,3,3,3,3,Non,16.0,730,0.7,0.0,0.143,481.27,2646.99,3.0,3,-1,0,0,1,0
32,M,2718,Célibataire,Consulting,Assistant de Direction,2,12,7,7,0,3,5,4,Entrepreunariat,Aucun,0,7,2,3,1,2,2,3,3,Non,14.000000000000002,334,0.583,1.0,0.0,209.08,2717.97,2.25,2,0,0,0,0,0
38,M,5811,Marié(e),Consulting,Manager,3,15,1,0,1,2,18,3,Transformation Digitale,Occasionnel,1,0,2,1,2,4,3,3,3,Oui,16.0,802,0.067,0.0,1.0,363.19,2905.49,3.0,2,2,0,0,1,0
43,M,2437,Marié(e),Consulting,Assistant de Direction,9,6,1,0,1,4,17,3,Entrepreunariat,Frequent,0,0,3,2,1,3,4,3,3,Oui,16.0,336,0.167,0.0,0.0,348.14,2436.98,3.25,3,1,1,0,1,1
42,M,2766,Divorcé(e),Consulting,Consultant,8,7,5,3,3,6,12,3,Transformation Digitale,Occasionnel,0,4,2,3,1,2,2,2,4,Non,22.0,499,0.714,0.6,0.0,345.75,2765.97,2.0,2,1,0,0,0,1
55,M,19038,Marié(e),Consulting,Directeur Technique,8,34,1,0,3,2,2,3,Transformation Digitale,Occasionnel,0,0,3,2,5,1,2,3,3,Non,12.0,2040,0.029,0.0,0.0,543.94,3807.59,2.25,1,1,0,0,0,1
33,M,3055,Divorcé(e),Consulting,Assistant de Direction,5,11,9,8,2,2,4,3,Entrepreunariat,Aucun,1,7,4,3,2,2,4,2,3,Non,15.0,398,0.818,0.889,0.111,254.58,1527.49,3.0,2,0,0,0,0,1
41,M,2289,Divorcé(e),Consulting,Consultant,1,5,5,3,2,2,9,4,Infra & Cloud,Occasionnel,0,4,3,3,1,1,2,3,4,Non,20.0,382,1.0,0.6,0.0,381.5,2288.98,2.25,1,1,0,0,0,0
34,M,4001,Divorcé(e),Commercial,Cadre Commercial,1,15,15,14,1,3,10,3,Infra & Cloud,Aucun,0,7,4,3,2,3,3,3,3,Oui,14.000000000000002,491,1.0,0.933,0.0,250.06,2000.49,3.25,3,0,1,0,0,0
53,F,12965,Marié(e),Consulting,Tech Lead,4,27,3,2,3,2,1,4,Transformation Digitale,Aucun,0,2,1,2,4,3,4,2,4,Oui,20.0,2161,0.111,0.667,0.0,463.04,3241.24,2.5,1,2,0,0,0,0
43,M,3539,Célibataire,Ressources Humaines,Ressources Humaines,0,10,9,7,0,5,2,3,Infra & Cloud,Occasionnel,1,8,2,3,1,4,2,3,3,Non,13.0,407,0.9,0.778,0.111,321.73,3538.96,2.75,2,0,0,0,0,0
34,F,6029,Célibataire,Commercial,Cadre Commercial,5,6,2,2,0,3,3,2,Infra & Cloud,Occasionnel,2,2,4,1,2,4,1,3,3,Non,12.0,646,0.333,1.0,1.0,861.29,3014.48,3.0,1,2,0,0,0,1
21,M,2679,Célibataire,Commercial,Représentant Commercial,1,1,1,0,0,3,7,1,Marketing,Occasionnel,1,0,2,3,1,2,2,3,3,Non,13.0,308,1.0,0.0,1.0,1339.5,2678.97,2.25,2,0,0,1,0,0
38,F,3702,Marié(e),Consulting,Consultant,1,5,5,4,1,3,6,2,Autre,Occasionnel,0,4,4,2,1,3,2,3,3,Non,11.0,367,1.0,0.8,0.0,617.0,3701.96,3.0,2,1,0,0,0,0
22,F,2398,Marié(e),Consulting,Consultant,1,1,1,0,0,6,8,1,Transformation Digitale,Occasionnel,0,0,3,3,1,1,3,3,3,Oui,17.0,348,1.0,0.0,0.0,1199.0,2397.98,2.5,1,0,1,1,0,0
31,F,5468,Marié(e),Commercial,Cadre Commercial,1,13,12,7,2,3,29,4,Marketing,Occasionnel,5,7,1,2,2,4,1,3,3,Non,14.000000000000002,672,0.923,0.583,0.417,390.57,2733.99,2.25,1,1,0,0,1,0
51,F,13116,Marié(e),Consulting,Senior Manager,2,15,2,2,0,2,3,3,Entrepreunariat,Occasionnel,2,2,1,3,3,3,4,3,3,Non,11.0,1300,0.133,1.0,1.0,819.75,4371.99,2.75,1,0,0,0,0,0
37,M,4189,Marié(e),Commercial,Cadre Commercial,1,5,5,2,2,2,9,2,Marketing,Occasionnel,0,3,2,2,2,2,1,3,3,Non,14.000000000000002,514,1.0,0.4,0.0,698.17,2094.49,2.0,1,1,0,0,0,0
46,M,19328,Divorcé(e),Consulting,Directeur Technique,7,24,2,1,1,3,2,4,Transformation Digitale,Occasionnel,2,2,3,3,5,4,3,3,3,Oui,17.0,2808,0.083,0.5,1.0,773.12,3865.59,3.25,3,0,0,0,0,1
36,M,8321,Marié(e),Consulting,Manager,7,15,12,8,1,1,10,3,Infra & Cloud,Occasionnel,5,7,4,3,3,1,4,3,3,Oui,13.0,957,0.8,0.667,0.417,520.06,2773.66,3.0,1,0,0,0,0,1
44,M,2342,Divorcé(e),Consulting,Assistant de Direction,1,6,5,3,3,2,1,2,Transformation Digitale,Frequent,2,3,3,3,1,2,3,2,3,Oui,12.0,251,0.833,0.6,0.4,334.57,2341.98,2.5,2,0,1,0,0,0
37,M,4071,Divorcé(e),Ressources Humaines,Ressources Humaines,2,19,10,0,0,4,8,2,Autre,Occasionnel,4,7,3,3,2,2,3,2,3,Non,13.0,468,0.526,0.0,0.4,203.55,2035.49,2.5,2,0,0,0,0,0
35,M,5813,Célibataire,Commercial,Cadre Commercial,1,10,10,7,0,2,27,3,Infra & Cloud,Occasionnel,7,7,3,3,2,4,4,3,3,Oui,18.0,887,1.0,0.7,0.7,528.45,2906.49,3.5,3,0,0,0,1,0
33,M,3143,Marié(e),Consulting,Assistant de Direction,6,14,10,8,1,1,8,4,Infra & Cloud,Occasionnel,7,6,4,4,1,1,2,3,3,Non,19.0,502,0.714,0.8,0.7,209.53,3142.97,2.5,1,-1,0,0,0,1
28,M,2044,Marié(e),Consulting,Assistant de Direction,1,5,5,3,1,6,1,3,Infra & Cloud,Occasionnel,0,3,3,3,1,4,3,4,3,Non,11.0,203,1.0,0.6,0.0,340.67,2043.98,3.5,3,0,0,0,0,0
39,M,13464,Célibataire,Consulting,Directeur Technique,7,9,4,3,0,3,10,1,Transformation Digitale,Occasionnel,2,2,3,3,3,3,3,3,4,Non,21.0,2337,0.444,0.75,0.5,1346.4,4487.99,3.0,3,1,0,0,0,1
46,M,7991,Célibataire,Commercial,Cadre Commercial,8,6,2,2,0,3,26,2,Infra & Cloud,Aucun,2,2,2,2,2,2,3,3,3,Non,15.0,1042,0.333,1.0,1.0,1141.57,3995.48,2.5,2,1,0,0,1,1
40,F,3377,Marié(e),Consulting,Consultant,4,7,4,3,1,5,2,2,Infra & Cloud,Occasionnel,0,2,3,3,1,1,4,2,3,Non,17.0,491,0.571,0.75,0.0,422.12,3376.97,2.5,1,0,0,0,0,0
42,M,5538,Marié(e),Consulting,Manager,5,10,0,0,2,2,13,3,Transformation Digitale,Occasionnel,0,0,2,4,2,1,3,2,3,Non,18.0,845,0.0,0.0,0.0,503.45,2768.99,2.0,1,-1,0,0,0,1
35,M,5762,Divorcé(e),Consulting,Tech Lead,2,15,7,7,1,6,2,2,Transformation Digitale,Aucun,1,7,2,3,2,4,3,3,3,Non,14.000000000000002,708,0.467,1.0,0.143,360.12,2880.99,3.0,2,0,0,0,0,0
38,M,2592,Divorcé(e),Ressources Humaines,Ressources Humaines,5,13,11,10,3,3,2,3,Ressources Humaines,Aucun,3,8,1,3,1,2,4,3,3,Non,13.0,298,0.846,0.909,0.273,185.14,2591.97,2.5,1,0,0,0,0,1
34,M,5346,Marié(e),Consulting,Consultant,4,11,7,1,1,3,9,4,Infra & Cloud,Frequent,0,7,4,3,2,1,3,2,3,Non,17.0,777,0.636,0.143,0.0,445.5,2672.99,2.5,1,0,0,0,0,0
37,M,4213,Célibataire,Consulting,Tech Lead,1,10,10,3,0,4,10,4,Transformation Digitale,Occasionnel,0,8,4,3,2,1,2,1,3,Non,15.0,550,1.0,0.3,0.0,383.0,2106.49,2.0,1,0,0,0,0,0
39,M,4127,Divorcé(e),Commercial,Cadre Commercial,2,7,2,1,1,6,20,3,Infra & Cloud,Frequent,2,2,3,3,2,4,4,3,3,Non,18.0,630,0.286,0.5,1.0,515.88,2063.49,3.5,3,0,0,0,1,0
43,M,2438,Célibataire,Consulting,Assistant de Direction,4,7,3,2,0,2,9,3,Infra & Cloud,Aucun,1,2,1,3,1,3,3,2,3,Non,13.0,280,0.429,0.667,0.333,304.75,2437.98,2.25,1,0,0,0,0,0
41,M,6870,Célibataire,Consulting,Manager,3,11,3,2,0,3,5,3,Infra & Cloud,Occasionnel,1,2,2,4,2,2,1,1,3,Non,12.0,736,0.273,0.667,0.333,572.5,3434.98,1.5,1,-1,0,0,0,0
41,F,10447,Divorcé(e),Commercial,Cadre Commercial,0,23,22,14,1,3,4,1,Marketing,Occasionnel,13,5,3,3,3,3,4,4,3,Oui,13.0,1202,0.957,0.636,0.591,435.29,3482.32,3.5,3,0,0,0,0,0
30,F,9667,Célibataire,Consulting,Tech Lead,9,9,7,7,0,3,10,3,Transformation Digitale,Occasionnel,0,2,1,3,3,3,2,3,3,Non,14.000000000000002,1187,0.778,1.0,0.0,966.7,3222.32,2.25,1,0,0,0,0,1
26,F,2148,Marié(e),Ressources Humaines,Ressources Humaines,0,6,5,1,0,3,20,2,Transformation Digitale,Occasionnel,1,4,4,3,1,2,3,3,3,Oui,11.0,213,0.833,0.2,0.2,306.86,2147.98,3.0,2,0,1,0,1,0
46,F,8926,Marié(e),Consulting,Manager,4,13,9,7,1,2,21,2,Transformation Digitale,Occasionnel,3,7,4,3,2,2,4,4,4,Non,22.0,1610,0.692,0.778,0.333,637.57,4462.98,3.5,2,1,0,0,1,0
40,F,6513,Divorcé(e),Consulting,Manager,4,12,5,3,1,3,1,3,Infra & Cloud,Occasionnel,0,3,3,3,2,4,4,3,3,Non,17.0,946,0.417,0.6,0.0,501.0,3256.48,3.5,3,0,0,0,0,0
34,M,6799,Marié(e),Commercial,Cadre Commercial,1,10,10,8,2,5,8,2,Entrepreunariat,Occasionnel,4,8,2,4,2,3,3,3,4,Non,21.0,1180,1.0,0.8,0.4,618.09,3399.48,2.75,2,0,0,0,0,0
58,M,16291,Divorcé(e),Commercial,Senior Manager,4,37,16,9,1,0,2,3,Transformation Digitale,Aucun,14,14,2,3,4,2,4,2,4,Non,22.0,2938,0.432,0.562,0.875,428.71,4072.74,2.5,2,1,0,0,0,0
35,M,2705,Marié(e),Consulting,Consultant,0,6,5,4,1,2,23,4,Transformation Digitale,Occasionnel,0,3,2,1,1,3,2,4,3,Non,16.0,373,0.833,0.8,0.0,386.43,2704.97,2.75,2,2,0,0,1,0
47,F,10333,Divorcé(e),Consulting,Tech Lead,8,28,22,11,1,4,4,3,Infra & Cloud,Occasionnel,14,10,3,2,3,2,3,3,3,Oui,12.0,1107,0.786,0.5,0.636,356.31,3444.32,2.75,2,1,0,0,0,1
40,F,4448,Divorcé(e),Consulting,Manager,2,15,7,4,1,3,12,3,Infra & Cloud,Occasionnel,7,7,2,3,2,1,2,3,3,Non,12.0,477,0.467,0.571,1.0,278.0,2223.99,2.0,1,0,0,0,0,0
54,F,6854,Marié(e),Consulting,Assistant de Direction,4,14,7,1,1,2,7,4,Transformation Digitale,Occasionnel,1,7,4,3,2,4,2,2,3,Non,15.0,894,0.5,0.143,0.143,456.93,3426.98,3.0,2,0,0,0,0,0
31,F,9637,Marié(e),Commercial,Cadre Commercial,2,9,3,2,2,3,7,4,Marketing,Frequent,2,2,1,3,3,1,4,3,3,Non,14.000000000000002,1183,0.333,0.667,0.667,963.7,3212.32,2.25,1,0,0,0,0,0
28,F,3591,Marié(e),Consulting,Assistant de Direction,1,3,3,2,1,3,1,3,Transformation Digitale,Occasionnel,1,2,3,3,1,1,3,3,4,Non,25.0,718,1.0,0.667,0.333,897.75,3590.96,2.5,1,1,0,0,0,0
38,F,5405,Marié(e),Commercial,Représentant Commercial,2,20,4,2,2,4,2,4,Marketing,Occasionnel,0,3,2,1,2,4,1,2,4,Oui,20.0,901,0.2,0.5,0.0,257.38,2702.49,2.25,1,3,0,0,0,0
26,M,4684,Célibataire,Commercial,Cadre Commercial,1,5,5,3,0,4,10,3,Transformation Digitale,Occasionnel,1,2,3,3,2,4,1,3,3,Non,13.0,539,1.0,0.6,0.2,780.67,2341.99,2.75,1,0,0,0,0,0
58,M,15787,Marié(e),Consulting,Directeur Technique,2,23,2,2,0,3,15,4,Infra & Cloud,Frequent,2,2,1,3,4,3,2,3,3,Oui,14.000000000000002,1939,0.087,1.0,1.0,657.79,3946.74,2.25,1,0,0,0,1,0
18,F,1514,Célibataire,Consulting,Assistant de Direction,1,0,0,0,0,4,14,3,Transformation Digitale,Aucun,0,0,2,3,1,3,3,1,3,Non,16.0,209,0.0,0.0,0.0,1514.0,1513.98,2.25,1,0,0,1,0,0
31,M,2956,Marié(e),Ressources Humaines,Ressources Humaines,0,2,1,0,0,4,18,5,Ressources Humaines,Occasionnel,0,0,4,4,1,1,3,3,3,Non,17.0,430,0.5,0.0,0.0,985.33,2955.97,2.75,1,-1,0,0,1,0
29,M,2335,Divorcé(e),Ressources Humaines,Ressources Humaines,4,4,2,2,3,3,13,3,Ressources Humaines,Occasionnel,2,0,1,2,1,1,4,3,3,Oui,15.0,305,0.5,1.0,1.0,467.0,2334.98,2.25,1,1,1,1,0,0
45,F,5154,Marié(e),Commercial,Cadre Commercial,4,10,8,7,2,3,2,4,Infra & Cloud,Aucun,5,7,3,3,2,3,2,4,4,Non,22.0,929,0.8,0.875,0.625,468.55,2576.99,3.0,2,1,0,0,0,0
36,F,6962,Marié(e),Consulting,Assistant de Direction,4,15,1,0,1,2,2,4,Autre,Occasionnel,0,0,4,3,2,2,4,3,4,Oui,22.0,1255,0.067,0.0,0.0,435.12,3480.98,3.25,2,1,0,0,0,0
43,M,5675,Marié(e),Commercial,Cadre Commercial,1,7,7,7,1,5,2,4,Infra & Cloud,Frequent,7,7,1,3,2,4,3,3,4,Non,20.0,946,1.0,1.0,1.0,709.38,2837.49,2.75,1,1,0,0,0,0
27,F,2379,Célibataire,Consulting,Consultant,0,6,5,4,0,3,5,2,Infra & Cloud,Frequent,0,2,4,3,1,4,3,2,3,Oui,14.000000000000002,292,0.833,0.8,0.0,339.86,2378.98,3.25,2,0,1,0,0,0
29,M,3812,Marié(e),Consulting,Consultant,1,11,11,8,0,3,20,1,Transformation Digitale,Frequent,3,10,4,3,1,4,2,4,3,Non,13.0,439,1.0,0.727,0.273,317.67,3811.96,3.5,2,0,0,0,1,0
32,M,4648,Célibataire,Commercial,Cadre Commercial,8,4,0,0,0,2,10,4,Marketing,Frequent,0,0,4,3,2,4,3,4,3,Non,13.0,535,0.0,0.0,0.0,929.6,2323.99,3.75,3,0,0,0,0,1
42,M,2936,Marié(e),Consulting,Assistant de Direction,3,10,6,3,2,1,10,4,Entrepreunariat,Aucun,3,3,3,3,1,3,2,2,4,Non,22.0,529,0.6,0.5,0.5,266.91,2935.97,2.5,2,1,0,0,0,0
47,F,2105,Célibataire,Consulting,Consultant,4,7,2,2,0,2,9,4,Infra & Cloud,Occasionnel,2,0,2,3,1,3,3,3,3,Non,12.0,226,0.286,1.0,1.0,263.12,2104.98,2.75,2,0,0,0,0,0
46,M,8578,Divorcé(e),Consulting,Tech Lead,3,12,9,8,1,4,2,2,Infra & Cloud,Occasionnel,4,7,4,3,3,4,3,2,3,Non,14.000000000000002,1053,0.75,0.889,0.444,659.85,2859.32,3.25,2,0,0,0,0,0
28,M,2706,Divorcé(e),Ressources Humaines,Ressources Humaines,1,3,3,2,1,2,1,2,Infra & Cloud,Aucun,2,2,3,3,1,4,2,3,3,Non,15.0,353,1.0,0.667,0.667,676.5,2705.97,3.0,2,0,0,0,0,0
29,M,6384,Divorcé(e),Consulting,Manager,8,11,7,0,2,3,29,1,Infra & Cloud,Occasionnel,1,6,4,1,2,3,4,3,3,Non,17.0,928,0.636,0.0,0.143,532.0,3191.98,3.5,3,2,0,0,1,1
42,M,3968,Célibataire,Consulting,Consultant,4,8,0,0,0,3,8,3,Infra & Cloud,Occasionnel,0,0,4,3,1,3,4,3,3,Non,13.0,456,0.0,0.0,0.0,440.89,3967.96,3.5,3,0,0,0,0,0
32,M,9907,Célibataire,Commercial,Cadre Commercial,7,7,2,2,0,3,2,4,Marketing,Occasionnel,2,2,3,2,2,2,3,2,3,Oui,12.0,1061,0.286,1.0,1.0,1238.38,4953.48,2.5,2,1,0,0,0,1
46,F,13225,Divorcé(e),Commercial,Cadre Commercial,2,25,19,17,1,5,3,3,Entrepreunariat,Occasionnel,2,8,1,4,4,1,4,3,3,Non,12.0,1417,0.76,0.895,0.105,508.65,3306.24,2.25,1,-1,0,0,0,0
27,F,3540,Marié(e),Commercial,Représentant Commercial,1,9,9,8,1,5,23,1,Transformation Digitale,Occasionnel,5,8,2,2,2,3,4,3,4,Non,21.0,614,1.0,0.889,0.556,354.0,1769.99,3.0,2,2,0,0,1,0
29,M,2804,Marié(e),Ressources Humaines,Ressources Humaines,1,1,1,0,0,3,6,1,Transformation Digitale,Occasionnel,0,0,4,2,1,2,4,3,3,Non,11.0,278,1.0,0.0,0.0,1402.0,2803.97,3.25,2,1,0,1,0,0
43,F,19392,Marié(e),Consulting,Senior Manager,7,21,16,12,0,2,6,3,Transformation Digitale,Occasionnel,6,14,1,2,5,3,4,3,3,Non,13.0,2231,0.762,0.75,0.375,881.45,3878.39,2.75,1,1,0,0,0,1
48,M,19665,Marié(e),Consulting,Directeur Technique,4,29,22,10,0,3,10,3,Infra & Cloud,Occasionnel,12,9,4,2,5,2,4,3,3,Non,12.0,2107,0.759,0.455,0.545,655.5,3932.99,3.25,2,1,0,0,0,0
29,M,2439,Célibataire,Consulting,Assistant de Direction,1,1,1,0,0,3,24,2,Infra & Cloud,Frequent,1,0,4,2,1,4,2,2,4,Oui,24.0,472,1.0,0.0,1.0,1219.5,2438.98,3.0,2,2,1,1,1,0
46,F,7314,Marié(e),Commercial,Cadre Commercial,5,14,8,7,3,2,10,3,Infra & Cloud,Occasionnel,0,7,3,3,3,2,3,3,4,Non,21.0,1269,0.571,0.875,0.0,487.6,2437.99,2.75,2,1,0,0,0,1
27,F,4774,Marié(e),Consulting,Assistant de Direction,0,8,7,6,1,2,15,3,Infra & Cloud,Frequent,7,3,4,2,1,1,4,2,3,Non,19.0,762,0.875,0.857,1.0,530.44,4773.95,2.75,1,1,0,0,1,0
39,M,3902,Divorcé(e),Consulting,Assistant de Direction,8,7,2,2,3,2,19,4,Autre,Occasionnel,2,2,4,3,2,4,2,3,3,Non,14.000000000000002,479,0.286,1.0,1.0,487.75,1950.99,3.25,2,0,0,0,1,1
55,M,2662,Marié(e),Consulting,Assistant de Direction,8,19,5,2,1,2,2,4,Entrepreunariat,Occasionnel,0,4,2,2,1,4,2,4,4,Non,20.0,444,0.263,0.4,0.0,133.1,2661.97,3.0,2,2,0,0,0,1
28,F,2856,Marié(e),Commercial,Représentant Commercial,1,1,1,0,1,3,3,3,Transformation Digitale,Occasionnel,0,0,2,3,1,2,4,3,3,Non,19.0,456,1.0,0.0,0.0,1428.0,2855.97,2.75,2,0,0,1,0,0
30,M,1081,Célibataire,Commercial,Représentant Commercial,1,1,1,0,0,3,9,3,Transformation Digitale,Occasionnel,0,0,2,3,1,4,3,2,3,Non,13.0,124,1.0,0.0,0.0,540.5,1080.99,2.75,2,0,0,1,0,0
22,M,2472,Célibataire,Consulting,Assistant de Direction,1,1,1,0,0,2,7,1,Infra & Cloud,Occasionnel,0,0,4,3,1,2,1,3,4,Oui,23.0,462,1.0,0.0,0.0,1236.0,2471.98,2.5,1,1,1,1,0,0
36,F,5673,Marié(e),Commercial,Cadre Commercial,1,10,10,9,1,4,10,4,Entrepreunariat,Occasionnel,1,7,2,2,2,3,1,3,3,Oui,13.0,653,1.0,0.9,0.1,515.73,2836.49,2.25,1,1,0,0,0,0
31,M,4197,Divorcé(e),Consulting,Consultant,1,10,10,8,1,2,20,3,Infra & Cloud,Occasionnel,0,2,2,3,2,3,1,3,3,Non,11.0,416,1.0,0.8,0.0,381.55,2098.49,2.25,1,0,0,0,1,0
34,M,9713,Marié(e),Commercial,Cadre Commercial,2,9,5,3,3,3,4,3,Infra & Cloud,Occasionnel,1,0,3,3,3,4,4,3,3,Oui,13.0,1117,0.556,0.6,0.2,971.3,3237.66,3.5,3,0,0,0,0,0
29,M,2062,Célibataire,Consulting,Consultant,3,11,3,2,0,2,7,3,Infra & Cloud,Occasionnel,1,2,4,3,1,1,2,3,3,Non,14.000000000000002,253,0.273,0.667,0.333,171.83,2061.98,2.5,1,0,0,0,0,0
37,M,4284,Marié(e),Consulting,Assistant de Direction,5,16,5,3,1,2,7,4,Transformation Digitale,Occasionnel,0,4,4,3,2,1,3,3,4,Oui,22.0,773,0.312,0.6,0.0,252.0,2141.99,2.75,1,1,1,0,0,1
35,F,4788,Marié(e),Consulting,Tech Lead,0,4,3,2,0,2,16,2,Autre,Occasionnel,0,2,4,2,2,2,4,3,3,Oui,11.0,474,0.75,0.667,0.0,957.6,2393.99,3.25,2,1,1,0,1,0
45,F,5906,Marié(e),Consulting,Tech Lead,0,10,9,8,2,2,25,2,Infra & Cloud,Occasionnel,3,8,2,2,2,4,4,2,3,Non,13.0,679,0.9,0.889,0.333,536.91,2952.99,3.0,2,1,0,0,1,0
36,M,3886,Célibataire,Ressources Humaines,Ressources Humaines,1,10,10,1,0,2,2,1,Ressources Humaines,Frequent,0,8,2,2,2,4,4,2,4,Non,21.0,674,1.0,0.1,0.0,353.27,1942.99,3.0,2,2,0,0,0,0
40,M,16823,Divorcé(e),Consulting,Senior Manager,2,22,19,7,1,3,1,4,Infra & Cloud,Occasionnel,11,16,1,3,4,1,1,3,3,Non,11.0,1667,0.864,0.368,0.579,731.43,4205.74,1.5,1,0,0,0,0,0
26,F,2933,Marié(e),Consulting,Assistant de Direction,1,1,1,0,1,3,1,2,Infra & Cloud,Occasionnel,1,0,2,2,1,3,3,2,3,Oui,13.0,337,1.0,0.0,1.0,1466.5,2932.97,2.5,2,1,1,1,0,0
27,F,6500,Célibataire,Commercial,Cadre Commercial,0,9,8,7,0,5,2,2,Transformation Digitale,Occasionnel,0,7,1,4,2,3,2,2,3,Non,14.000000000000002,798,0.889,0.875,0.0,650.0,3249.98,2.0,1,-1,0,0,0,0
48,F,17174,Divorcé(e),Consulting,Senior Manager,3,24,22,17,1,3,22,3,Transformation Digitale,Frequent,4,7,4,3,4,4,2,3,3,Non,11.0,1702,0.917,0.773,0.182,686.96,4293.49,3.25,2,0,0,0,1,0
44,M,5033,Marié(e),Consulting,Manager,2,10,2,0,1,5,1,4,Infra & Cloud,Occasionnel,2,2,2,4,2,1,4,3,3,Non,15.0,656,0.2,0.0,1.0,457.55,2516.49,2.5,1,-1,0,0,0,0
34,M,2307,Marié(e),Consulting,Assistant de Direction,1,5,5,2,1,2,16,4,Entrepreunariat,Aucun,3,0,4,1,1,1,2,3,4,Oui,23.0,431,1.0,0.4,0.6,384.5,2306.98,2.5,1,3,1,0,1,0
56,M,2587,Célibataire,Consulting,Consultant,1,5,4,2,0,3,24,2,Infra & Cloud,Occasionnel,1,0,1,3,1,4,4,3,3,Non,16.0,357,0.8,0.5,0.25,431.17,2586.97,3.0,1,0,0,0,1,0
36,M,5507,Marié(e),Commercial,Cadre Commercial,2,12,4,2,2,1,17,2,Marketing,Occasionnel,1,3,3,2,2,2,3,1,3,Non,16.0,760,0.333,0.5,0.25,423.62,2753.49,2.25,1,1,0,0,1,0
41,F,4393,Marié(e),Commercial,Cadre Commercial,5,14,5,4,1,3,8,3,Marketing,Occasionnel,1,4,3,3,2,2,3,3,4,Non,21.0,762,0.357,0.8,0.2,292.87,2196.49,2.75,2,1,0,0,0,1
42,M,13348,Marié(e),Consulting,Directeur Technique,9,18,13,7,1,3,6,3,Transformation Digitale,Occasionnel,5,7,3,3,3,1,2,4,3,Non,13.0,1536,0.722,0.538,0.385,702.53,4449.32,2.5,1,0,0,0,0,1
31,F,6583,Divorcé(e),Commercial,Cadre Commercial,2,8,5,2,1,2,10,2,Transformation Digitale,Occasionnel,1,4,3,3,2,4,4,3,3,Oui,11.0,652,0.625,0.4,0.2,731.44,3291.48,3.5,3,0,0,0,0,0
34,F,8103,Marié(e),Commercial,Cadre Commercial,3,9,4,2,0,3,3,1,Transformation Digitale,Occasionnel,0,1,4,2,2,4,3,2,3,Oui,12.0,868,0.444,0.5,0.0,810.3,4051.48,3.25,2,1,0,0,0,0
31,F,3978,Divorcé(e),Consulting,Consultant,8,4,2,2,1,0,4,3,Transformation Digitale,Occasionnel,2,2,1,4,1,3,2,2,3,Non,12.0,426,0.5,1.0,1.0,795.6,3977.96,2.0,1,-1,0,0,0,1
26,M,2544,Marié(e),Consulting,Consultant,0,8,7,7,1,3,6,3,Autre,Frequent,7,7,3,4,1,4,1,3,3,Non,18.0,388,0.875,1.0,1.0,282.67,2543.97,2.75,1,-1,0,0,0,0
45,M,5399,Célibataire,Consulting,Manager,4,12,4,2,0,3,1,4,Transformation Digitale,Frequent,0,3,2,3,2,3,3,3,3,Non,12.0,578,0.333,0.5,0.0,415.31,2699.49,2.75,2,0,0,0,0,0
33,M,5487,Célibataire,Commercial,Cadre Commercial,1,10,10,4,0,2,10,4,Marketing,Occasionnel,0,9,2,3,2,3,2,2,3,Non,14.000000000000002,674,1.0,0.4,0.0,498.82,2743.49,2.25,2,0,0,0,0,0
28,M,6834,Marié(e),Commercial,Cadre Commercial,1,7,7,7,1,2,1,2,Infra & Cloud,Frequent,0,7,3,2,2,4,3,3,3,Oui,12.0,732,1.0,1.0,0.0,854.25,3416.98,3.25,3,1,0,0,0,0
29,M,1091,Célibataire,Commercial,Représentant Commercial,1,1,1,0,0,3,24,3,Entrepreunariat,Frequent,0,0,3,4,1,1,4,3,3,Non,17.0,159,1.0,0.0,0.0,545.5,1090.99,2.75,1,-1,0,1,1,0
39,F,5736,Marié(e),Commercial,Cadre Commercial,6,10,3,2,1,1,21,4,Infra & Cloud,Aucun,1,2,1,1,2,3,3,3,3,Non,19.0,916,0.3,0.667,0.333,521.45,2867.99,2.5,1,2,0,0,1,1
27,M,2226,Marié(e),Consulting,Assistant de Direction,1,6,5,3,1,3,2,4,Entrepreunariat,Occasionnel,1,2,2,3,1,2,3,2,3,Non,11.0,221,0.833,0.6,0.2,318.0,2225.98,2.25,2,0,0,0,0,0
34,M,5747,Marié(e),Consulting,Assistant de Direction,1,16,15,10,0,3,22,4,Autre,Frequent,6,11,3,2,2,4,2,3,3,Oui,15.0,750,0.937,0.667,0.4,338.06,2873.49,3.0,2,1,0,0,1,0
28,F,9854,Célibataire,Commercial,Cadre Commercial,3,6,2,0,0,0,13,2,Marketing,Occasionnel,2,2,4,3,2,3,4,3,3,Oui,11.0,977,0.333,0.0,1.0,1407.71,4926.98,3.5,3,0,0,1,0,0
47,M,5467,Marié(e),Consulting,Assistant de Direction,8,16,8,7,1,4,14,4,Entrepreunariat,Aucun,1,7,3,3,2,2,3,4,3,Non,18.0,834,0.5,0.875,0.125,321.59,2733.49,3.0,2,0,0,0,0,1
56,F,5380,Marié(e),Commercial,Cadre Commercial,4,6,0,0,1,3,11,5,Marketing,Occasionnel,0,0,4,2,2,1,3,3,3,Non,16.0,742,0.0,0.0,0.0,768.57,2689.99,2.75,1,1,0,0,0,0
39,M,5151,Marié(e),Consulting,Tech Lead,1,10,10,0,1,3,9,2,Transformation Digitale,Occasionnel,7,9,1,3,2,1,4,3,4,Non,25.0,1030,1.0,0.0,0.7,468.27,2575.49,2.25,1,1,0,0,0,0
38,F,2133,Divorcé(e),Consulting,Assistant de Direction,1,20,20,11,1,3,8,3,Transformation Digitale,Frequent,0,7,4,2,2,2,3,3,3,Oui,16.0,294,1.0,0.55,0.0,101.57,1066.49,3.0,2,1,1,0,0,0
58,F,17875,Marié(e),Commercial,Senior Manager,4,29,1,0,1,2,21,3,Infra & Cloud,Occasionnel,0,0,4,3,4,4,3,2,3,Oui,13.0,2056,0.034,0.0,0.0,595.83,4468.74,3.25,2,0,0,0,1,0
32,F,2432,Célibataire,Consulting,Assistant de Direction,3,8,4,1,0,2,5,2,Infra & Cloud,Frequent,0,3,1,4,1,3,1,3,3,Oui,14.000000000000002,299,0.5,0.25,0.0,270.22,2431.98,2.0,1,-1,1,0,0,0
38,M,4771,Divorcé(e),Consulting,Assistant de Direction,2,10,5,2,2,0,9,2,Infra & Cloud,Occasionnel,0,3,2,3,1,4,4,4,3,Non,19.0,762,0.5,0.4,0.0,433.73,4770.95,3.5,2,0,0,0,0,0
49,M,19161,Marié(e),Consulting,Directeur Technique,3,28,5,4,0,3,2,1,Infra & Cloud,Frequent,4,3,2,3,5,4,4,3,3,Non,15.0,2499,0.179,0.8,0.8,660.72,3832.19,3.25,2,0,0,0,0,0
42,M,5087,Divorcé(e),Commercial,Cadre Commercial,3,14,0,0,2,4,12,4,Marketing,Occasionnel,0,0,2,3,2,4,3,3,3,Oui,12.0,545,0.0,0.0,0.0,339.13,2543.49,3.0,2,0,0,0,0,0
27,F,2863,Marié(e),Ressources Humaines,Ressources Humaines,1,1,1,0,0,2,22,3,Ressources Humaines,Frequent,0,0,1,2,1,2,1,3,3,Non,12.0,307,1.0,0.0,0.0,1431.5,2862.97,1.75,1,1,0,1,1,0
35,M,5561,Marié(e),Commercial,Cadre Commercial,0,6,5,3,1,2,18,4,Transformation Digitale,Occasionnel,0,4,2,3,2,1,4,1,3,Non,16.0,767,0.833,0.6,0.0,794.43,2780.49,2.0,1,0,0,0,1,0
28,M,2144,Célibataire,Consulting,Assistant de Direction,1,5,5,3,0,3,16,3,Transformation Digitale,Aucun,1,4,3,3,1,3,3,2,3,Non,14.000000000000002,263,1.0,0.6,0.2,357.33,2143.98,2.75,2,0,0,0,1,0
31,M,3065,Divorcé(e),Consulting,Assistant de Direction,1,4,4,2,1,3,3,2,Transformation Digitale,Aucun,2,3,3,3,1,1,4,4,3,Oui,13.0,353,1.0,0.5,0.5,613.0,3064.97,3.0,1,0,1,0,0,0
36,M,2810,Marié(e),Consulting,Consultant,1,5,5,4,0,3,9,4,Infra & Cloud,Aucun,0,2,1,4,1,2,2,3,4,Non,22.0,507,1.0,0.8,0.0,468.33,2809.97,2.0,1,0,0,0,0,0
34,M,9888,Célibataire,Commercial,Cadre Commercial,1,14,14,8,0,3,1,3,Marketing,Occasionnel,2,1,1,3,3,4,1,2,4,Non,21.0,1716,1.0,0.571,0.143,659.2,3295.99,2.0,1,1,0,0,0,0
34,M,8628,Divorcé(e),Commercial,Cadre Commercial,1,9,8,7,1,2,13,4,Transformation Digitale,Occasionnel,1,1,4,3,3,3,3,2,3,Non,18.0,1316,0.889,0.875,0.125,862.8,2875.99,3.0,2,0,0,0,0,0
26,M,2867,Célibataire,Consulting,Consultant,0,8,7,7,0,6,1,3,Transformation Digitale,Occasionnel,7,6,3,3,1,1,4,2,3,Non,13.0,330,0.875,1.0,1.0,318.56,2866.97,2.5,1,0,0,0,0,0
29,M,5373,Marié(e),Consulting,Manager,0,6,5,3,1,5,1,3,Infra & Cloud,Occasionnel,0,2,1,3,2,1,1,2,3,Non,12.0,576,0.833,0.6,0.0,767.57,2686.49,1.25,1,0,0,0,0,0
32,F,6667,Divorcé(e),Consulting,Manager,5,9,5,1,1,6,15,4,Transformation Digitale,Aucun,1,2,3,3,2,4,2,3,3,Non,18.0,1017,0.556,0.2,0.2,666.7,3333.48,3.0,2,0,0,0,1,1
31,M,5003,Marié(e),Consulting,Assistant de Direction,1,10,10,8,0,6,1,3,Infra & Cloud,Frequent,8,7,4,1,2,1,2,3,4,Non,21.0,868,1.0,0.8,0.8,454.82,2501.49,2.5,1,3,0,0,0,0
28,M,2367,Divorcé(e),Consulting,Consultant,5,6,4,1,1,2,17,3,Entrepreunariat,Occasionnel,0,3,3,2,1,4,1,2,3,Non,12.0,254,0.667,0.25,0.0,338.14,2366.98,2.5,1,1,0,0,1,1
38,M,2858,Célibataire,Commercial,Représentant Commercial,4,20,1,0,0,3,1,3,Infra & Cloud,Occasionnel,0,0,1,2,1,1,1,2,3,Non,14.000000000000002,351,0.05,0.0,0.0,136.1,2857.97,1.25,1,1,0,0,0,0
35,F,5204,Marié(e),Commercial,Cadre Commercial,1,10,10,8,0,2,7,4,Infra & Cloud,Occasionnel,0,9,3,3,2,4,4,3,3,Oui,11.0,516,1.0,0.8,0.0,473.09,2601.99,3.5,3,0,0,0,0,0
27,M,4105,Célibataire,Commercial,Cadre Commercial,1,7,7,7,0,5,9,3,Marketing,Occasionnel,0,7,4,3,2,4,1,3,3,Non,14.000000000000002,504,1.0,1.0,0.0,513.12,2052.49,3.0,1,0,0,0,0,0
32,M,9679,Célibataire,Consulting,Tech Lead,8,8,1,0,0,1,5,4,Infra & Cloud,Occasionnel,0,0,4,2,2,4,2,3,4,Non,24.0,1873,0.125,0.0,0.0,1075.44,4839.48,3.25,2,2,0,0,0,1
31,M,5617,Marié(e),Commercial,Cadre Commercial,1,10,10,7,0,4,26,4,Marketing,Frequent,0,8,1,3,2,4,3,3,3,Oui,11.0,557,1.0,0.7,0.0,510.64,2808.49,2.75,1,0,0,0,1,0
53,M,10448,Célibataire,Commercial,Cadre Commercial,6,15,2,2,0,2,24,4,Infra & Cloud,Occasionnel,2,2,1,3,3,1,2,2,3,Oui,13.0,1202,0.133,1.0,1.0,653.0,3482.66,1.5,1,0,0,0,1,1
54,F,2897,Marié(e),Consulting,Assistant de Direction,3,9,4,3,2,6,9,2,Infra & Cloud,Occasionnel,2,3,1,3,2,3,3,2,3,Non,11.0,287,0.444,0.75,0.5,289.7,1448.49,2.25,1,0,0,0,0,0
33,M,5968,Divorcé(e),Consulting,Manager,1,9,9,7,3,2,7,2,Infra & Cloud,Frequent,2,8,4,3,2,3,3,3,4,Non,20.0,995,1.0,0.778,0.222,596.8,2983.99,3.25,3,1,0,0,0,0
43,M,7510,Marié(e),Consulting,Manager,1,10,10,9,1,1,11,3,Infra & Cloud,Occasionnel,0,9,1,3,3,3,2,3,3,Non,17.0,1091,1.0,0.9,0.0,682.73,2503.32,2.25,1,0,0,0,0,0
38,M,2991,Marié(e),Ressources Humaines,Ressources Humaines,0,7,6,2,1,2,1,4,Autre,Frequent,1,2,4,3,1,2,2,3,3,Oui,11.0,296,0.857,0.333,0.167,373.88,2990.97,2.75,2,0,1,0,0,0
55,M,19636,Marié(e),Ressources Humaines,Senior Manager,4,35,10,9,1,0,26,4,Ressources Humaines,Occasionnel,1,4,3,4,5,2,1,3,3,Oui,18.0,2995,0.286,0.9,0.1,545.44,3927.19,2.25,1,-1,0,0,1,0
31,F,1129,Divorcé(e),Consulting,Consultant,1,1,1,0,3,4,2,1,Transformation Digitale,Occasionnel,0,0,4,1,1,4,3,3,3,Oui,11.0,112,1.0,0.0,0.0,564.5,1128.99,3.5,3,2,1,0,0,0
39,M,13341,Célibataire,Commercial,Cadre Commercial,0,21,20,8,0,3,15,4,Marketing,Occasionnel,11,10,2,3,4,1,1,3,3,Non,12.0,1429,0.952,0.4,0.55,606.41,3335.24,1.75,1,0,0,0,1,0
42,M,4332,Célibataire,Consulting,Assistant de Direction,1,20,20,9,0,2,23,2,Infra & Cloud,Aucun,3,7,4,2,2,3,4,3,3,Non,12.0,464,1.0,0.45,0.15,206.29,2165.99,3.5,3,1,0,0,1,0
31,F,11031,Marié(e),Consulting,Directeur Technique,4,13,11,7,1,2,10,3,Transformation Digitale,Aucun,4,8,3,3,3,3,3,4,4,Non,20.0,1838,0.846,0.636,0.364,787.93,3676.99,3.25,3,1,0,0,0,0
54,F,4440,Célibataire,Consulting,Tech Lead,6,9,5,2,0,3,10,3,Transformation Digitale,Occasionnel,1,4,3,3,2,1,4,3,3,Oui,19.0,709,0.556,0.4,0.2,444.0,2219.99,2.75,1,0,1,0,0,1
24,M,4617,Célibataire,Consulting,Manager,1,4,4,3,0,2,1,2,Infra & Cloud,Occasionnel,1,2,2,2,2,3,2,2,3,Non,12.0,495,1.0,0.75,0.25,923.4,2308.49,2.25,2,1,0,0,0,0
23,M,2647,Célibataire,Consulting,Consultant,1,5,5,2,0,6,12,2,Autre,Occasionnel,1,4,4,3,1,4,3,4,3,Non,13.0,305,1.0,0.4,0.2,441.17,2646.97,3.75,3,0,0,0,0,0
40,F,6323,Marié(e),Consulting,Consultant,1,10,10,9,1,2,11,3,Entrepreunariat,Frequent,9,4,4,3,2,3,1,4,3,Non,11.0,627,1.0,0.9,0.9,574.82,3161.48,3.0,1,0,0,0,0,0
40,F,5677,Marié(e),Commercial,Cadre Commercial,3,15,11,8,1,4,2,2,Marketing,Occasionnel,5,10,2,3,2,2,3,3,3,Non,14.000000000000002,697,0.733,0.727,0.455,354.81,2838.49,2.5,2,0,0,0,0,0
25,F,2187,Marié(e),Ressources Humaines,Ressources Humaines,4,6,2,0,0,3,2,3,Ressources Humaines,Occasionnel,1,2,3,3,1,2,3,3,3,Non,14.000000000000002,269,0.333,0.0,0.5,312.43,2186.98,2.75,2,0,0,1,0,0
30,M,3748,Marié(e),Consulting,Consultant,1,12,12,8,0,6,1,2,Transformation Digitale,Occasionnel,1,7,4,3,1,2,3,2,3,Non,13.0,431,1.0,0.667,0.083,288.31,3747.96,2.75,2,0,0,0,0,0
25,M,3977,Divorcé(e),Consulting,Consultant,6,7,2,2,1,2,2,1,Autre,Occasionnel,0,2,4,3,1,3,3,2,3,Oui,19.0,635,0.286,1.0,0.0,497.12,3976.96,3.0,2,0,1,1,0,1
47,M,8633,Célibataire,Consulting,Manager,2,25,17,14,0,3,25,3,Transformation Digitale,Occasionnel,12,11,1,3,3,3,2,3,4,Non,23.0,1614,0.68,0.824,0.706,332.04,2877.66,2.25,1,1,0,0,1,0
33,M,2008,Divorcé(e),Consulting,Consultant,1,1,1,1,3,2,1,2,Transformation Digitale,Aucun,0,0,2,2,1,3,3,2,3,Non,12.0,215,1.0,1.0,0.0,1004.0,2007.98,2.5,2,1,0,0,0,0
38,M,4440,Marié(e),Commercial,Cadre Commercial,0,16,15,13,2,3,1,4,Infra & Cloud,Occasionnel,5,8,4,3,2,2,1,3,3,Non,15.0,579,0.937,0.867,0.333,261.18,2219.99,2.5,1,0,0,0,0,0
31,M,3067,Marié(e),Commercial,Représentant Commercial,0,3,2,2,1,1,2,2,Infra & Cloud,Occasionnel,1,2,1,3,1,3,3,3,3,Non,19.0,490,0.667,1.0,0.5,766.75,3066.97,2.5,1,0,0,0,0,0
38,M,5321,Marié(e),Consulting,Tech Lead,2,10,8,3,1,1,6,4,Infra & Cloud,Frequent,7,7,1,2,2,3,4,3,3,Non,11.0,527,0.8,0.375,0.875,483.73,2660.49,2.75,1,1,0,0,0,0
42,M,5410,Divorcé(e),Consulting,Assistant de Direction,6,9,4,3,1,3,18,4,Infra & Cloud,Occasionnel,1,2,4,3,2,1,3,2,3,Oui,17.0,786,0.444,0.75,0.25,541.0,2704.99,2.5,1,0,0,0,1,1
41,M,2782,Marié(e),Consulting,Assistant de Direction,3,12,5,3,1,3,1,3,Infra & Cloud,Occasionnel,1,0,4,3,1,4,1,3,4,Non,22.0,502,0.417,0.6,0.2,214.0,2781.97,3.0,1,1,0,0,0,0
47,F,11957,Marié(e),Consulting,Directeur Technique,0,14,13,8,2,3,1,1,Transformation Digitale,Aucun,5,12,3,3,3,2,1,1,3,Non,18.0,1824,0.929,0.615,0.385,797.13,3985.65,1.75,1,0,0,0,0,0
35,M,2660,Marié(e),Consulting,Consultant,7,5,2,2,1,3,11,4,Transformation Digitale,Occasionnel,2,2,4,3,1,3,3,3,3,Oui,11.0,264,0.4,1.0,1.0,443.33,2659.97,3.25,3,0,1,0,0,1
22,M,3375,Célibataire,Consulting,Assistant de Direction,0,4,3,2,0,2,1,2,Infra & Cloud,Occasionnel,1,2,4,3,1,3,4,4,3,Non,12.0,362,0.75,0.667,0.333,675.0,3374.97,3.75,3,0,0,0,0,0
35,M,5098,Célibataire,Consulting,Assistant de Direction,1,10,10,7,0,5,9,4,Transformation Digitale,Occasionnel,0,8,2,3,2,3,2,3,3,Non,19.0,814,1.0,0.7,0.0,463.45,2548.99,2.5,2,0,0,0,0,0
33,F,4878,Marié(e),Consulting,Manager,0,10,9,7,1,6,15,2,Transformation Digitale,Occasionnel,8,1,2,3,2,4,1,3,3,Oui,13.0,561,0.9,0.778,0.889,443.45,2438.99,2.5,1,0,1,0,1,0
32,F,2837,Célibataire,Consulting,Consultant,1,6,6,2,0,3,29,4,Infra & Cloud,Occasionnel,4,1,3,2,1,2,3,3,3,Non,13.0,326,1.0,0.333,0.667,405.29,2836.97,2.75,2,1,0,0,1,0
40,M,2406,Marié(e),Consulting,Consultant,8,8,1,0,2,3,1,4,Infra & Cloud,Occasionnel,0,0,1,3,1,4,3,2,3,Non,19.0,384,0.125,0.0,0.0,267.33,2405.98,2.5,1,0,0,0,0,1
32,M,2269,Marié(e),Commercial,Représentant Commercial,0,3,2,2,1,2,1,4,Transformation Digitale,Occasionnel,2,2,2,2,1,2,2,3,3,Non,14.000000000000002,279,0.667,1.0,1.0,567.25,2268.98,2.25,2,1,0,0,0,0
39,M,4108,Célibataire,Consulting,Assistant de Direction,7,18,7,7,0,2,24,1,Infra & Cloud,Occasionnel,1,7,1,3,2,4,1,3,3,Non,13.0,473,0.389,1.0,0.143,216.21,2053.99,2.25,1,0,0,0,1,1
38,F,13206,Marié(e),Consulting,Directeur Technique,3,20,18,16,1,3,10,3,Transformation Digitale,Occasionnel,1,11,2,1,3,3,1,3,3,Non,12.0,1415,0.9,0.889,0.056,628.86,4401.99,2.25,1,2,0,0,0,0
32,F,10422,Marié(e),Commercial,Cadre Commercial,1,14,14,10,2,3,1,4,Marketing,Occasionnel,5,7,3,3,3,4,3,3,3,Non,19.0,1664,1.0,0.714,0.357,694.8,3473.99,3.25,3,0,0,0,0,0
37,F,13744,Marié(e),Consulting,Directeur Technique,1,16,16,11,1,2,10,3,Infra & Cloud,Occasionnel,6,8,3,4,3,4,1,3,4,Oui,25.0,2749,1.0,0.687,0.375,808.47,4581.32,2.75,1,0,0,0,0,0
25,F,4907,Divorcé(e),Commercial,Cadre Commercial,0,6,5,3,1,3,8,2,Autre,Occasionnel,0,4,1,3,2,3,2,2,4,Oui,22.0,885,0.833,0.6,0.0,701.0,2453.49,2.0,1,1,1,0,0,0
52,M,3482,Divorcé(e),Commercial,Représentant Commercial,2,16,9,8,2,3,29,4,Infra & Cloud,Aucun,0,0,1,3,1,4,2,2,3,Non,15.0,454,0.562,0.889,0.0,204.82,3481.97,2.25,1,0,0,0,1,0
44,M,2436,Célibataire,Consulting,Assistant de Direction,6,6,4,3,0,2,1,3,Transformation Digitale,Occasionnel,1,2,2,3,1,4,3,3,3,Oui,12.0,261,0.667,0.75,0.25,348.0,2435.98,3.0,2,0,1,0,0,1
21,M,2380,Célibataire,Commercial,Représentant Commercial,1,2,2,2,0,6,5,1,Transformation Digitale,Occasionnel,1,2,3,3,1,1,4,3,3,Oui,11.0,236,1.0,1.0,0.5,793.33,2379.98,2.75,1,0,1,1,0,0
39,M,19431,Célibataire,Consulting,Senior Manager,2,21,6,0,0,3,9,3,Infra & Cloud,Aucun,1,3,4,3,5,4,3,2,3,Non,13.0,2235,0.286,0.0,0.167,883.23,3886.19,3.25,2,0,0,0,0,0
23,M,1790,Marié(e),Commercial,Représentant Commercial,1,1,1,0,1,3,9,3,Marketing,Frequent,1,0,4,3,1,1,1,2,3,Non,19.0,286,1.0,0.0,1.0,895.0,1789.98,2.0,1,0,0,1,0,0
36,F,7644,Marié(e),Commercial,Cadre Commercial,0,10,9,7,2,2,3,3,Transformation Digitale,Occasionnel,3,4,1,2,3,4,3,3,3,Non,19.0,1220,0.9,0.778,0.333,694.91,2547.99,2.75,1,1,0,0,0,0
36,F,5131,Divorcé(e),Consulting,Tech Lead,7,18,4,2,3,3,4,2,Infra & Cloud,Frequent,0,2,4,3,2,2,2,3,3,Non,13.0,590,0.222,0.5,0.0,270.05,2565.49,2.75,2,0,0,0,0,1
56,M,6306,Divorcé(e),Consulting,Manager,1,13,13,12,1,2,1,4,Infra & Cloud,Aucun,1,9,3,3,2,3,1,2,4,Non,21.0,1094,1.0,0.923,0.077,450.43,3152.98,2.25,1,1,0,0,0,0
29,M,4787,Marié(e),Consulting,Assistant de Direction,9,4,2,2,3,3,1,4,Transformation Digitale,Occasionnel,2,2,1,3,1,4,2,4,3,Oui,14.000000000000002,588,0.5,1.0,1.0,957.4,4786.95,2.75,1,0,1,1,0,1
42,M,18880,Marié(e),Consulting,Senior Manager,5,24,22,6,0,2,2,3,Infra & Cloud,Occasionnel,4,14,1,3,5,3,1,2,3,Non,11.0,1871,0.917,0.273,0.182,755.2,3775.99,1.75,1,0,0,0,0,1
56,M,2339,Marié(e),Consulting,Consultant,8,14,10,9,1,4,7,2,Entrepreunariat,Occasionnel,9,8,4,3,1,3,4,1,3,Non,11.0,232,0.714,0.9,0.9,155.93,2338.98,3.0,1,0,0,0,0,1
41,F,13570,Marié(e),Consulting,Tech Lead,0,21,20,7,1,3,28,4,Infra & Cloud,Occasionnel,0,10,1,2,4,2,3,3,4,Non,23.0,2537,0.952,0.35,0.0,616.82,3392.49,2.25,1,2,0,0,1,0
34,F,6712,Marié(e),Commercial,Cadre Commercial,1,8,8,7,2,2,28,3,Marketing,Occasionnel,1,7,4,2,2,3,4,3,4,Non,21.0,1165,1.0,0.875,0.125,745.78,3355.98,3.5,3,2,0,0,1,0
36,M,5406,Divorcé(e),Commercial,Cadre Commercial,1,15,15,12,1,4,15,4,Marketing,Aucun,11,11,4,1,2,4,1,2,4,Non,24.0,1046,1.0,0.8,0.733,337.88,2702.99,2.75,1,3,0,0,1,0
41,M,8938,Divorcé(e),Commercial,Cadre Commercial,2,14,5,4,1,5,3,3,Infra & Cloud,Occasionnel,0,4,3,2,2,2,3,3,3,Non,11.0,886,0.357,0.8,0.0,595.87,4468.98,2.75,2,1,0,0,0,0
32,M,2439,Célibataire,Consulting,Assistant de Direction,1,4,4,2,0,4,2,3,Entrepreunariat,Occasionnel,1,2,4,3,1,1,4,3,3,Non,14.000000000000002,300,1.0,0.5,0.25,487.8,2438.98,3.0,1,0,0,0,0,0
35,F,8837,Célibataire,Ressources Humaines,Ressources Humaines,1,9,9,0,0,2,26,4,Infra & Cloud,Occasionnel,1,7,3,3,3,4,3,3,3,Oui,16.0,1219,1.0,0.0,0.111,883.7,2945.66,3.25,3,0,0,0,1,0
38,F,5343,Marié(e),Commercial,Cadre Commercial,1,10,10,7,1,1,10,2,Infra & Cloud,Occasionnel,1,9,1,3,2,4,3,3,3,Non,11.0,529,1.0,0.7,0.1,485.73,2671.49,2.75,1,0,0,0,0,0
50,M,6728,Divorcé(e),Commercial,Cadre Commercial,7,12,6,3,2,3,1,4,Infra & Cloud,Frequent,0,1,2,3,2,3,4,3,3,Non,12.0,721,0.5,0.5,0.0,517.54,3363.98,3.0,2,0,0,0,0,1
36,F,6652,Marié(e),Commercial,Cadre Commercial,4,8,6,3,1,2,11,4,Marketing,Occasionnel,0,0,2,2,2,4,1,2,3,Non,13.0,765,0.75,0.5,0.0,739.11,3325.98,2.25,1,1,0,0,0,0
45,F,4850,Célibataire,Commercial,Cadre Commercial,8,8,5,3,0,3,20,3,Infra & Cloud,Occasionnel,0,1,4,3,2,3,3,3,3,Non,15.0,633,0.625,0.6,0.0,538.89,2424.99,3.25,3,0,0,0,1,1
40,M,2809,Célibataire,Consulting,Assistant de Direction,2,8,2,2,0,2,2,4,Infra & Cloud,Occasionnel,2,2,3,2,1,3,4,3,3,Non,14.000000000000002,345,0.25,1.0,1.0,312.11,2808.97,3.25,3,1,0,0,0,0
35,M,5689,Marié(e),Consulting,Manager,1,10,10,2,2,2,18,4,Infra & Cloud,Frequent,0,2,3,3,2,3,4,4,3,Oui,14.000000000000002,699,1.0,0.2,0.0,517.18,2844.49,3.5,3,0,0,0,1,0
40,F,2001,Marié(e),Consulting,Assistant de Direction,2,20,5,3,3,2,2,4,Transformation Digitale,Occasionnel,0,2,3,3,1,3,2,3,3,Non,14.000000000000002,246,0.25,0.6,0.0,95.29,2000.98,2.75,2,0,0,0,0,0
35,F,2977,Marié(e),Consulting,Assistant de Direction,1,4,4,3,1,5,1,4,Infra & Cloud,Occasionnel,1,1,3,1,1,4,4,3,3,Non,12.0,319,1.0,0.75,0.25,595.4,2976.97,3.5,3,2,0,0,0,0
29,M,4025,Marié(e),Consulting,Consultant,4,10,4,3,1,2,13,2,Autre,Occasionnel,0,3,4,2,2,2,1,3,3,Oui,13.0,463,0.4,0.75,0.0,365.91,2012.49,2.5,1,1,1,0,0,0
29,F,3785,Célibataire,Consulting,Assistant de Direction,1,5,5,4,0,3,28,4,Transformation Digitale,Occasionnel,0,4,4,2,1,1,2,1,3,Non,14.000000000000002,465,1.0,0.8,0.0,630.83,3784.96,2.0,1,1,0,0,1,0
50,M,10854,Divorcé(e),Commercial,Cadre Commercial,4,20,3,2,1,3,28,3,Marketing,Occasionnel,2,0,4,2,3,1,2,3,3,Oui,13.0,1249,0.15,0.667,0.667,516.86,3617.99,2.5,1,1,0,0,1,0
39,F,12031,Marié(e),Commercial,Cadre Commercial,0,21,20,9,1,2,24,1,Marketing,Occasionnel,9,6,2,2,4,4,1,2,3,Non,11.0,1192,0.952,0.45,0.45,546.86,3007.74,2.25,1,1,0,0,1,0
31,M,9936,Célibataire,Consulting,Tech Lead,0,10,9,4,0,2,5,3,Transformation Digitale,Aucun,1,7,2,3,2,1,2,3,3,Non,19.0,1586,0.9,0.444,0.111,903.27,4967.98,2.0,1,0,0,0,0,0
26,F,2966,Célibataire,Commercial,Représentant Commercial,0,5,4,2,0,2,5,3,Autre,Occasionnel,0,0,4,2,1,3,4,3,3,Non,18.0,452,0.8,0.5,0.0,494.33,2965.97,3.5,3,1,0,0,0,0
36,M,2571,Marié(e),Consulting,Consultant,4,17,5,2,1,3,23,2,Transformation Digitale,Frequent,0,3,3,4,2,4,3,3,3,Non,17.0,374,0.294,0.4,0.0,142.83,1285.49,3.25,3,-1,0,0,1,0
39,M,9991,Marié(e),Consulting,Manager,4,9,7,7,1,5,6,1,Transformation Digitale,Occasionnel,1,7,4,2,3,1,1,3,3,Non,15.0,1303,0.778,1.0,0.143,999.1,3330.32,2.25,1,1,0,0,0,0
27,M,6142,Marié(e),Consulting,Tech Lead,1,6,6,2,1,0,4,3,Infra & Cloud,Occasionnel,0,3,2,4,2,2,2,3,4,Oui,20.0,1024,1.0,0.333,0.0,877.43,3070.98,2.25,2,0,0,0,0,0
49,M,5390,Marié(e),Commercial,Cadre Commercial,2,17,9,6,0,3,2,3,Transformation Digitale,Frequent,0,8,4,2,2,2,4,2,3,Non,14.000000000000002,662,0.529,0.667,0.0,299.44,2694.99,3.0,2,1,0,0,0,0
34,M,4404,Marié(e),Consulting,Consultant,2,6,4,3,0,3,8,3,Transformation Digitale,Occasionnel,1,2,2,4,2,3,1,4,3,Non,12.0,472,0.667,0.75,0.25,629.14,2201.99,2.5,1,-1,0,0,0,0
